:020000040000FA
:10000000809F0020C57A0000B1C20300B17A0000D1
:10001000B17A0000B17A0000B17A0000000000005F
:10002000000000000000000000000000DD7C000077
:10003000B17A000000000000717C0000B17A00007D
:10004000D57F0000D9D00300D57F0000D57F000008
:10005000D57F0000D57F0000D57F0000D57F000050
:10006000A9D00300D57F0000D57F0000C3D00300D6
:10007000D57F0000D57F0000D57F0000D57F000030
:10008000D57F0000D57F0000D57F0000D57F000020
:10009000D57F0000D57F0000D57F0000D57F000010
:1000A000D57F0000D57F0000D57F0000D57F000000
:1000B000D57F0000D57F0000D57F0000D57F0000F0
:1000C000D57F0000D57F0000D57F0000D57F0000E0
:1000D000D57F0000D57F0000D57F0000D57F0000D0
:1000E000D57F0000D57F0000D57F0000D57F0000C0
:1000F000D57F0000D57F0000D57F0000D57F0000B0
:100100009FED197B70B51A4A1A4D002342F2200068
:100110002021A972288185F82130136082F82830C7
:1001200082ED027BAB7385ED067B1C4685F82210C1
:1001300085F8203005F1280202F814300134202C13
:10014000FAD101260C48EE7303F036F90B4B187008
:100150000B4B1C7003F090F9286000F06FFE85F8DF
:10016000236070BDAFF30080FFFFFFFFFFFFFFFFC5
:10017000C80D0020480E0020DD180000F80D0020FA
:10018000C00D00207BB972B90029BEBF00204FF01E
:10019000004106E008BF00281CBF6FF000414FF08F
:1001A000FF3000F057B8ADF1080C6DE904CE00291E
:1001B00009DB002B1ADB03F06BFCDDF804E0DDE962
:1001C000022304B07047404261EB4101002B1BDB6E
:1001D00003F05EFCDDF804E0DDE9022304B04042F8
:1001E00061EB4101524263EB43037047524263EBC0
:1001F000430303F04DFCDDF804E0DDE9022304B025
:10020000404261EB41017047524263EB430303F00C
:100210003FFCDDF804E0DDE9022304B0524263EB69
:100220004303704753B94AB9002908BF00281CBFCF
:100230004FF0FF314FF0FF3000F00CB8ADF1080C7B
:100240006DE904CE03F024FCDDF804E0DDE90223CF
:1002500004B07047704700BF014B1B685B681847CC
:1002600000000020014B1B68DB68184700000020DD
:10027000014B1B681B69184700000020014B1B68DD
:100280005B69184700000020014B1B689B691847F9
:1002900000000020014B1B68DB69184700000020AC
:1002A000014B1B689B6A184700000020014B1B682C
:1002B0001B6B184700000020014B1B68DB6B1847C5
:1002C0000000002010B4034C2468A468A4465DF824
:1002D000044B604700000020014B1878704700BFB6
:1002E000C40F0020042810B511D883B104280CBF16
:1002F00010242824A1420AD2064C54F8200018B138
:1003000041568A42A8BF0A461A70002010BD6FF0FD
:100310001500FBE78009002030B50246114890F92E
:100320001C3093421ADD90F92430934218DAD31A24
:10033000856A0D4CE85C235693420ED00E3400299A
:100340000CBF0346431CA542D8B206D129B1013ADD
:10035000D2B2012A01D80130C0B230BD0D20FCE775
:100360000020FAE780090020084C040008B5054B7E
:1003700093F91C30984203DAFFF7CEFF024B1B566D
:10038000184608BD80090020084C040010B51C4C1C
:1003900094F82C3073B9012384F82C3004F021F840
:1003A00048B1184BA362D823236284F82430082371
:1003B000A361237710BD04F029F80028F1D104F0DF
:1003C0002EF80028EDD103F0F1FF38B10E4BA362F7
:1003D000D823236284F824300423E9E703F0EFFFF5
:1003E0000028F3D103F0F4FF0028EFD104F002F865
:1003F0000028EBD140F2BB11742002F059FF00BF7E
:1004000080090020434C0400164C0400034610B33E
:10041000007888B91A79012A1ED85A79012A1BD87E
:100420009A680E49643A8A4216D8D8680C4B9842AA
:100430002CBF00200120704701280CD11A79012A15
:1004400009D85A79012A06D8DA680449643A8A42F6
:1004500001D89868EAE70020704700BF3C86010099
:100460000040420F10B5054C236813B19847002394
:100470002360BDE8104001F02DBE00BFB009002090
:100480002DE9F8438846074680B300F037F84FF06F
:10049000000905465FFA89F6AE420AD2304600F0FE
:1004A00033F890F8264009F10109002CF2D1FF2E13
:1004B00003D16FF00B00BDE8F883304600F024F85C
:1004C0000546848480F8264080F8286001460A4862
:1004D00001F0A8FF202885F827000AD001232F6209
:1004E00085F82630204688F80060E4E76FF01500B4
:1004F000E1E76FF02200DEE7473F0000014B18798B
:10050000704700BFB4090020054B1A79824283BFAF
:100510001B6800EB400003EB00100020704700BF99
:10052000B409002010B510F003040BD1074A117173
:10053000106030B101EB41010A01214602F0E0FFF9
:10054000204610BD6FF00D00FBE700BFB40900208E
:1005500043F60952C0F3080302FB03F3400A03F514
:10056000807302FB00F000EB5320704743F6095CF8
:10057000C0F3080210B50CFB02F2C0F34E24030EC8
:1005800043EA01230CFB04F0090E02F580724FEAE6
:10059000411C00EB52205A01B2EB030E4CEAD36C23
:1005A0006CEB01044FEA841C4FEA8E12B2EB0E0290
:1005B0004CEA9E6C6CEB040C4FEACC0C4CEA527C7F
:1005C000D200D31841EB0C01DA03C903801841EAC9
:1005D000534141F1000110BD430B48F2376C0CFB55
:1005E00003F34FEA134C00B5104B43F6095E0EFBC4
:1005F0001C0000FB03F35B0D0EFB03FE03EB4C231F
:100600000EF5745C0CF1080CB0EB5C2F08D80EF5FD
:10061000807EA0EB5E20C0B20B6010705DF804FB22
:10062000013300200B6010705DF804FB6F0C0100BB
:10063000F8B5274DA94246D8264E274F450F45EA23
:10064000C105A6FB0514C0F34F31A40B01EB054116
:1006500007FB1411A6FB0151890B41EA04411F4C11
:1006600004FB110448F2376C600B0CFB00F04FEAFE
:10067000104C43F6095E1A480EFB1C4505FB00F0C2
:10068000400D0EFB00FE00EB4C200EF5745C0CF1EF
:10069000080CB5EB5C2F12D80EF5807EA5EB5E2E14
:1006A0005FFA8EFE069D85F800E00D0628184FEAD9
:1006B000112141F10001186059601460F8BD01304A
:1006C0004FF0000EEEE796219B2002F0F1FD00BFF7
:1006D000FF7F841E83DE1B43000024F40080841E01
:1006E0006F0C0100420B48F2376303FB02F2120C5D
:1006F00043F6095C074B0CFB120101FB0333013B82
:100700005B0D0CFB03FC5002B1EB5C2F88BF01308A
:10071000184470476F0C010010B5094A92F8003474
:10072000202B03D15021022002F0C2FD590102EB1F
:100730004313BDE81040525858680421104700BFC9
:10074000C009002008B501B3F0B14FF0FF331A46DD
:10075000E0FB01320E498A4203D971216D2002F07B
:10076000A7FD180D40EA0230C3F30F134FF22441E6
:10077000B0FBF1F203EB0040064B03FB1200B0FBB1
:10078000F1F040EA0240013008BD0846FCE700BF36
:100790003F420F00000024F4014B5888704700BF0F
:1007A000FC0D002010B5EFF3108472B6064A937961
:1007B0000133DBB293719379012B01D103F098FDE2
:1007C00004B962B610BD00BFFC0D002070B50C4C22
:1007D000267866B90125A0602570FFF7E3FF00F0D9
:1007E0004BFA30B94FF080432573C3F8045300200F
:1007F00070BDA368002BFAD09847A660F7E700BF4A
:10080000FC0D002038B5FFF7CDFF00F035FA094C9C
:100810004FF0804540B103F058FD01232B610423C4
:1008200063730023A37338BD032363730123C5F8E7
:100830000433F6E7FC0D002010B5EFF3108472B618
:100840000A4B9A7922B94FF496716D2002F030FD6F
:100850009A79013AD2B29A719A791AB9DB7B0BB9BB
:1008600000F0F8F904B962B610BD00BFFC0D00201D
:1008700008B5054B1A7822B100221A731A70FFF7D7
:10088000DBFF002008BD00BFFC0D002073B51B4D31
:100890002B7F63B9286A00F0030003F043FD30B1F9
:1008A000EFF3108372B66A7B1AB103B962B602B075
:1008B00070BD01226A7303B962B64FF0804308220B
:1008C000C3F808234FF42073ADF80630BDF8064096
:1008D000A4B2631E9BB2ADF80630002CF6D14FF0E7
:1008E00080460748C6F80C4103F042FD85F82540D4
:1008F000FFF788FF0823C6F80433D8E7FC0D002073
:10090000200E00202DE9F041384C94F82630002BC1
:1009100069D04FF08043D3F80071D3F8046157B128
:100920000122C3F80823237B2BB1A368002525737C
:100930000BB19847A5604EB14FF080430022C3F839
:1009400004210222C3F80823FFF7A0FF4FF08046DE
:100950002748D6F80C8194F82550EDB203F00CFD31
:1009600020B140F2C5116D2002F0A2FC47B1637BBB
:10097000032B05D10423637303F0A7FC0123336128
:10098000B8F1000F16D04FF080430022C3F80C21BD
:10099000637B042B02D040F2D711E4E703F048FD5B
:1009A000C0B14FF080430022C3F8342C022363739C
:1009B000FFF742FF4DB1002384F82530637B022B03
:1009C00001D1FFF71FFFFFF737FFBDE8F0410848EF
:1009D00003F0E1BC03F00EFD0028E2D103F01FFD9F
:1009E0000028DED1E2E7BDE8F08100BFFC0D002069
:1009F000200E002010B5044C206A00F0030003F024
:100A000091FC0028F8D010BDFC0D0020F8B505467B
:100A100050B10278042A07D8437842B9013B1F2B12
:100A200002D88378212B07D96FF0150076E0002BD0
:100A3000FAD18378002BF7D1814B0127C3F880705E
:100A4000BFF34F8FBFF36F8F4FF08046C3F88071B5
:100A50007C4C4FF0FF33C6F808330023C6F8003152
:100A6000C6F80431C6F80C31A371AB88A38003F03B
:100A700044FC08B12770A771D6F80C24D6F80C34C2
:100A8000D20303D5DF0701D500F0F0F840F2F553AB
:100A900063802B78A9782377002222622174A273C5
:100AA000042B4ED8DFE803F005033B494B0001233C
:100AB000236203F029FC00284ED003F02CFC236AAB
:100AC00003F00303984247D1AB79002B3ED1FFF7E7
:100AD00091FF237C6BB12B785BB900F0CDF8054614
:100AE00002F02CFC6FF00043002D00F0A580C4E95B
:100AF00005034FF08043D3F80C24D3F80C34D20311
:100B000003D5DB0701D500F0B1F84D4A01230020E1
:100B1000607384F82630C2F880311360F8BDFFF7A7
:100B200041FE4FF08043D3F80C14D3F80C24CE03CD
:100B3000F9D5D007F7D50223BAE7434BB8E7434BC3
:100B4000B6E740F216316D2002F0B2FB4FF0804361
:100B50000222C3F80423BCE74FF080430122DA608D
:100B60000022C3F80421226AC3F8182503F01EFCF2
:100B700010B34FF080534FF08042D3F84432C3F3A8
:100B80004233C2F83C3503F011FC10B34FF0804300
:100B90000122C3F84C254FF0804301229A600222C3
:100BA000C3F80423AA79002A93D1D3F80423910728
:100BB0001CD440F2CD21C6E703F001FC0028D8D1B7
:100BC00003F006FC0028D4D103F014FC0028D0D197
:100BD000D9E703F0F4FB0028D8D103F0F9FB002893
:100BE000D4D103F007FC0028D0D1D4E7184A166905
:100BF000116941F010011161D3F8043106F01006BB
:100C00000BB903F023FC4FF08047D7F8043183B1D0
:100C1000FFF7F0FE26B90E4A136923F010031361A3
:100C20004FF080430222C3F808230022C3F80421B6
:100C30004FE703F009FCE8E7C4E9053059E700BFD6
:100C400000E100E0FC0D00200100020001000300B3
:100C500000ED00E04FF08042012353600023C2F812
:100C60000031014A13707047230E0020014B01220E
:100C70001A707047230E00204FF08043D3F80031E4
:100C800023B9034B187800F0010070470120FAE700
:100C9000230E0020094B4FF0FF32C3F80823002237
:100CA000C3F84025C3F84021C3F84425C3F84421C4
:100CB000C3F84825C3F84821704700BF00800040B2
:100CC000084B094A1B78012B16BF4FF440314FF4F3
:100CD00000310023C2F84813C2F808130BB9C2F858
:100CE00040317047280E002000B0004070B5EFF38F
:100CF000108472B6094A0A4B0025D2F80415D2F8BE
:100D000004612EB1596801315960C2F80451F4E709
:100D10005B6804B962B6C0E9001370BD00B0004062
:100D2000280E0020094BD3F80435C01A20F07F4369
:100D300023F001033BB120F07F40B0F5000F8CBFE2
:100D40000220002070470120704700BF00B0004023
:100D5000104B4FF40062C3F88020BFF34F8FBFF3F6
:100D60006F8FC3F880210C4B01225A609A60D3F830
:100D70000425002AFBD10949C3F808134FF4403178
:100D8000C3F84813C3F84021C3F84421C3F8042131
:100D9000704700BF00E100E000B000400200030027
:100DA00008B5144BD3F8042522F00302C3F8042538
:100DB000D3F8082542F00302C3F80825102292FA5E
:100DC000A2F2B2FA82F2092A04DD0B4840F2913114
:100DD00002F064FAC3F810250122DA60074A92682B
:100DE000C3F80022064B4FF48072C3F880211A60CA
:100DF00008BD00BF00800040ED820400280E0020E6
:100E000000E100E008B50A4B4FF48072C3F880207F
:100E1000BFF34F8FBFF36F8F0649C3F880210120C6
:100E20004860FFF737FF044B086100221A7308BDC2
:100E300000E100E000800040280E002010B5234CA7
:100E40000023FF224FF0FF314FF0FF30C4E90401CF
:100E5000237062736360FFF7D5FFFFF779FF1C4BC8
:100E60004FF400621A60A1691A4A31B90123136074
:100E7000184B0222C3F8042310BD174B1748C3F8C0
:100E8000A805C3F8AC15C3F85C294FF40022C3F8D9
:100E90000425134A0521C2F8401501211160D2F83A
:100EA00040110029FBD04FF40021C3F8081501219F
:100EB0005160D1600021C2F84011C2F84015C3F85A
:100EC000A815C3F8AC15C3F8AC15D1E7280E00205F
:100ED00000E100E000B0004000F00140408100402F
:100EE00000800040014BD3E904017047280E002028
:100EF000014BD3F80405704700B0004013B56846B5
:100F0000FFF7F4FEDDE90004FFF722FB024B0021AE
:100F1000E4FB030102B010BD0080841EB1F1FF3F6D
:100F200008BFB0F1FF3F2DE9F041424C05460E46A7
:100F30003AD1414DD5F800318BB3404E404BC6F805
:100F40000835FFF7BDFE4FF000080123A36084F8C9
:100F50000D80FFF757FFFFF723FF3A4BC5F80081DD
:100F6000394FC6F8A8354FF40023C6F8AC75C6F85B
:100F7000043503F0E8F9D5F800312BB10123C5F8A9
:100F800000817B60FB60F4E7013041F10001022346
:100F9000C4E904012370FF236370BDE8F08103F00E
:100FA000D2F9C51C41F10006D4E90473B34208BF6D
:100FB000AF42F2D0214B224AC3F80825FFF780FE4A
:100FC0001D4A4FF4803125F07F480023C2F80813F2
:100FD0004046C2F84813C2F84031FFF7A3FE20B1E3
:100FE00040F226316C2002F063F9C2F84085C2F865
:100FF00044132378012B06D127F07F473846FFF7AB
:1010000091FE0128FAD0002301276373A760FFF740
:10101000F9FEFFF7C5FE094B27704FF00042C3F8F9
:10102000042504236370044BC4E90456C3F84873D1
:10103000B3E700BF280E002000B0004000F00140E0
:101040000000088000B1004000800040032870B517
:101050002D4B06D9011FC9B201292FD940F2763193
:101060000BE0D3E90441B1F1FF3F08BFB4F1FF3F0A
:1010700006D11B7B23B940F255316C2002F018F9E0
:101080002249234D00F110040123800003FA04F4E7
:10109000C5F808430B5000F1804101F50041D1F83B
:1010A0004005101A022805DDC1F84025C5F80443A3
:1010B000012002E00020C1F8400570BD1C782CB171
:1010C0005B78834202D140F27231D6E7114B124E67
:1010D00022F07F458A0013444FF480348C40002274
:1010E000C6F808432846C6F848431A60FFF71AFEB8
:1010F00040B901F5A87146F82150C6F80443C6F876
:101100004443D5E71046D8E7280E00204080004031
:101110000080004040B1004000B0004008B520B160
:101120004FF461716C2002F0C3F8014808BD00BFA4
:1011300040810040032837B508D9041FE4B2012CD0
:1011400019D940F2CA316C2002F0B2F8234900F1FB
:10115000100201239340C1F8083300F5A873002260
:1011600041F823201E4B81005A5053F82030009341
:10117000009B03B030BD1B4D2B7893B16A7882423F
:101180000FD1194A1949C2F80815012B01D1FFF7EF
:1011900039FE00232B704FF0FF324FF0FF33C5E9CB
:1011A0000423134A4FF48033A340C2F80833C2F833
:1011B000483304F5A87352F82300FFF7B3FD012864
:1011C00018BF0C4B22B24FEA84041CBF00211951F6
:1011D000084B53F822300193019BCAE7008000407E
:1011E00040810040280E002000F0014000000880EF
:1011F00000B0004040B1004010B50A4B0446012247
:1012000010B1C3F8442310BDC3F84823FFF7FAFD1B
:10121000054B4FF0FF304FF0FF31C3E904011C7064
:10122000F1E700BF00B00040280E00201F4A08B5BB
:10123000D2F80433D90311D5D2F8403173B1002369
:10124000C2F84031D2F84005FFF76CFD30B14FF4E1
:101250008033C2F80833042001F044FC134AD2F86A
:1012600004339B0311D5D2F8443173B10023C2F883
:101270004431D2F84405FFF755FD30B14FF4003347
:10128000C2F80833052001F02DFC084BD3F80421E7
:1012900032B10022C3F80421054A53680133536078
:1012A000044B4FF40062C3F8802108BD00B0004039
:1012B000280E002000E100E038B5364C637BFF2BA0
:1012C00064D0237883B10122022B227319D1324BCF
:1012D0004FF40022C3F80825002323704FF0FF329B
:1012E0004FF0FF33C4E904232C4BD3F8042310033D
:1012F0000DD5D3F84C2152B140F20F416C2001F0D2
:10130000D7FF022360782370FFF714FFECE7D3F8D0
:10131000042351030DD5D3F8483153B10220FFF710
:1013200009FF1F4B4FF48072C3F88021022001F0A7
:10133000D9FB1A4BD3F8042392030DD5D3F84431CB
:1013400053B10120FFF7F6FE154B4FF48072C3F83E
:101350008021012001F0C6FB104DD5F80433DB03DA
:1013600016D5D5F840319BB10020FFF7E3FE0C4BBA
:101370004FF48072C3F880210020FF236373A060C4
:10138000C5F80002BDE8384001F0ACBB0620F9E723
:1013900038BD00BF280E002000F001400080004052
:1013A00000E100E02DE9F04F97B01C46CDE90312B3
:1013B000DFF808A38046FFF795FD4FF08042012338
:1013C000C2F80835DAF8002006460F46B848136020
:1013D000082101EB44121318D3E901B100EB441CBE
:1013E00015581C7BDA8906910CF1080C597BDB68D7
:1013F000009201910793BCE80F000DF1380EAEE8A2
:101400000F009CE803008EE8030025F07F40FFF703
:101410009FF8009A531C1C44A64B9842044400F2C7
:1014200037829C4200F3E380002CC0F2C080FFF7BB
:1014300023FC019B012B024608D0DAE90613B3F125
:10144000FF3F08BFB1F1FF3F00F0B6800292FFF707
:10145000A3F940F256339842029A00F0D68040F247
:10146000F553984200F0CE80B0F5C67F00F0C480FE
:1014700000230293002103200591B7F1FF3F08BF2D
:10148000B6F1FF3F1FD0AE4277EB0B03C0F0818077
:10149000B6EB050C67EB0B03BCF5000F73F1000313
:1014A00080F00082A5EB060CBCF1000F33460ADD8C
:1014B0000598002800F0AC809AF8200000280CBFA6
:1014C0000846002000E0434615F1FF39A9EB030C64
:1014D0004BF1FF3184454B4656DB002A41D009933E
:1014E000039B0891B9EB080861EB03020392FFF735
:1014F00053F940F2563C6045DDE90813039A00F0C9
:10150000D48040F2F55C604500F0BD80B0F5C67F48
:1015100014BF09201620804572F1000280F0B980C6
:10152000049A012A00F0CC80059A002A72D1B7F102
:10153000FF3F08BFB6F1FF3F6CD0B6EB090C67EB7D
:101540000102BCF1050F72F1000080F28481BCF150
:10155000010F72F1000317DA39463346059FB14691
:1015600067E0DAE90620B0F1FF3F08BFB2F1FF3FC4
:10157000B5D0AA1A6BEB000C029882427CF10002F3
:10158000ADD2019A012AAAD00026304617B0BDE894
:10159000F08FB5EB060C6BEB0703BCF5000F73F196
:1015A000000381D340F23171702001F081FE04F11B
:1015B000F45404F590243AE700287FF447AF0290F2
:1015C000FFF7EAF840F256339842029A00F04C8155
:1015D00040F2F553984200F01E81B0F5C67F00F04E
:1015E00020810123032011460292059345E704F16F
:1015F000614404F5F7041AE700210D230320029348
:1016000005913AE73223029334E71C23029331E732
:10161000084659E7484605930391FFF77FFC039975
:10162000059B0027B1F1FF3F08BFB9F1FF3F00F074
:10163000348123F07F402A1A22F07F42013AB2F52A
:10164000000FA1D2069B5B191B1A23F07F43B3F551
:10165000000F99D80391FEF77BFF174B0399A4EB7A
:10166000000898453CD3041B9C42C0F0E080114B1D
:10167000984531D89C4240F22981C4F1614404F577
:10168000F704A0462DE03B20804572F10002FFF4F4
:1016900047AF0593019B03915F1E484618BF012782
:1016A000FFF73CFC059B0399BCE7252033E700BF0F
:1016B000C0090020FF7F841E0040420F480E00201A
:1016C000B7F1FF3F08BFB6F1FF3F00F0F5803946A4
:1016D0003346B1460027ACE708F1F45808F59028E6
:1016E00044467D4B93F8283023B9009B1E33A34218
:1016F00080F2A580049B012B04D001200391FFF709
:1017000019FD0399009B4BB1A8EB030201200023B4
:101710000391FFF79BFC0399002854D00023424615
:1017200018460391FFF792FC0399064600284AD019
:10173000019BDAF81820012BDAF81C3000F08480C5
:10174000002F44D1B3F1FF3F08BFB2F1FF3F00F0DB
:1017500098800120FFF750FD9AF82030002B40F0D0
:101760008980009A1932A24280F2A1800024A8EB5D
:10177000020223460220FFF769FC30B1DAF800309C
:101780001C604FF08043C3F80845069B1093079BED
:10179000119300238DF850300A934FF0FF324FF031
:1017A000FF33CDE90E5BCDE90C230AAD0FCD4A4CDA
:1017B0000FC40FCD0FC495E80F0084E80F0030462A
:1017C00017B0BDE8F08F0120FFF7B4FCDCE6B3F101
:1017D000FF3F08BFB2F1FF3F0BD00191FFF72CF89C
:1017E0004FF0FF324FF0FF33CAE906230199002F73
:1017F000B2D0029BB9EB030261F100030520FFF7B1
:1018000025FC00285DD09AF82030002BA9D10123B7
:101810008AF82030A5E73221012335200291059373
:101820002BE60D21012310200291059325E62A4B7A
:1018300093F828306442A046002B7FF45BAF4FF44E
:10184000F261702001F034FDB3F1FF3F08BFB2F147
:10185000FF3FCCD0C1E7484608930391059FFFF7AF
:101860005DFB0399089BDDE61C2101231F200291EB
:10187000059302E60520FFF75DFC00238AF820307F
:101880006FE7FEF78FFF02F05EFDCAE9060160E731
:1018900040F22141702001F00BFD40F27C7170207C
:1018A00001F006FD40F23571702001F001FD40F2BB
:1018B000BA71702001F0FCFC40F2A361702001F0CD
:1018C000F7FC40F22621702001F0F2FC40F65801AE
:1018D000702001F0EDFC00BFC80D00202DE9F04F95
:1018E0008F4F97F8214004EB44033B4483B05E7A6A
:1018F000202E48D08B4BE5B26400002B00F089808D
:10190000894BDFF82C92002B5FD006EB451207EBDA
:10191000420A4FEA45189AF82830013BDBB2052B02
:1019200034D8824A12F803B0BBF1090F2ED0AFF3BE
:101930000080EFF3108372B62C443C449AF82920BF
:101940006272A27AB24204BF2022A27213B9AFF32C
:10195000008062B6B044730107EB480809EB4616F5
:10196000012259F80330706888F8282059469847B2
:1019700097F8214004EB44033B44E5B25E7A202E05
:101980004FEA4404C1D103B0BDE8F08F40F26E616C
:10199000702001F08DFC62B6B044730107EB48087B
:1019A00009EB4616012259F80330706888F82820A0
:1019B0005946984797F8214004EB44033B44E5B26D
:1019C0005E7A202E4FEA4404DDD006EB451207EB89
:1019D000420A4FEA45189AF82830013BDBB2052B42
:1019E000D4D8524A12F803B0BBF1090FCED0AFF3EE
:1019F0000080EFF3108372B62C443C449AF82920FF
:101A00006272A27A964204BF2022A272002BC3D136
:101A1000C1E7454BDFF814B1DFF814A14FF02009FE
:101A2000002B51D006EB451207EB42024FEA451856
:101A300092F82830013BDBB2052BA7D81BF8031026
:101A40000929A3D0EFF3108372B62C443C4492F8DA
:101A500029206272A27A964208BF84F80A90002B6D
:101A600054D0B04407EB480873010AEB4616012234
:101A70005AF80330706888F82820984797F8214072
:101A800004EB44033B44E5B25E7A202E4FEA440463
:101A9000C8D178E762B6B044730107EB48080AEB97
:101AA000461601225AF80330706888F828209847B3
:101AB00097F8214004EB44033B44E5B25E7A202EC4
:101AC0004FEA44043FF45FAF06EB451207EB4202D6
:101AD0004FEA451892F82830013BDBB2052B3FF660
:101AE00055AF1BF8031009293FF450AFEFF31083F3
:101AF00072B62C443C4492F829206272A27A964233
:101B000008BF84F80A90002BC5D1C3E70191AFF359
:101B1000008062B6B044019907EB4808A4E700BF13
:101B2000480E00200000000000000000744C04007B
:101B3000C00900202DE9F04F85B00D4614461F4620
:101B40009DF838B0FEF7CEFD2E686968031947F19D
:101B50000002B342019372EB01030292C0F0CA800B
:101B6000DFF8A891DFF8A8810BEB4B034B440393FC
:101B7000DA46039B1C7A202C3BD040F2F5578C466A
:101B80000FE06B7B012B02D0537D012B56D004EB71
:101B90004A1409EB440494F82940202C29D0D5E9B3
:101BA000006C08EB44124FEA441B91681369D0683B
:101BB0005B1840F100009E427CEB0003E1D240F252
:101BC000563740F2F55608EB0B0C2968AB68DCF889
:101BD00008006A685B1842F100029842DCF80C3099
:101BE00093411AD39CF81530012B02D06B7B012B4B
:101BF00003D0012005B0BDE8F08F411A0091FEF737
:101C0000CBFDB84200993FD0B04228D0B0F5C67F96
:101C100014BF01230E239942EBDA08EB0B032A7C55
:101C2000197E91421FD904EB4A1409EB440494F83D
:101C30002940202CDDD04FEA441BC4E7761AFEF77A
:101C4000ABFD40F25633984220D0B84209D0B0F5EF
:101C5000C67F14BF01230E239E42B0DB97E73323D8
:101C6000D9E73323F8E7D3E902611C695B7DA61944
:101C700041F10001012B0BD0019BB342029B8B4130
:101C800038D3C5E9006174E71D23C4E71D23E3E7EA
:101C90006B7B012BF0D00091FEF77EFD40F25633B6
:101CA000984200992CD040F2F553984226D0B0F5D6
:101CB000C67F14BF01230E239C42DDDAFEF76CFDC4
:101CC00040F2563398421FD040F2F553984219D053
:101CD000B0F5C67F14BF01260E26C344DBF80830DA
:101CE000DBF80C10F618019B41F10001B342029B96
:101CF0008B41C6D2002005B0BDE8F08F3323DBE76F
:101D00001D23D9E73326E8E71D26E6E7480E002025
:101D1000C00900202DE9F047154692F8008092F89E
:101D20000BC0AF7A12891C4686B00023E3602361A2
:101D3000C4E9003327749DF8389084F80DC0064636
:101D4000A3606361E28184F811800F46B8F1000F4F
:101D500042D1FEF70BFCD5E904C24C4BC31841F14C
:101D6000000E9C4572EB0E030AD3013E47F1FF378C
:101D7000C4E900674FF47A73A36006B0BDE8F0874A
:101D8000263041F10001844572EB0103EDD328892F
:101D900001300021844572EB01036AD3BCEB0000E3
:101DA00062EB010104F10C03009303AA04ABFEF7FC
:101DB0003FFC039B6A682889473313441844FEF7A5
:101DC00091FCDDE90432C01A20F07F40C4E9003202
:101DD000A06006B0BDE8F0872D4804A9801A04F180
:101DE0000C02FEF7F9FB2B4B1B78202B24D02A4941
:101DF0000B69D1E90521053342F1000A13EB010813
:101E00004AF1000A6B68227BE0894733104418448A
:101E1000C4E9008AFEF766FC3246A0603B462869AA
:101E2000CDF800902146FFF785FE0028A5D1C4E932
:101E3000006706B0BDE8F087637B16F1090847F13B
:101E4000000A012BDED0FEF717FF0028DAD1FEF7DB
:101E5000A3FC40F2563398420ED040F2F55398421C
:101E60000FD0B0F5C67FCDD116F1160847F1000AA4
:101E7000C8E74046414695E716F1250847F1000AB4
:101E8000C0E716F13B0847F1000ABBE70040420FEC
:101E9000FF7F841EC00D0020C80D00202DE9F047F3
:101EA000374DDFF8E08000EB40032B4406461C7AF8
:101EB0004700FFF71DF84FF0200C4FEA461E08EBD5
:101EC00044110EEB0403D1F808A00A69AAEB00093B
:101ED00029F07F49B9F5000F05EB43030DD812EB4C
:101EE0000A02121A22F07F42B2F5000F05D8BCF1A7
:101EF000200F0BD12046BDE8F08793F82930202B26
:101F0000A4461C46DBD1BCF1200FF3D0BB192B44F7
:101F10000CEB461205EB420293F8088092F8292058
:101F20001A72710144464FF0040E0B1905EB43037E
:101F300022469445204683F828E093F82940F4D1BE
:101F4000BB192B440A4493F80AE0BEF1200F5FFA54
:101F50008EFC18BF8C443E4418BF05EB4C0C05EBBF
:101F60004202354408BF83F809804FF0200318BFB0
:101F70008CF82980A87282F829302046BDE8F087C5
:101F8000480E0020C00900202DE9F0414E4D01EB24
:101F900041032B440C461E7A202E80464FEA41070F
:101FA00041D14A4B0BB1AFF3008002F0CCF995F868
:101FB0002230202B0AD0464BD3E904E210F1020C68
:101FC00041F10003E64572EB030331D3202E0AD022
:101FD00042463346FFF7E6F900283FD085F82260F5
:101FE0000220BDE8F081D5E90623B3F1FF3F08BF29
:101FF000B2F1FF3F1FD195F8203043BB0420FFF71B
:1020000099F802F0AEF90020FFF7F6F829684FF0D2
:102010008042202085F8220000230B600120C2F8B6
:102020000835BDE8F0810846FFF738FF8642B8D092
:102030000020BDE8F081FEF7FFFB4FF0FF334FF0CB
:10204000FF32C5E9062395F82030002BD6D00520B5
:10205000FFF770F8002385F82030CFE73B192B44B9
:1020600006EB441205EB420293F808E092F82920AF
:102070001A72610173460420CA189C4605EB42029D
:10208000664592F8293082F82800F5D13B192B4497
:102090003C44987A2028C2B218BF5218614418BF35
:1020A00005EB420205EB4101254408BF83F809E036
:1020B0004FF0200318BF82F829E085F80AC081F8A4
:1020C00029300020BDE8F081480E0020000000000B
:1020D000C80D00202DE9F04F85B002F034F9C14E53
:1020E0000746884602F03DF9D6E90223B3F1FF3FE7
:1020F00008BFB2F1FF3F05D04FF0FF324FF0FF3382
:10210000C6E9022396F82830ABB94FF40C71B069D8
:10211000FEF718FB33697269B169023342F10002BC
:102120005B1842F10002181842F10002874278EB76
:10213000020380F06381AC4C4FF0FF304FF0FF3171
:10214000FEF7ECFEE37B002B40F04681A74991F8B7
:1021500000B00122BBF1200FE27300F03881202291
:102160000A7084F82220A373336094F8213003EBC3
:10217000430AA2445FFA83F99AF808505B0095423B
:10218000009307D09A4B03EB45102A46407E012866
:1021900000F0C580009BDFF860A203EB0908202D4A
:1021A000A0444FEA491708D04846FFF777FE85421A
:1021B00003D098F80850202DF6D1BAF1000F01D0C5
:1021C000AFF3008002F0BFF894F82230202B09D042
:1021D000D6E9042310F1020E41F1000C724573EBB5
:1021E0000C03E6D3202D38D02B460122FFF7DAF876
:1021F000002859D084F8225007EB0B0304EB43036B
:1022000093F82820022A1DD1009A4A44224406212C
:1022100083F82810917ACBB220291CBFDB1904EB7C
:1022200043035F4418BF83F829B0009B08BF82F8BE
:1022300009B04B44234404EB470783F80AB020233A
:1022400087F82930FF232374009B4B441C44637A96
:10225000202B5DD105B0BDE8F08FD4E90623B3F1A2
:10226000FF3F08BFB2F1FF3F07D0FEF7E5FA4FF09E
:10227000FF324FF0FF33C4E9062394F82030002BDF
:102280003FD10420FEF756FF02F06BF80020FEF766
:10229000B3FF21684FF080420023202084F8220001
:1022A0000B60C2F80835A7E77B1904EB430398F8E5
:1022B000080093F8293088F80830024604211346B4
:1022C000BA1804EB42029D4282F8281092F82920A5
:1022D000F5D198F80A1088F80A30CAB220291CBF34
:1022E000D21904EB42023B4404EB430318BF82F8CB
:1022F00029004FF0200208BF88F8090083F8292040
:1023000057E70520FEF716FF002384F82030B8E7D2
:10231000384B187805B0BDE8F04F01F069B809787E
:10232000202914D0316970694F1DB16940F1000056
:10233000791840F10000019003EB4213D3E9020247
:1023400088420198824128BFC3E9021022E701FBBD
:10235000053191F815C017F1090148F10000BCF1F1
:10236000010F0190E8D0CDE90251FEF785FCDDE9CF
:1023700002211F4B10B19AF80850DDE7CDE9022188
:10238000FEF70AFA40F25635A842029A184B0CD0D2
:1023900040F2F555A84214D0B0F5C67F03990AD093
:1023A000009848442044057AC6E717F1250148F112
:1023B00000000190F4E717F1160148F100000190C8
:1023C000EEE717F13B0148F100000190E8E74FF418
:1023D0003171702000F06CFF40F2C121702000F0DC
:1023E00067FF00BFC80D0020480E0020C00D002070
:1023F000C0090020F80D002000000000074B084A2B
:102400001B78580102EB4313082112585868904773
:1024100040F2B621702000F04BFF00BFC00D00203D
:10242000C009002070B5134C0D460646FEF7E2FACF
:1024300094F8213004F1280CD9B20CEB831C002352
:1024400002E00133202B12D01CF81320D8B2002A4E
:10245000F7D103EB4111084A04EB4104590102EBA7
:1024600043135650012284F828205D6070BD184641
:1024700070BD00BF480E0020C00900201F280AD8E8
:102480000C4991F8213000EB431301EB430393F81F
:102490002820012A01D00020704791F8213000EB5C
:1024A000431301EB43034FF0000C104683F828C0A0
:1024B000704700BF480E002010B5094C04EB4014D3
:1024C000D4E90201FEF752F8227DE38A9B1803F15A
:1024D00001034FF000025241181842EB010110BDF8
:1024E000C00900202DE9F04FB04A536891B0C3F302
:1024F000080303900791002B40F03B8208230693CA
:10250000079B1B78012B00F2DB82DFF8BCB2BBF12A
:10251000000F04D0002140F24350AFF300800023AD
:10252000DFF8A8A2DFF8A88204930124BBF1000F12
:1025300004D000214FF4AA60AFF3008024B99C4B73
:102540000BB1AFF3008062B69AF82130DBB205938D
:102550004FF000028AF81020069A002A40F0AD8061
:102560009946BBF1000F04D0002140F26450AFF354
:10257000008001F0E8FE059B0093079A0AAB044631
:10258000FFF7C8FBBBF1000F04D0002140F26C50F4
:10259000AFF30080039B03EB49130AEB43034FEABD
:1025A000491693F82830013B012B00F28480DDE9C5
:1025B0000A3224F07F441D1B25F07F4121F00101E8
:1025C000002940F0D580039A09EB49035344B2181F
:1025D000997A0AEB4202042082F8280020294FEA67
:1025E00049020992CAB200F001823244039B0AEB0D
:1025F000420282F829301A46099B4B445344164440
:102600000AEB46069A72202386F8293000230493A9
:102610000125BBF1000F04D0002140F27150AFF34F
:102620000080644B0BB1AFF30080EFF310863446AB
:1026300072B69AF81030002B7FF478AF039B0AAF84
:1026400008EB43140FCF08340FC497E8030084E865
:102650000300A5B1069B002B00F0B281049B23B1BF
:10266000554B1B78202B00F0F1819AF82130DB4389
:1026700003F001038AF82130FF238AF8103026B9CD
:102680004B4B0BB1AFF3008062B6BBF1000F04D02F
:1026900000214FF4B560AFF30080002D53D1BBF1A2
:1026A000000F04D0002140F2B450AFF30080284660
:1026B00011B0BDE8F08F0025ABE7059A3F4B551CE4
:1026C00005F0010503EB821E03EB851C17B2BEE883
:1026D0000F00ACE80F00BEE80F00ACE80F00BEE84A
:1026E0000F00ACE80F009EE80F00A9468CE80F0031
:1026F0002EB2BBF1000F04D0002140F2DE30AFF368
:1027000000802F4B07EB470706EB4606DA19D95B2B
:102710009278995333449A70BBF1000F0CD000218A
:1027200040F2E230AFF30080BBF1000F04D0002193
:1027300040F25A50AFF300809AF81030002B7FF42B
:10274000F5AE05950DE79AF8213003EB43035344AA
:102750005B7A202BA3D0BBF1000F04D0002140F204
:10276000AF50AFF30080174B187800F041FE96E7AA
:1027700025F07F45B5F5000F3FF625AF0C99C91838
:102780000C1B24F07F44B4F5000F3FF61CAF09EB9F
:10279000490151440C7A4FEA4901202C099100F07B
:1027A0003A812021944604911A4627E000ED00E08A
:1027B0000000000000000000C00D0020700E00208E
:1027C000500E0020F80D002000000000480E0020F0
:1027D000C00900209DF83510012903D0417D012951
:1027E00000F0B18033190AEB430393F82930202B12
:1027F00000F02081DDE90A2C04941C4608EB44100B
:10280000650187680169C368C91943F1000E8A42EE
:102810007CEB0E03DED213466246049F0C9908EB54
:102820000500C918D0F808C042F100028C45C16803
:1028300071EB020275D3427D012A03D09DF8352049
:10284000012A59D0049B9F4200F0DF80202F00F026
:102850003C81049B202B06EB07030AEB430393F810
:10286000292000F02481049BF3180AEB430393F81A
:10287000294083F8292022460520B3180AEB430398
:1028800011468F4293F8292083F82800F5D1099B3F
:102890004B445344987A202808BF5C72099B4B44F0
:1028A000C1B253441CBF89190AEB41019F72039BBB
:1028B00018BF81F82940F318F1190AEB43030AEB1A
:1028C0004101202081F8290083F82920049B8342BC
:1028D00000F0A7801C4634440AEB4404039B84F8B0
:1028E000293000230493039B1E440AEB460603236E
:1028F00086F8283001258CE6ACEB03030893FDF73E
:102900004BFF40F256339842089B55D040F2F552A7
:1029100090424DD0B0F5C67F14BF01220E229A42DC
:1029200090DD45449DF838302A7E9A424FD93319BC
:102930000AEB4303274693F82940202C61D0DDE9B8
:102940000A3265016AE7D71BFDF726FF40F25633CE
:10295000984233D040F2F55398422BD0B0F5C67F61
:1029600014BF01220E22BA427FF73CAFDDE90A32E2
:1029700053E7103B59B200293BDB01F1604101F5FF
:10298000614191F800335B090693002B7FF4B8ADE9
:10299000534B1B78202B00F09D80079B1B780693E0
:1029A000002B3FF4B2AD40F23C51702000F080FCAF
:1029B0003322B4E73322D6E71D22B0E71D22D2E747
:1029C000FF238AF81030002E7FF45FAE58E6099B93
:1029D000039A4B445344B218997A0AEB42020420FA
:1029E000202982F82800CAB27FF4FFAD039A5A72F8
:1029F00002E603F00F03043B13441B7E5B090693BE
:102A0000C3E7049B9F427FF424AF202B11D1099B85
:102A10004B4453441C7A039BF3180AEB430383F89B
:102A20002940099B039A4B4453441A72012304938F
:102A300059E71C4633190AEB430393F82920039BFB
:102A4000F3180AEB430383F8292044E70599022091
:102A5000FFF79AFA00287FF408AE9AF82130039F16
:102A600003EB4301514407EB43128C7A0AEB420219
:102A70000420202C82F82800DDB24FEA4312E0B295
:102A80004FEA430319D011180AEB410181F829706C
:102A900039462B4453440A440AEB420299722023DC
:102AA000049D82F82930002E7FF4EFADE8E5099B04
:102AB0004B4453441C7A1A72DDE64F723946E8E7FC
:102AC0004FF4A861702000F0F3FB4FF4E871702020
:102AD00000F0EEFB40F23951702000F0E9FB00BF3E
:102AE000C00D002070B506280DD8DFE800F01C529C
:102AF000040C0C740D00B14A4FF0804112680123A0
:102B0000C1F80835136070BDAD4D2B78202B00F057
:102B10009180AC4C5A0104EB4313A2585868BDE8AD
:102B2000704005211047A54CD4E90623B3F1FF3FBF
:102B300008BFB2F1FF3F00F0D080A34E0120FEF7A6
:102B40005BFB737F012B04D0FEF796F8002800F0A2
:102B500030819B4D2B78202B00F09B80FF23A373AB
:102B6000D6E90223B3F1FF3F08BFB2F1FF3F05D022
:102B70000520FEF76BFA002800F016812B78914AA9
:102B8000590102EB4313BDE87040525858680121C7
:102B900010478B4D2B78202B00F0A6808A4E737F38
:102BA000012B04D0FEF768F8002800F0F380834C76
:102BB000D4E90623B3F1FF3F08BFB2F1FF3F61D074
:102BC0002B78804A590102EB4313BDE870405258FC
:102BD000586800211047794C94F820307BB1D4E933
:102BE0000623B3F1FF3F08BFB2F1FF3F00F0A28020
:102BF0000120FEF701FB002384F8203070BD704DEA
:102C00002A78202A00F09D806F4E4FF0FF324FF05F
:102C1000FF33C6E90223A37B002B00F0B6802B789C
:102C2000684A590102EB4313BDE870405258586896
:102C300006211047614890F8213003EB430101441D
:102C4000DAB20B7A202B00F0AA8003EB421200EBE1
:102C5000420292F829400C72FF210174022182F88D
:102C60002810584C58492B700022C27381F8282034
:102C700004EB4312127E002A7FF44CAF00F002FFF7
:102C80002B7847E7FDF78EFD01F05DFBC4E90601F7
:102C900096E794F82130DAB203EB43032344197A20
:102CA00020297CD001EB421204EB420292F8290069
:102CB0001872FF232374434B297003EB4111002347
:102CC000097EE37386F82830022382F82830002931
:102CD0007FF444AF00F0D6FE40E7FDF763FD01F05E
:102CE00032FBC4E9060128E7344A92F8213003EBAD
:102CF00043001044DBB2017A202950D001EB43138A
:102D000002EB430393F829400472FF201074022061
:102D100083F828002B4B297003EB41112A4E097EC2
:102D20000023D37386F8283000297FF438AF00F0F1
:102D3000A9FE34E7FDF736FD01F005FBC4E9060105
:102D400056E794F82120D1B202EB42022244107AD5
:102D5000202824D000EB411104EB410191F82960B7
:102D60001672FF222274174A287002EB4010164E8A
:102D7000027EE37386F82830022381F82830002A87
:102D80007FF443AF00F07EFE3FE740F243617020E6
:102D900000F08EFA40F25161702000F089FA40F2A2
:102DA0004721702000F084FA40F22F61702000F07B
:102DB0007FFA40F22961702000F07AFA480E002074
:102DC000C00D0020C0090020C80D002070B5284BA0
:102DD0001A78202A86B045D0264CD4E90213B3F1E4
:102DE000FF3F08BFB1F1FF3F37D1234D05EB42153F
:102DF0000646D5E90201FDF7B9FB2B7DEA8AD21818
:102E000002F101024FF0000C4CEB0C0C93194CF149
:102E1000000C18180DF10B034CEB0101009303AAF1
:102E200004ABFDF705FC9DF80B20DDE904310F2A0A
:102E300094BF002201229B1841F10001C4E9023134
:102E40000E4B9B7B13B9012006B070BDD4E9022361
:102E50000520FEF7FBF806B070BD40F62F0170208C
:102E600000F026FA40F62E01702000F021FA00BF93
:102E7000C00D0020C80D0020C0090020480E002011
:102E800038B5234B93F800E0BEF1200F3AD0214D26
:102E900095F8213095F821C003EB43032B445FFAEA
:102EA0008CFC1B7A202B1FD01B4C4FEA4C1C06E0DD
:102EB000634405EB430393F82930202B14D004EB33
:102EC0004312117E8142F3D804EB4E14D4E902136D
:102ED00020694018D2E9021243F10003814272EBEB
:102EE000030304D2002038BD4FF0FF3038BD0B4B38
:102EF000081A1C68FDF72CFB04F132038342F1D859
:102F0000001B38BD40F66801702000F0D1F900BF09
:102F1000C00D0020480E0020C0090020C80D002070
:102F20002DE9F04F8D4B1E7887B0202E019000F0D8
:102F300010818B4F8B4D97F82130286803EB4303AA
:102F40003B440DF113021C7A019B18442B69039337
:102F50008946AB69029305A9FDF73EFB019A824BB6
:102F6000323A9A4261D8DFF80882059B696908EB1A
:102F70004616B2689B1832699B182A699B1A23F07F
:102F80007F40B0F5000F50D897F821A0AB61202CFE
:102F900085F820905FFA8AFA18BF4FF0200B00F0F6
:102FA000CB8008EB441C9B18DCF8080041F10001C1
:102FB0009842DCF80C308B414FEA44164ED39CF813
:102FC0001530012B02D06B7F012B32D00520FEF78C
:102FD000B1F897F821104FF0FF324FF0FF33BBF1FB
:102FE000200FC5E90223C9B240F0A48001EB4101E2
:102FF000394420240B7A594A97F82110127802EBB1
:10300000411207EB420282F829302B68019A1344DF
:103010002B60FF233B74202C40D0544B187800F0D9
:10302000E7F9002007B0BDE8F08F012007B0BDE848
:10303000F08FA0EB0209FDF7AFFB40F25633984248
:1030400020D040F2F55398421AD0B0F5C67F14BF95
:1030500001230E234B45B9DD95F820904644337E7D
:103060004B4511D904EB4A1307EB430393F829307E
:10307000202B17D0A346D5E904211C46AB6990E765
:103080003323E7E71D23E5E7DDE902312A695B1811
:103090009B1A0220AB6107B0BDE8F08F002007B09B
:1030A000BDE8F08F0520FEF745F84FF0FF324FF0F6
:1030B000FF3397F82110C5E90223C9B201EB4103A0
:1030C0003B4404EB411207EB420293F808A092F84C
:1030D00029201A724FEA410C480153464FF0050867
:1030E00000EB030E07EB4E0E1A4694421E468EF876
:1030F00028809EF82930F3D10CEB010EBE446144C8
:103100009EF80A90B9F1200F5FFA89F818BF804441
:103110003944024418BF07EB480807EB42028E729D
:103120004FF0200114BF88F829A08EF809A082F87A
:10313000291060E75C46C1E70520FDF7FBFF97F823
:1031400021104FF0FF324FF0FF33C5E90223C9B21F
:103150004CE74FF40961702000F0AAF8C00D002080
:10316000480E0020C80D0020CE3F420FF80D002071
:10317000C0090020BFF34F8F0549064BCA6802F40F
:10318000E0621343CB60BFF34F8F00BFFDE700BF8A
:1031900000ED00E00400FA05094B01225A604FF0EF
:1031A000FF32C3F80823074B4FF48042C3F8802056
:1031B000BFF34F8FBFF36F8FC3F88021704700BFFD
:1031C00000E0004000E100E0094B01225A604FF0AE
:1031D000FF32C3F80823074B4FF48052C3F8802016
:1031E000BFF34F8FBFF36F8FC3F88021704700BFCD
:1031F00000C0004000E100E0084B0022C3F8FC2FB3
:103200000122C3F8FC2F064B0222C3F88020BFF333
:103210004F8FBFF36F8FC3F88021704700100040BD
:1032200000E100E0F8B51B4E337805460C46174622
:103230006BBBFDF7ABF8184B7760002D08BF1D4640
:1032400028463472FFF7D8FFFFF7BEFFFFF7A4FF51
:10325000FDF7DCFB0546C0B9FCF752FFFDF7CAFBE2
:10326000FDF714FB00F077FF002C0CDB04F01F02CD
:103270006409A40004F1604404F56144012393400F
:10328000C4F880312360012333702846F8BD4FF025
:10329000FF35FAE7F00E00207A4C040008B572B64C
:1032A000024B5B6803B19847FFF764FFF00E002004
:1032B0001FB572B6134B5D688DB9FFF75BFFB2FBAC
:1032C000F6F2DCB20133002AF9D104F110036B44A9
:1032D00003F80C2C0A2234B901A8A847EDE70246EE
:1032E00000230A26EDE7631E04AEDCB256FA83F330
:1032F000B0FBF2F602FB1600303003F80C0C30463F
:10330000E9E700BFF00E0020074B93F90830002BCF
:1033100009DB5A09012103F01F0301FA03F34032CC
:10332000024941F822307047F00E002000E100E031
:10333000014B1878704700BFF00E00201B4B4FF474
:10334000805270B5C3F88020BFF34F8FBFF36F8FEB
:10335000174D184C0021C5F80011C3F880212669CB
:10336000236943F0100323610123C5F8043306F0F9
:1033700010062B60D5F80031A3B11EB9236923F0E4
:10338000100323610A4B0122D3F808055A60C3F8E1
:1033900008230022C3F80021044B4FF48052C3F8E5
:1033A000802170BD01F050F8E4E700BF00E100E0CB
:1033B00000C0004000ED00E038B50C490246052091
:1033C000431ED8B2FF2803D148216920FFF770FFC0
:1033D00001EBC0031D7905F0FF04002DF0D141F889
:1033E000302001225C719C711A7138BD000F0020E1
:1033F000042808B503D958216920FFF759FF094B64
:1034000003EBC0000379012B01D05921F4E7437984
:1034100082790133DBB29A4218BF4371BDE808409C
:10342000FFF772BF000F002070B5124C0625002672
:10343000013D15F0FF0500D170BD94F8281004EB94
:10344000C1031A79012A09D158799A79904205D095
:103450005A79D2B29A7154F83130984794F828309A
:103460000133DBB2042B94BF84F8283084F8286041
:10347000DEE700BF000F002008B500F097FF70B92D
:1034800000F09DFF58B900F0A3FF40B900F0B2FF73
:10349000044A054B002808BF1346184608BD024BD6
:1034A000FBE700BF00E701400C05004008B500F055
:1034B000A1FF08B3EFF3108072B6104A13691169C7
:1034C00041F010011161A2F5406203F01003D2F83F
:1034D0000011D2F804210A4300D040BF20BF00BF32
:1034E00000BF00BF00BF23B9044A136923F01003D3
:1034F000136100B962B608BD20BFFCE700ED00E033
:103500002DE9F04184075FFA81FE5FD0002A59D08F
:10351000034601E0002A55D003F801EB990702F1B8
:10352000FF32F7D14EEA0E24032A44EA04443ED97E
:10353000151FAE08172D06F10106C3F3800147D908
:103540009846002940D048F8044B771A03EB810CC9
:1035500079080CEBC101CCE900440CF1080C614581
:10356000F9D127F0010C08EB8C016745CCEB8C7886
:1035700005EB880517D02F1F032F0C6013D9A5F179
:103580000807032F4C600ED9A5F10C07032F8C60A0
:1035900009D9A5F11007032FCC6004D9143D032DE0
:1035A0000C6188BF4C6102F0030203EB86034AB151
:1035B000013A83F800E005D0012A83F801E018BF42
:1035C00083F802E0BDE8F0811546BEE70346A9E7AF
:1035D00019461546CFE700BF014B1B681B6818470B
:1035E00044000020014B1B685B6818474400002022
:1035F000014B1B689B68184744000020014B1B6867
:103600001B6918474400002038B504201E4CFFF702
:1036100037FC2568854228BF054604212846FFF768
:103620007FFC20B1012820D040F2451108E023683A
:10363000E068AB420DD1FFF7C9FB20B940F225117C
:103640006B20FFF735FEE268236822611344E360D4
:1036500038BD05446089E5600123281A2375FFF70A
:10366000B5FB60B940F22F11EAE763892075E06885
:10367000C01AFFF7ABFB10B94FF49E71E0E7628907
:10368000E3689B1A2361E3E7300F002008B50C4B79
:103690001A7802F0FF0312B15A1E1A4203D0E02139
:1036A0006B20FFF705FE19B1034207D1E521F7E7CB
:1036B00023EA00039B0601D1E921F1E708BD00BF21
:1036C0004800002008B50D4B01221A764FF0827297
:1036D0001A621A68DA615A689A62094A93F83000E5
:1036E0000221117003F11801FEF7FCFE20B94FF41E
:1036F00083716B20FFF7DCFD08BD00BF300F002099
:103700004800002070B5EFF3108572B6264C94F88F
:1037100031600023012E84F8313006D0022E1DD0F6
:10372000002E3BD185F3108870BD85F3108894F886
:10373000323003F0FF0123B14FF4A9716B20FFF782
:10374000B7FD1420FFF7A2FF184B84F832601B78F6
:10375000012BE9D1BDE87040FFF7B4BF94F83220E7
:1037600012B940F26311E9E7104984F832300B785E
:10377000023BDBB21E2B0ED8012202FA03F30C4AE5
:103780001342CFD144F20402134204D020230B7021
:10379000FEF7A0FCC6E740F27F11CFE785F3108863
:1037A00040F2A511CAE700BF300F002048000020FA
:1037B0004100004070B5144C94F8335025B14FF4DB
:1037C00022716B20FFF774FD104B84F832500126F4
:1037D0001E700F4B0F484FF4C852C4E900230E4B24
:1037E000A360FFF7E9FD294684F834000B48FEF793
:1037F00019FE202884F8300002D140F29721E0E73A
:1038000084F8336070BD00BF300F002048000020F6
:10381000FF3F420F053700000500B7009139000057
:1038200008B5104B93F8332022B940F2F7216B20F2
:10383000FFF73EFDEFF3108172B693F8312022B10D
:10384000012A0DD040F20731F1E7022283F831203E
:1038500001B962B693F83400BDE80840FFF7C8BD6F
:103860000022F3E7300F00200B4B93F8333010B5F4
:1038700023B940F216316B20FFF71AFDEFF31084E5
:1038800072B6064B1A78102A03D108221A70FEF776
:1038900021FC04B962B610BD300F002048000020A2
:1038A00070B5174B1B78042B27D1164D2B7D1BB9F8
:1038B0006B892868C01A70BD00F0FCFC10F11E0472
:1038C00095F8300041F10006FEF7F6FD2B691B1854
:1038D00041F100019C4276EB01004FF000020CD256
:1038E000181B4FF0FF3361EB0601834272EB0103BB
:1038F000E1D2A7216B20FFF7DBFC0020DBE700BF54
:1039000048000020300F002038B5144C94F83330B4
:1039100023B94FF433716B20FFF7CAFCEFF3108526
:1039200072B694F8313023B1022B0DD040F2DF2172
:10393000F1E7012384F8313005B962B694F8340018
:10394000BDE83840FFF754BD054B1B780022042B1F
:1039500084F83120F0D11BF027F8EDE7300F00207C
:103960004800002008B5094B19781029CAB207D0C1
:10397000202A05D0042A04D110221A701BF024F842
:1039800008BD4FF4E2716B20FFF792FC4800002065
:1039900070B50C46FDF7ACFA611E06294AD8DFE87F
:1039A00001F00453532823665F0001210220FFF732
:1039B0006DFE314B314A93F8321079B10421117008
:1039C0001A68DA6000221A7593F83130022B01D0A0
:1039D0001AF0EAFFBDE87040FFF716BE202313700F
:1039E000BDE87040FEF776BB4FF404716B20FFF723
:1039F0005FFC214C94F83230E3B1204B1B78042B50
:103A000019D100F057FC064694F830000D46FEF739
:103A100053FD227D012A0BD12269121841F10003C6
:103A2000964275EB030303D3BDE87040FFF79ABFDE
:103A30000DF06EF870BD124B0222C3F88020BFF368
:103A40004F8FBFF36F8FF5E701210220FFF71EFEB6
:103A5000094B93F8323033B1BDE87040FFF732BE06
:103A600001212820F2E7054B01221A70E2E7024B00
:103A70001B7D012BAED1D7E7300F0020480000207E
:103A800000E100E0014B01229A777047680F0020A7
:103A90002DE9F04786468C460846089E1546744632
:103AA0001946002B40F0C2808542B2FA82F245D915
:103AB0004AB1C2F1200300FA02FC2EFA03F395404A
:103AC00043EA0C0C94404FEA154EA8B2BCFBFEF83A
:103AD000230C0EFB18CC08FB00F943EA0C43994574
:103AE00028D9EB1808F1FF3704D2994502D9A8F17B
:103AF00002072B44A3EB0903A4B2B3FBFEFC0EFBAD
:103B00001C330CFB00F044EA0344A04214D92C19E6
:103B10000CF1FF3304D2A04202D9ACF102032C44D1
:103B2000241A43EA07401EB1D44000233460736076
:103B3000BDE8F0874746DDE76346F1E792BB431BEC
:103B400001214FEA154EAFB2B3FBFEFC200C0EFB79
:103B50001C330CFB07F840EA0343984562D9EB1885
:103B60000CF1FF3004D2984502D9ACF102002B448D
:103B7000A3EB0803A4B2B3FBFEFC0EFB1C330CFB4F
:103B800007F744EA0344A7424ED92C190CF1FF333E
:103B900004D2A74202D9ACF102032C44E41B43EA4D
:103BA0000040C0E7C2F1200320FA03F195409040A5
:103BB0002EFA03F303434FEA154EAFB2B1FBFEFCFE
:103BC0000EFB1C10190C0CFB07F841EA004188455C
:103BD00004FA02F422D969180CF1FF3004D28845A6
:103BE00002D9ACF102002944A1EB08019BB2B1FB60
:103BF000FEFC0EFB1C110CFB07F743EA01439F423E
:103C00000ED9EB180CF1FF3104D29F4202D9ACF16E
:103C100002012B44DB1B41EA004192E76046E3E7E7
:103C20006146F7E76046A3E76346B7E7834206D9F4
:103C300016B9002108467BE7C6E900E0F9E7B3FAC8
:103C400083F78FB9834201D3724508D8BEEB0204D3
:103C500060EB030301209C461EB9002168E738464B
:103C6000FAE7C6E9004CF8E7C7F1200CBB4022FA9E
:103C70000CF41C432EFA0CF120FA0CF3B84001436B
:103C80004FEA14490EFA07F5B3FBF9F81FFA84FE60
:103C900009FB18300B0C08FB0EFA43EA00439A4567
:103CA00002FA07F240D9E31808F1FF3004D29A452E
:103CB00002D9A8F102002344A3EB0A0389B2B3FBA3
:103CC000F9F809FB183308FB0EFE41EA03418E4563
:103CD0002CD9611808F1FF3304D28E4502D9A8F11E
:103CE0000203214443EA0040A0FB0298A1EB0E012D
:103CF0004145CE46434602D306D14D4504D2B9EBE9
:103D0000020E68EB04030138002EA6D0B5EB0E02BC
:103D100061EB030101FA0CFC22FA07F34CEA0303FE
:103D2000F940C6E9003198E74046C5E74346D9E780
:103D3000FCF72CBB70B5841A04F307040E4660B27E
:103D400059B21546FCF712FB0023307028447370FB
:103D500040B270BD37B5A0F10B04E0B20F28154694
:103D600003D94F216420FFF7A3FA0DF103030A469C
:103D700001460420FCF7B6FA034608B15821F1E7E2
:103D800004EB840404F665149DF90300A2B201A9B2
:103D9000FCF798FA9DF804302B709DF805306B7095
:103DA00003B030BD002303607047002070474FF020
:103DB000FF3070474FF0FF3070477047704700206A
:103DC00070474FF0FF307047002070470020704769
:103DD0000023037070470022FFF7ACBF002070473C
:103DE0004FF0FF3070474FF0FF3070474FF0FF301B
:103DF0007047C0B2704738B5054691F827000C46A9
:103E0000FEF73CFB18B9D3216A20FFF751FA0023D3
:103E1000A38484F826300921236A2846984718B1DC
:103E200003780BB1D721EFE738BD426808B50346E8
:103E300011441A785960012AA1F1500006D1FEF709
:103E4000C5FF40B9B7216A20FFF732FAFEF7BEFF7F
:103E500008B9BC21F7E708BDF8B504460E4619B904
:103E6000012384F829303CE00D78032DF8D8DFE8F1
:103E700005F03A0212154868C72802D800252846DE
:103E8000F8BD0421FFF74CF80028F7D171682046EF
:103E9000FFF7CBFFF3E7FCF7E5FAF0E790F82470C3
:103EA000FFB94D682846FCF7B1FA0028D8D0297828
:103EB000D9B9012222702B792181003B18BF01233F
:103EC000E3726B79002B0CBF02230423A372AB684F
:103ED00060336360EB682361032384F8263084F841
:103EE0002520FCF7BFFA0225C9E794F82630052BF8
:103EF00004D040F277116A20FFF7DAF927702B79A6
:103F000094F827002781003B18BF0123E3726B79E7
:103F1000002B0CBF02230423A372EB68A968603353
:103F20006360D4E906325B1842EBE172C4E9043203
:103F3000042384F826302146FEF7D4FA0028D0D195
:103F400040F27911D7E770B50D46044620B940F22A
:103F500091116A20FFF7ACF990F82860082900F267
:103F6000F080DFE811F0EB000900410041007C0027
:103F700086009000A900970090F82630033B012BA3
:103F800002D94FF4CE71E4E7052390F8241080F8AD
:103F90002630002380F8293011BBFFF746FF237835
:103FA000012B18D194F82700FEF786FAC4E9060120
:103FB000236A00213046984701462046FFF74CFF10
:103FC000022820D0002800F0BF80012840F0BF80E8
:103FD000236A0421EEE7D4E90423C4E90623E7E7D2
:103FE000BDE87040FCF73EBA90F82630DA1E012A90
:103FF00002D94FF4DD71ACE790F8242072B101468C
:104000003046FFF7F8FE002D40F0A48000F054F990
:10401000002800F09F8040F22E219AE7042B0CBF6D
:1040200002230123022980F82630036A0CD10521DE
:1040300030469847002800F08D800378002B00F070
:10404000898040F2CF1184E7062130469847002846
:10405000D9D00378002BD6D04FF4EA7179E790F8E5
:104060002630052B02D040F2DB1172E7036A0221F1
:10407000A0E790F82630052B02D040F2E11168E766
:10408000036A012196E790F82630052BA8D040F26C
:10409000E7115EE790F82630052B02D04FF4F67159
:1040A00057E7036A0A213046984701462046FFF742
:1040B000D3FE40F2EF114CE790F82630052B07D0E5
:1040C00090F825200AB1032B02D040F2F31140E70B
:1040D00094F824202AB121463046BDE87040FFF70D
:1040E0008ABE94F8293073B1022384F8263084F80C
:1040F0002920236A08213046984758B303784BB3E8
:1041000040F2FF1125E794F8252052B194F82700DA
:1041100084F825302146FEF7E5F9D8B94FF401714E
:1041200017E7022384F826300721236A3046984790
:1041300080B1037873B140F20B210AE74FF40471A8
:1041400007E74FF4057104E7236A032132E740F2E1
:104150002521FEE670BD70B5FCF7D0F900240546B8
:104160002646E0B2854200D870BDFCF7CDF9013497
:10417000868480F82660F4E7F8B504460D46FCF71F
:10418000BDF900270646F8B2864204D8082D0CD99E
:104190006FF0150008E0FCF7B7F990F8263001370A
:1041A000002BF0D04FF0FF30F8BD2CB1294620464F
:1041B000BDE8F840FCF7B6B921462046F8E738B527
:1041C0000546FCF7A1F9014688B190F824408CB966
:1041D00090F8263073B1013B012B04D82846FFF735
:1041E0000AFE204638BD012380F82430F9E76FF03D
:1041F0000100F7E76FF02200F4E770B50D46FCF719
:1042000083F9044600284AD090F82660731E012BDB
:104210004BD8002D46D02846FCF7F8F8002841D0AE
:104220002A7802BB012323702B792281003B18BF1F
:104230000123E3726B79002B0CBF02230423A372CA
:10424000AB6860336360EB682361032394F8270055
:1042500084F826302146FEF745F948BB4FF42B7110
:104260006A20FFF725F8022E1FD1002222702B7939
:1042700022819B1A18BF0123E3726B79934218BF06
:104280000426A672EB68A96860336360D4E906323D
:104290005B1842EBE172C4E904320423D6E76FF005
:1042A000010070BD6FF01500FBE76FF02200F8E72A
:1042B0000020F6E7FCF722BE08B50020FCF72EFF31
:1042C0000068003818BF012008BD08B500F0B0F83C
:1042D00028B14FF080430222C3F8342C08BD00F00F
:1042E00089F80028F5D100F09AF80028F1D1F5E717
:1042F0004FF0804301221A6070474FF08043D3F89B
:10430000080400F0010070474FF08043D3F8140414
:1043100000F0010070474FF08043D3F81C0400F018
:10432000030070474FF08042D2F81834D2F81824B6
:1043300013F4803305D002F003031B1A584258418E
:1043400070471846704707B56846FCF7CFFCDDE9B3
:1043500000024FF080730021E2FB030103B05DF81F
:1043600004FB08B5FCF7ACFCBDE80840FCF792BCC8
:104370000023037018467047EFF3108272B603787B
:104380000121DBB2017002B962B6012B0CBF6FF0E4
:10439000220000207047EFF3108372B600220270F3
:1043A00003B962B600207047FFF73EB84FF0805364
:1043B000D3F83001A0F10F035842584170474FF035
:1043C0008053D3F83001A0F10A0358425841704796
:1043D0004FF08053D3F83001A0F10E0358425841FA
:1043E00070474FF08053D3F83001A0F110035842CA
:1043F000584170474FF08053D3F83001062803D05E
:10440000431C584258417047012070474FF0805379
:10441000D3F83001A0F10D035842584170474FF0D6
:104420008053D3F83001A0F1080358425841704737
:1044300008B5FFF7C4FF30B14FF08053D3F8340113
:10444000B0FA80F0400908BDFFF730B8FFF72EB88A
:1044500000280CBF6FF01500002070470020704747
:10446000072303700020704700207047002070472A
:1044700010B50446FFF714FAA04294BF00200120B3
:1044800010BD0000000000002DE9F04F87B0039040
:10449000274FBB68029304AA5B68002138469847FF
:1044A00000283BDBDDE9044A224BDFF88C80A4FBCB
:1044B00003B503FB0A5529461BA3D3E9002358463D
:1044C000FBF7B0FE4FF0FF39D94578EB05050646FE
:1044D00024D3039A42F210735A431346FF22B3FBCC
:1044E000F2F34FF47A725343A3FB045403FB0A44E0
:1044F00021460DA3D3E900232846FBF793FEA945E7
:1045000078EB0404034609D3864207D301220092C4
:10451000029A0021146838463246A04707B0BDE829
:10452000F08F00BFAFF3008000CA9A3B000000008C
:10453000D04A040080969800FFC99A3B0000000012
:104540002DE9F04F9FB08246039116461C46002588
:10455000307810B9284600F089BD731C25280693D1
:1045600006D00399D0470028C0F2808501352CE29F
:104570001822002110A837F036FF7378252B7ED043
:104580000023701C98469E469C461F46014610F824
:10459000012B2B2A00F0A68000F29D80202A00F03B
:1045A000A480232A00F0A4802BB19DF8483043F06A
:1045B00040038DF84830B8F1000F05D09DF8483021
:1045C00043F020038DF84830BEF1000F05D09DF870
:1045D000483043F010038DF84830BCF1000F05D08F
:1045E0009DF8483043F008038DF848302FB19DF80E
:1045F000483043F004038DF848309DF8483003F00C
:104600004400442803D16FF386138DF848309DF899
:1046100048302A2A43F080038DF8483040F08480E7
:104620009DF8492042F001024B1C8DF849201A7870
:104630002E2A9DF849200CBF0121002161F341027F
:104640008DF849207CD15A782A2A72D00133002271
:104650004FF00A0C194611F8010BA0F13007092F91
:1046600040F2B3809DF848101492C1F3400040EA34
:10467000D2700A4660F341028DF8482060E0B21C17
:1046800006928DF84B309DF849209DF84A30D707A7
:1046900003F0070040F1548154F8041B04910029F1
:1046A00008DA9DF8481041F004018DF8481004998B
:1046B00049420491510740F14B8154F8047B002F8B
:1046C00080F24A819DF849206FF341028DF849201C
:1046D0004FF0FF3740E12D2A0DD0302A7FF464AF30
:1046E000012353E74FF0010C50E74FF0010E4DE767
:1046F0004FF001084AE7012748E70EFB0272303A03
:104700000346184610F8017BA7F1300CBCF1090FE5
:10471000F3D999428BD09DF848101392D20F62F3CF
:1047200041018DF8481082E70B4600224FF00A0E37
:10473000E7E79DF8492042F004028DF84920023352
:104740001A786C2A61D045D8682A4BD06A2A65D07D
:104750004C2A6BD013F8012B0693782A8DF84B2046
:1047600000F2AD806D2A6ED8692A00F2A880572A1F
:1047700000F28880412A04D0A2F14503022B00F206
:104780009E809DF84A3002F0DF020421A2F1410828
:1047900061F30203D8F100029DF849108DF84A3008
:1047A00042EB080262F3C7110A068DF84910CBB23A
:1047B00000F1C48003F07802182A40F0AE806FF355
:1047C000C6038DF8493000239DE00CFB0202303A0D
:1047D0000B463FE7742A25D07A2ABBD19DF84920A1
:1047E00006210CE05A78682A9DF8492006D101215B
:1047F00061F3C6028DF849200233ABE7022161F371
:10480000C6028DF849200133A4E75A786C2A9DF836
:10481000492001D10421EBE70321F0E79DF849206D
:104820000521ECE79DF849200721E8E7BDF848207D
:1048300022F4F04222F0020242F4804242F00202EC
:10484000ADF84820DFE76E3AD3B201229A4040F239
:1048500082431A429DF8493038D112F0240F60D1BA
:10486000D1072CD59DF84A2003F07803A3F1400C22
:10487000032161F30202DCF100038DF84A2043EBCF
:104880000C0340E0A2F15801C9B2012000FA01F185
:1048900011F4624F7FF475AF40F6010319429DF8A1
:1048A000493019D111F4043F09D09DF84A2060F332
:1048B000020203F07803402B8DF84A2083D19DF843
:1048C000483043F001038DF848307CE79DF84A20DA
:1048D000022161F30202ECE79DF84A10022003F086
:1048E000780360F30201402B8DF84A1002BF9DF857
:1048F000481041F001018DF84810632A7FF463AF3E
:10490000003B18BF01239DF84820C2F340010B4330
:1049100063F341028DF84820B5E613F0380FCED18D
:1049200051E79DF84A20032113F0780F61F302024A
:104930008DF84A2014BF01230023E4E70123E2E7B6
:104940009DF948100029B4BF13994FF0FF31B0E62C
:1049500097077FF5BDAE149F00220428CDE91322EE
:104960009DF8492007D1900705D49DF949100029E9
:10497000ACBF06270D2703F00703012BC2F3C302C8
:1049800033D1D31E042B04D8DFE803F0214646219F
:1049900021002368012A4FEAE371CDE910311CD1CF
:1049A0009DF94030D917CDE9103104349DF84830D5
:1049B0000793990750D0069B03993246504637F02B
:1049C0003CF80028C0F252830544069EC0E554F826
:1049D000043BD917CDE91031E8E7022AE5D119B235
:1049E00043F3C033CDE91013DFE7022B24D1D31EEC
:1049F000042B04D8DFE803F0181010181800012A5F
:104A000054F8043B4FF0000114D0022ACDE91031D4
:104A1000CCD19BB21093C9E7073424F00704F4E823
:104A20000201CDE91001C1E754F8043B10930023C3
:104A30001193BBE7DBB2CDE7042B08D1073424F098
:104A40000704D4E900010834CDE91001AEE7032BD7
:104A5000ACD154F8043BDDE79DF84BB0BBF1780FC7
:104A6000B3D8BBF1570F49D8BBF1250F00F09080A8
:104A7000BBF1240FA9D9BBF1410F03D0ABF1450223
:104A8000022AA2D8DDE91012002AC0F23581079B64
:104A90001E0700F13481C3F300194FEA4919C2F32C
:104AA0000A50C2F31302002840F02C8151EA02069A
:104AB00014BF01260026D20242EA5152C902BBF1BC
:104AC000460F40EA010E42EAE07C08BF4FF0660B59
:104AD0005EEA0C0CCDE90C1200F09681002E40F03D
:104AE00043810D9A42F00042A0F2FE380D92002060
:104AF000DDE90C1206464FF0050C4FE1ABF1580111
:104B000020293FF662AF01A050F821F0974C000039
:104B1000CB490000CB490000CB490000CB49000045
:104B2000CB490000CB490000CB490000CB49000035
:104B3000854A0000CB4900001B4C00002F4C0000B0
:104B4000854A0000854A0000854A0000CB490000E4
:104B50002F4C0000CB490000CB490000CB4900009E
:104B6000CB490000D14C0000974C00009D4C000048
:104B7000CB490000CB490000974B0000CB49000017
:104B8000974C0000CB490000CB490000974C000037
:104B900003995846E6E4002F109E3ADB394630462A
:104BA00037F03AFC3718002E3FF40FAF4FF00009F2
:104BB0009DF84A3013F01002059200F04C8202304A
:104BC00013F04003DDF84C80089318BF149BCDF818
:104BD0001C80404418BFC018049B002B40F3568231
:104BE0009DF848201B1A04935307C2F3800B00F171
:104BF0004D82500640F13D82B9F1000F07D0039974
:104C00004846D0470028C0F231820135D9463022CB
:104C100030E2304637F0A2FBC4E7109B8DF85C30E1
:104C20004FF000090DF15D0717AE0120C0E7079BAB
:104C30001A0758BFC3F30019DDE9102354BF4FEA28
:104C400049194FF02B09002B06DA524263EB43035C
:104C5000CDE910234FF02D090DF175030093DDE927
:104C6000100117AB12AA36F0A2FE0646002F0CDB8D
:104C70009DF848200DF175039B1B6FF386129F4230
:104C80008DF8482001D9FB1A1393002E3FF49DAEF6
:104C90000DF1750756E04FF00009DDE71098002888
:104CA00000F0D4810DF17503009312AA17AB002117
:104CB00036F07DFEBDF84A3003F0EF0343F4F043D5
:104CC00043F010030646ADF84A304FF00009CDE737
:104CD000109B072A3FF679AEDFE802F00C04060CC1
:104CE00008080C0C1D7070E61D806EE6EA17C3E91B
:104CF00000526AE61D6068E64FF02D09CFE64FF0DE
:104D00002B09CCE640F2FF76B0422AD10A43ABF140
:104D100041031ED11A2B35BF492369234E216E2131
:104D200034BF462266228DF85C309DF848308DF8FD
:104D30005D106FF386138DF85E208DF848300DF10D
:104D40005F0717AEB81BB9F1000F3FF431AF013068
:104D50002EE7192B8BBF6E234E23612141211A466A
:104D6000E1E70026A7E6013849185241002AFADA9D
:104D7000CDE90C12B5E6490841EAC2715208B2F118
:104D8000333F404608F10108F5D20CFB02FEA1FBBF
:104D90000C1200F102087244013E012018F1020FCA
:104DA000E9DB08B1CDE90C12B8F1000FDDE90C2107
:104DB0002DDCC8F10400A0F1200C08F11C08C24051
:104DC00001FA08F821FA0CFCC1400BF0DF0042EABE
:104DD0000802472842EA0C023AD1F01C01DBB74234
:104DE0002BDAABF10203002F5FFA83FB7DDD9DF828
:104DF0004800830607F1FF3777D43B1E18BF012315
:104E0000059307F101082DE04FF000086FE602322C
:104E100041F100010CA8CDE90C2136F099FDDDE946
:104E20000C2108F1FF38013692184941002908F198
:104E3000FF38F9DACDE90C21B6E79DF8483098063D
:104E4000A7EB06074FD43B1E18BF0123059304E0D0
:104E50000023BBF1660F0593D3D117EB06084FF083
:104E6000660B44D4B8F1100FA8BF4FF010089FEDA7
:104E7000B27B8DED0E7B10200B90DDE90E03B8F1B7
:104E8000000F37D1121841EB0301B1F1805F41D21D
:104E9000CDE90C21079BBBF1660F03F0200240F027
:104EA000B480002E41DC30218DF85C10002A65D1E1
:104EB000002F40F3B2812E228DF85D2086B1724220
:104EC000BA42A8BF3A469DF84A101392002AA7EBAF
:104ED0000207D4BF0022012262F345118DF84A1067
:104EE0000DF15E0839E00023B0E7002388E74FF0BA
:104EF0000008BCE7400840EAC3705B08CDE90E0338
:104F00000EA8CDE9082108F1FF3836F021FDDDE9D2
:104F10000821B2E7520842EAC1720CA84908CDE95B
:104F20000C21013636F014FDB4E70DF15C080B9945
:104F3000002909DD0BA90CA8079236F021FD013EDE
:104F400008F8010B079AF2D113969AB9002F40F393
:104F500062812E2108F8011B0026002F17DD0B9A15
:104F6000002A14DD0BA90CA836F00AFD013F08F851
:104F7000010BF2E72E2208F8012BEDE72E228DF827
:104F80005D20002EACD0002F99DC0DF15E08059B52
:104F9000002B4ED1149747460BF0DF02452A23D150
:104FA000002EBABF76422D232B23632EC8BF642167
:104FB0007B70D1BFBA1CB6FBF1F3FA1C03F13000D1
:104FC000C8BF01FB13664FF00A01C8BFB87087F86D
:104FD00000B0B6FBF1F3174603F1300001FB136399
:104FE000303307F8020B5370139B002B2CDC149BFF
:104FF000002BD4BF002301239DF84A2063F38612BF
:1050000000238DF84A203B709BE60BA90CA8079261
:1050100036F0B6FC079A8DF85C00302818BF06F110
:10502000FF3612B9002F40F3F8802E228DF85D2054
:1050300056E7474608F1FF3817F8012C302AF8D018
:105040002E2A08BF4746A7E70123D5E73C4F8146F4
:105050007E1F0520ACE51A0748BF0130B0E51046B9
:1050600009920399D0470028099A05DA1FB0BDE8D4
:10507000F08F2022DDF810B0594600290BF1FF3BDC
:10508000EDDC049BCDF810B02B445D1AB9F1000F94
:1050900005D003994846D0470028E7DB0135089B37
:1050A000002B7DD09DF94930002B28DBB3469BF8BF
:1050B0000000A0F13003092BD9460BF1010B46D9B2
:1050C0009DF84A30AE1B99064E4407D44246002A4A
:1050D00008F1FF3840DC079B33449E1A99F8000022
:1050E0002E280AD10399D0470028BFDBB8F1000F62
:1050F00006F1010636DC09F101094D463DE0B146F5
:1051000099F800007028C84609F101091AD1AE1BB0
:10511000149D46443544AB1B002B39DC03993B46B8
:105120004246504636F089FC00289FDB3044049EFE
:10513000054606446AE000BF0000000000000008C9
:10514000C25604000399D0470028D9DA8EE70399A4
:10515000D0470028ABDA89E703993020D0470028F0
:10516000B4DA83E703993020D04708F1FF38BBE772
:105170000399D0470028FFF679AF2878A0F13003D3
:10518000092BA84605F10105F2D9A6EB0906BFE7F0
:1051900003993020D0470028FFF668AF0136BAE700
:1051A0009DF84A30DA0601D41B0706D50399302052
:1051B000D0470028FFF65AAF0135059B3BB1039954
:1051C0009DF84B00D0470028FFF650AF0135A844AA
:1051D00006E003993020D0470028FFF647AF01359D
:1051E000A8EB0503002BF4DC03993B4632465046FE
:1051F00036F023FC0028FFF639AF284497E70399DF
:105200002020D0470028FFF631AF0135731B002B5B
:10521000F5DCFFF7DABB1646B9E60DF15D08B6E638
:105220002DE9FF4715461A7C04697D2A0E46804603
:10523000D9681F4609D9B648452136F0DFFE6FF020
:105240007905284604B0BDE8F087931C84F8A036A1
:1052500004F2A16037F0BCF804F5D169484616F0B5
:10526000C3FC022E32D00AD9F31E012B49D9A9481A
:105270003246452136F0C2FE6FF08505E1E7002396
:10528000ADF80D3095F84A30C3F34002C3F3800304
:105290008DF8093001238DF80B309F4B8DF80820D5
:1052A00093F84C378DF80C3006F0010602A904F58E
:1052B000D4608DF80A6009F0AFF8002872D19748E1
:1052C000452136F09BFE6FF00405BAE70023ADF8E8
:1052D0000C3095F84A30C3F34002C3F380038DF8D5
:1052E000093001238DF80A308B4B8DF8082093F894
:1052F0004C378DF80B3002A904F5D46009F0BEF8E4
:10530000DBE755B98649874840F25B2236F0B5FBAA
:10531000834840F25B2136F0A7FB0023CDF80B3029
:1053200095F84A30C3F34002C3F380038DF8093087
:10533000331F5E425E418DF808208DF80A6038F018
:1053400003F801238DF80C30734B8DF80B00D5E971
:10535000086293F84C378DF80D30734BB3424FF021
:105360000203934104F5D46A17D3704BA6FB036183
:1053700003FB0211AB6AF01841F100014FF47A729D
:105380000023FAF7FFFE3CF0ABFD0B4602A90246F4
:105390000091504637F0FCFF8FE74FF0FF306FF081
:1053A0000041EBE75C4BD3F844371BB13A46002190
:1053B000404698474FF0FF324FF0FF33484616F013
:1053C000B3FB94F84A2795F84A3062F3410385F815
:1053D0004A3094F84B27DBB262F3820385F84A30F7
:1053E00094F82037052B3FF66EAF01A252F823F058
:1053F0000F54000009540000FD5400000355000044
:10540000C7520000FD5400006FF00F0519E7D4F8F3
:105410002C57002D3FF415AFD4F83037D4F834278B
:10542000134304F5E6670DD14148572136F0E6FDF8
:105430006FF02205D4F82C0737F0D6FF0023C4F80C
:105440002C37FEE62D78206800220023CDE90023CA
:1054500000231A46294603F01DFD064630B935489B
:10546000452136F0CBFD6FF00B05E3E7D4F82C17A0
:105470002A46013137F05AFA002809DA2E48452128
:1054800036F0BCFD6FF00B05304637F093F9D1E7ED
:1054900094F8383786F8483094F93937AE339BB2F0
:1054A000FE2B28BFFE2386F84930D4F830077A68EF
:1054B0004FF47A73A0FB030103FB0211002907DA02
:1054C0001E491848E92236F0D8FA1C48E92122E79B
:1054D0000DA3D3E90023FAF755FEC6E90801B2622D
:1054E000304637F0A0F92068314607F095FF18B133
:1054F0001348492136F082FD0025C5E76FF02205EB
:105500009FE66FF068059CE600CA9A3B0000000029
:105510005C650400AF65040000100020CD65040048
:1055200077650400A9540400037DC12500CA9A3B95
:10553000E4650400006604001F6604004166040080
:1055400072660400000000002DE9F0472DED028B8B
:1055500046A7D7E900679FED408BDFF818A182B01E
:1055600080464FF0FF334FF0FF3208F5996016F098
:1055700049FA4368044643B939493A48A92236F002
:105580007CFAA921364836F06FFA93F80090B9F109
:10559000800F06D932493348B62236F06EFAB6216A
:1055A000F0E700231A4649468DED008BD8F800003D
:1055B00003F070FC61684A460131054637F0B6F9E0
:1055C0008146002836D1237C85F8483094F9113083
:1055D000AE339BB2FE2B28BFFE2385F84930A27C58
:1055E00095F84A3062F3000385F84A30A3684FF417
:1055F0007A72A3FB0201E36802FB0311002907DAB8
:1056000019491848E92236F038FA1748E921BAE76B
:1056100032463B46FAF7B6FDC5E90801AA62D8F85A
:105620000000294603F0BCF800280CDA452150465A
:1056300036F0E4FC00236068636037F0D5FE28464E
:1056400037F0B8F88DE76068C4F8049037F0CCFE06
:1056500087E700BFAFF30080FFFFFFFFFFFFFFFF03
:1056600077650400A95404004166040000CA9A3B0F
:1056700000000000C66604002DE9F04F364ED6F853
:1056800004339A0787B00BD5D6F8043143B1334AB7
:105690000023C6F80431D6F80431136801331360CF
:1056A0002F4DDFF8C4A00024A9464FF48038D6F867
:1056B000042308FA04F7174228D0BFF35B8F0122B6
:1056C000A240284BD24353E8001F01EA020043E8FE
:1056D000000CBCF1000FF6D1BFF35B8F21FA04F28E
:1056E000D30702D45AF8242082B1204637F0CCFCEC
:1056F00005F0A8FCEFF3108B72B609EB041CDCE993
:1057000002239042994109D28BF310880134042C72
:1057100005F11005CBD107B0BDE8F08FCDE904232A
:105720009FED0B7BD5E900130020286003938CEDDF
:10573000027B2046C6F8487337F0A6FC8BF310882E
:105740000029E3D0039B0093DDE904238847DDE7CC
:10575000FFFFFFFFFFFFFFFF00100140282E00208A
:10576000781800201C2E002040110140014816F03E
:1057700085BC00BF4C0000201FB50246ADF80E00EE
:1057800049210A4836F03AFC00230DF10E0201933C
:105790000092082101220A2038F0D4FE9DF80E2044
:1057A000034B1A7005B05DF804FB00BFE053040022
:1057B000E504002013B52AF07FF830B90F485721CF
:1057C00002B0BDE8104036F019BC0A200EF098FB7C
:1057D000444278B120460EF0A5FA40F21712019229
:1057E000074A0092034622460648452136F006FC49
:1057F00007F096FA04484921E2E700BFF15304009C
:105800002F540400135404004B540400044B187824
:1058100080F0010018704042C0B2FEF735BE00BFF4
:105820001D52002070B52B4B1B7803F0FF001BB9F5
:10583000BDE87040FEF728BE274B284D284E1C7847
:1058400035F047FE2A7833789A42E4B203D000F06C
:105850000F000A280CD835F03CFEC30617D12C2CBB
:1058600013D90523B4FBF3F39C4200DDDCB23470A2
:105870002A7833789A4224D9D31A5B10022BACBF12
:10588000D21A023A2A702878D2E70824EFE735F0D6
:1058900020FEC3B2803B0A2003EBC303FF2293FB2D
:1058A000F0F3634393FBF2F2224404EB4401B1FBB7
:1058B000F0F18A4201DCCCB2D9E7FE33B8BFD4B2F2
:1058C000D5E7E0D29B1A9B10012BACBFD218013256
:1058D000D8E700BF28520020E5040020265200200F
:1058E0002552002010B5084A137883F00103137085
:1058F0005B420446D8B2FEF7C7FD21460348BDE827
:1059000010400E2207F000B91C520020E55800009C
:105910001FB502468DF80F0049210E4836F06EFB88
:1059200000230DF10F0201930092062101220A20AB
:1059300038F008FE9DF80F00074B187020B9FEF7ED
:10594000A3FD05B05DF804FB044B93F88620044BDF
:105950001A70F6E7665404002852002072510020A5
:10596000E504002008B5014620B1BDE8084008481C
:1059700007F096B80648FF2107F016F9054B93F893
:1059800085000038BDE8084018BF0120FFF7C0BF00
:10599000E55800007251002073B5324843681B6817
:1059A000002B0ADB3049314840F2FF5236F065F8EF
:1059B0002D4840F2FF5136F057F8066983682C4DA8
:1059C0005B6801A99847044620B93368019A92EAB6
:1059D000030F0FD53CF095F94FF47A72A0FB020348
:1059E00002FB0131C00B40EA4140C90BC5E900018F
:1059F00002B070BD3CF085F94FF47A76A0FB063218
:105A000006FB0122D5E90010DB0B43EA42435B1A97
:105A10004FEAD23241F2883162EB00028B4272F1DE
:105A200000010ADB2146134807F03AF812484921E1
:105A300002B0BDE8704036F0E1BA322B72F10002DC
:105A4000D6DB29F039FF014628B90A4807F028F8C3
:105A50000A484921ECE70A48214602B0BDE87040F7
:105A600007F01EB8584A040078540400A9540400F2
:105A7000801700204DF50200C1540400DE540400DC
:105A8000B557000030B58DB0002309A9044609932D
:105A90003DF09CFF054620463DF009FC062D01D057
:105AA0000A2D49D1002847D1314B1A78002A43D119
:105AB00001221A702F483CF06BF92F4A2F4992F8B7
:105AC000853092F88620003B18BF01230B702C4BC9
:105AD0001A702C4A197811701A782B4B1A7040F2F0
:105AE000676200232948CDE9002318F007F80AA8C7
:105AF00029F07CFD29F0CCFD9DF8283006939DF817
:105B0000293005939DF82A3004939DF82B30039398
:105B10009DF82C3002939DF82D3001939DF82E3086
:105B20000093024649211A489DF82F3036F066FA54
:105B30001848492136F062FA204605F041FE4542F8
:105B400078B128460EF0EEF84FF4BB720192124A7B
:105B5000009203462A461148452136F04FFA07F0D5
:105B6000DFF814B1204624F071FA0DB030BD00BF4B
:105B700027520020F00600207251002028520020F9
:105B8000E50400202652002025520020B8060020FF
:105B900002550400515504002F540400135404000E
:105BA000F7B56D4835F0B0FE6C48492136F026FA5D
:105BB0006B483BF075FF38B96A48452136F01EFA4C
:105BC0004FF0FF3003B0F0BD0020FEF75DFC664CE7
:105BD00020463BF065FF10B964484521EEE7676851
:105BE000A5683B682269002B0ADB6149614840F2E5
:105BF000ED3235F042FF40F2ED315D4835F034FFD3
:105C0000136843F0004313602B685B4A1F21204652
:105C10009847AE6996B13B68002B08DB544955485C
:105C200040F28B3235F029FF40F28B31E5E74FF03F
:105C3000C0634FF0A0721F212046B0474F49504B20
:105C40004B604FF000438B60EB6913B14648012273
:105C5000984701F08BFA024618B14A48452136F0C0
:105C6000CDF910F07FFD484B484CC0F89C304848B7
:105C700019F084FA03264FF48473002523803246FA
:105C800040F60A3343496380601D84F8576084F806
:105C9000695036F09DFB404926710D2204F1260023
:105CA00036F096FB0D233D4984F82530082204F197
:105CB000470036F08DFB0827394984F846700422E6
:105CC00004F1590036F084FB042384F85830FF2394
:105CD00084F88630012604F18503A4F87C5084F80A
:105CE0008560A4F888503246009306212B46019522
:105CF0000A20863438F026FC324639462B46019578
:105D000000940A2038F01EFC0A2010F0E9F8254B18
:105D1000C0F8073006F014F936F0E0F9024618B181
:105D20002148452136F06AF900214FF4803017F000
:105D30002DFA012005F044FF07F06CF84FF40052F3
:105D400000231A48CDE9002317F0D8FE184849214E
:105D500036F054F9002035E77655040098550400D4
:105D6000D04A0400B1550400584A0400CB55040041
:105D700078540400A95404001100010038260020C2
:105D800099590000E6550400E7B403007251002061
:105D9000F0020020045604000856040016560400C1
:105DA0001F5604006559000024560400F006002028
:105DB0004256040010B5094C0A44914200D110BD6E
:105DC00011F8013B584003090001E35CC0B24340B5
:105DD00018091B01205CDBB25840EEE7795604003D
:105DE00070B589B30668304635F0E0FB0122014604
:105DF0000446304635F0A2FBC30708D413491448C3
:105E0000AF2235F03AFEAF21104835F02DFE214685
:105E1000304635F0A9FB251829460022304635F0DA
:105E20008DFB2D1AAC4206D008490948B72235F03F
:105E300024FEB721E8E72146304635F09BFB21469A
:105E4000BDE8704035F0D7BC70BD00BF8956040076
:105E5000A95404002DE9F84306681446B2680F46B9
:105E60004B1EB2F5004F34BF042108213B4010D037
:105E7000C7F1000909EA0709494503F1FF3028BFC6
:105E8000494618420CD11F46BCB900252846BDE83A
:105E9000F8838F420FD82146BDE8F84335F0EDBCBA
:105EA0002C492D484FF4A27235F0E7FD29484FF4F4
:105EB000A27135F0D9FD9946E6E7B2EBD40FE4D9EB
:105EC000E319591A104635F07BFB0146304635F090
:105ED000D1FB80460028D8D0B368B3F5004F34BF5B
:105EE0000423082309EBC0051D4435447B1E1D44D3
:105EF000B5FBF7F57D43A5EB09052946304635F09E
:105F000055FB2C44073424F00704A41B80450746A6
:105F10004FEAE40408D202464146304635F0E4FB3D
:105F20004146304635F025FC3946304635F01CFBFD
:105F30003844844208D239463046224635F0D4FBF4
:105F40002146304635F015FC01223946304635F001
:105F500011FB9BE789560400A9540400B2F5802F79
:105F6000F8B50CD2042A20D83B493C484FF4F972CA
:105F700035F083FD4FF4F971374835F075FD08238E
:105F8000D21ACC1D114424F0070421F00701091B8B
:105F900017294FEAD1060AD82F49304840F2FB12A0
:105FA00035F06BFD40F2FB11E6E70423E8E700273C
:105FB00004603146A660E760304635F00AFB0121F7
:105FC00085000246304635F0FBFA1B35ED082844C3
:105FD000B04234D804F10C013B4638469A4237DAD5
:105FE0002A462046002135F0DDFA00231A461946DC
:105FF000204635F0AEFA771B19462046012235F0CF
:10600000B9FA3A46294635F0CDFA2B460022294600
:10601000204635F09EFA3146204635F0C3FA3B461D
:1060200031462046002235F094FA314620460122BE
:1060300035F0A0FA2946BDE8F84035F09ABB06498C
:1060400006484FF4037235F018FD4FF4037193E7DF
:1060500041F8040F0133C1E789560400A954040034
:10606000014B1B68184700BF8000002007B50B4696
:106070000021024600910348FEF762FA03B05DF882
:1060800004FB00BF61600000014B1860704700BF57
:106090008000002030B587B00025CDE9030104461B
:1060A000009503A905480595FEF74AFADDE9043095
:1060B0009842B8BF255407B030BD00BFE3B8030015
:1060C00008B50446EFF31183402383F31288BFF32E
:1060D0006F8F05F065F9204601F01EFD024835F08E
:1060E00013FC36F005F9FCE7C35604002DE9F84F20
:1060F00004460846A38B1907164612D4022803F05B
:10610000070162D1204635F0E0FC88B1013804284F
:1061100000F22581DFE810F0590023017E00C8005D
:10612000F50001280CBF43F0100143F02001A183CA
:1061300004F1140017F0FEF9002800F0AB8086F39C
:106140001188BFF36F8FBDE8F88F03F00702501F6F
:1061500001281ED80020062A2768C4E9000014D1AF
:106160003A4603E0E08B0130E0831268002AF9D15F
:1061700023F0070343F00202A283204635F0A5FC7A
:1061800090B342F02002A2832EE023F007039AB2DC
:10619000F2E7042A33D123F007039AB2A283204600
:1061A00035F093FC10B142F02002A283A38B03F0E0
:1061B0000709894540F0DC80A18BCA0640F12181A6
:1061C00021F01003A38301F00701D4F81880A38BFA
:1061D000B8F1000FB9DA0022276823F00703C4E9F9
:1061E000002243F00103A383A38B03F00709894531
:1061F00040F0BF80002FDFD00025AA4640E085494F
:10620000854840F21B1235F038FC40F21B118148E2
:1062100035F02AFC41B17F497F484FF4AB7235F02D
:106220002CFC4FF4AB71F2E7236843B979497A4803
:1062300040F2571235F021FC40F25711E7E723698D
:106240001D6845B9734974484FF4AD7235F015FCBB
:106250004FF4AD71DBE7A38B23F0070343F0060394
:106260009BB2A3830F4688464FF00609A268002A16
:1062700040F08180002F40F08180002D9CD0BA46F4
:1062800043F0080304F1140BA383584617F052F9A6
:10629000002875D16149604840F2311235F0EDFBBC
:1062A00040F231115D48B3E7022908D059495A48F4
:1062B00040F25D1235F0E1FB40F25D11A7E7E78B9C
:1062C00047B1544954484FF4AF7235F0D6FB4FF400
:1062D000AF719CE723695D6845B94E494E4840F26D
:1062E000611235F0CAFB40F2611190E7A38B23F0F5
:1062F000070343F004039BB2A383B8464FF004099D
:10630000B4E7012908D0434943484FF4B27235F04D
:10631000B4FB4FF4B2717AE7236843B93D493E4874
:1063200040F2651235F0A9FB40F265116FE7236971
:106330009D6845B9374938484FF4B47235F09DFB34
:106340004FF4B47163E7A38B23F0070343F0050315
:106350009BB20027A383B8464FF0050986E72D4975
:106360002D4840F26B1235F088FB40F26B114EE77E
:10637000002700257AE74FF0010A81E792467FE780
:1063800086F31188BFF36F8FBAF1000F16D147BBA8
:1063900015B123492046A847EFF31186402383F324
:1063A0001288BFF36F8F584617F0B6F808BB1B4929
:1063B0001948882235F061FB882173E7A16800291C
:1063C000E5D00E680029E2D0D1F804A043464A4641
:1063D0002046D0471EB1336831461E46F2E73346A9
:1063E000FAE7394643464A4620463F6835F099FB6E
:1063F000CDE7584617F0B4F8A38B23F00803A38326
:10640000DAE68B067FF594AE21F02003A38301F03A
:10641000070177E6EC560400A95404001157040064
:1064200025640000F8B504460D4600F11406EFF3AC
:106430001187402383F31288BFF36F8F304617F024
:106440006BF840B909490A48882235F016FB07481D
:10645000882135F009FB304617F082F8A5613A46ED
:1064600020460121BDE8F840FFF740BE1157040067
:10647000A95404002DE9F04704460F4635F041FBCE
:10648000051E5DDB04F11409EFF3118A402383F349
:106490001288BFF36F8F484617F03EF8804638B930
:1064A00033493448882235F0E8FA882130483CE006
:1064B000484617F055F8E38BA68B4FF6FF729342D0
:1064C00006F007063FD0022E10D10133E383354694
:1064D000484617F02FF800283BD12549254840F2BF
:1064E000311235F0CAFA40F23111DFE7062E13D827
:1064F000DFE806F0092C1212090409006FF0850587
:106500004FF00008E4E700233B6063687BB9C4E90F
:1065100000777EB13546F3E7174916484FF4E47229
:1065200035F0ABFA14484FF4E47135F09DFA1F6072
:106530006760EEE7524602212046FFF7D7FD354659
:106540002846BDE8F0876FF00A05D9E76FF004052B
:10655000D6E78AF31188BFF36F8FB8F1000FEFD041
:10656000002332463946204635F0DBFAE8E700BF23
:1065700011570400A9540400EC560400F8B5054670
:1065800000F11406EFF31187402383F31288BFF361
:106590006F8F304616F0C0FF38B920492048882256
:1065A00035F06BFA88211D4825E0304616F0D8FFFB
:1065B000AC8B04F00704022C12D0012C0CBF6FF03E
:1065C00004046FF08504304616F0B4FF08BB13498D
:1065D000134840F2311235F050FA40F23111E2E73F
:1065E000EB8B53B90F490E4840F2EF1235F045FAE4
:1065F0000C4840F2EF1135F037FA013B9BB2EB83C8
:10660000002BE0D13A4621462846FFF76FFD204691
:10661000F8BD87F31188BFF36F8FF8E711570400B7
:10662000A9540400EC5604002DE9F0410E4605463D
:10663000002845D0002943D000F11407EFF311885A
:10664000402383F31288BFF36F8F384616F064FF40
:1066500038B91D491D48882235F00FFA88211A489B
:1066600016E0384616F07CFF31462846AC8B35F0F4
:1066700011FA78B104F00704231F022B0CD9144936
:10668000124840F22D2235F0F8F9114840F22D2140
:1066900035F0EAF96FF07704384616F04BFF40B951
:1066A00009490A4840F2311235F0E7F940F2311158
:1066B000D5E788F31188BFF36F8F2046BDE8F081DE
:1066C0006FF01504F9E700BF11570400A954040046
:1066D000EC56040008B54268816002F00302022A09
:1066E00003460AD0032A4FF0000103D0012A0AD141
:1066F000596006E01868596008BD186800225A60A1
:1067000050B90020F8E706490648452235F0B5F9AA
:106710000348452135F0A8F917F09AFCF1E700BFCE
:106720003E570400A95404002DE9F7430F460646DE
:106730000821C06ADFF8509035F09AFA3C68241AB4
:1067400080463C6004EA0905AC4203D8002003B04F
:10675000BDE8F08308236A462146304635F01FFA2B
:106760000028F4D16946304635F08CFA40B1BDF8C6
:106770000230BDF804203C6005EA090513441D44BD
:10678000A4EB0804E0E700BF0000FFFF2DE9F0479D
:10679000044688B000F1140738463BF0DEF9A06AE1
:1067A0008368DB689847E06248B9AC48452135F01A
:1067B00025FC6FF01505284608B0BDE8F087A06AF3
:1067C0008368DB6898470368013B1F2B02D9A44804
:1067D0004521ECE7A06A216805AA36F0FFF910B15F
:1067E000A0484521E3E7A5892DB1069BB5FBF3F24F
:1067F00003FB125515B19C484521D8E7E389012BCD
:1068000002D89A484521D2E7E36A009593F80490AC
:106810004FF0FF334FF0FF32384614F041FFE06A8B
:10682000082135F025FAA8460646E3891FFA85FABD
:10683000534508D8E389434523D1384614F0E6FF91
:106840006FF02C05B7E7A1892B04891B13FA81F19E
:106850004A4608232046009135F0AFF978B16946E1
:10686000204635F0EFF908F10108009908234A465F
:1068700020461FFA88F835F0A0F90028DAD0013553
:10688000D3E753450BD1009908234A46891B20467C
:1068900035F093F918B96946204635F0D3F96946C1
:1068A0002046FFF741FF054618B1384614F0AEFF09
:1068B00081E7009B63604FEA13484FEA0848C4F839
:1068C0000880D4E9011399420FD3082301AA204676
:1068D00035F065F905460028E7D101AB13F8012B27
:1068E00091453CD10135082DF8D163681B0C1B0480
:1068F00069462046009335F0A5F9A38900994A46D8
:10690000204635F05AF9051ECFDB636869D006EBE7
:1069100003084FF6FF79A389CDF800801FFA88F2AB
:106920009B1B9A4237D35248492135F067FB616877
:10693000204635F06DF905460028B6D163684D4A0A
:10694000A18913400B44A3EB460363601340A3608B
:10695000204635F07BFA0546002D5ED0A5E701A95B
:10696000204635F08FF9626810B9921B6260A8E783
:10697000BDF80850BDF80610E06AC4F80880294444
:1069800035F076F940449042A060EED1002DECD075
:106990006FF01C057AE0082303AA4146204635F033
:1069A000FEF80546002880D103A9204635F06AF993
:1069B00038B1BDF80C304B4503D1BDF81030002B79
:1069C0006AD0B044A7E75B1A4A46204635F0F5F88E
:1069D000051EFFF66AAF08D0E26AA3681268134486
:1069E000A360D4E901318B42EDD86168A38901EB42
:1069F00046029A42B0D1DFF87C80A26801EA08031F
:106A00009A42A9D0204635F003F9054600287FF4C4
:106A10004CAF636803EA0803A360A389A288A3EBD1
:106A200046039A422ED0384614F0F0FE0123E28944
:106A3000114823744921A38935F0E0FA62680F48B0
:106A400093B24921120C35F0D9FAA2680C4893B2DE
:106A50004921120C35F0D2FA0025ACE67D5704002E
:106A6000A4570400C6570400E3570400FC57040071
:106A70006D5804000000FFFF245804004058040033
:106A800057580400204635F0CAF90546384614F038
:106A9000BDFE002DCAD08EE60848492135F0AEFA79
:106AA00063681B0C1B0469462046009335F0CAF846
:106AB0000099204635F0ACF84DE700BF9958040026
:106AC0002DE9F04F1D4691B0037C029104460092DF
:106AD0004BB97348452135F091FA6FF00C063046FA
:106AE00011B0BDE8F08FC26A0821104635F0C0F839
:106AF00029460190104635F0BBF8A389019AA3EB13
:106B000082039D42074600F2C8801DB1009B002B06
:106B100000F0C3806368059306AA05A92046DDF846
:106B200014A035F0E7F806460028D8D1BDF8183093
:106B3000029A934206D06268059B9A42ECD1002DDE
:106B400035D1CCE706A9204635F09CF80028F2D0D4
:106B5000BDF81A80BDF81C303DB3AB4227D1E36AC3
:106B6000DDF800B01B684FEA1A4A5B424FEA0A4A56
:106B700003F02003D0440393AA46039B534528BF48
:106B8000534608AA41462046994635F008F80028A1
:106B90004ED14A4608A9584635F0F3FB38B9BAEB4E
:106BA000090AC844CB44E8D199E7002B97D0002FBD
:106BB00041D104F114094FF0FF324FF0FF33484642
:106BC00014F06EFDDFF8DCB04FF6FF7AE3899E42E9
:106BD00060D0D4E901217B189A4230D3029BADF8F2
:106BE0002030FF23009A8DF8263020462B46ADF842
:106BF0002210ADF8245035F0C7F829468046E06AE7
:106C000035F036F8A2680244A260B8F1000F0AD14C
:106C100008A835F024F808A9204635F0EFF8002838
:106C200014BF8046A846484614F0F0FD464656E795
:106C3000BDDC064653E7019B1F44BFB2B9E70821FC
:106C4000E06A35F015F80023ADF824301318ADF8DC
:106C50002230A389ADF820A002EA0B021A44101AD0
:106C6000606008A88DF826A034F0F9FF08A9204636
:106C700035F0C4F8211D204634F0E4FF636803EAD0
:106C80000B03A360204635F0E1F880460028CAD106
:106C900001369BE76FF01B08C5E76FF015061EE78E
:106CA000645704000000FFFF2DE9FF471E46037CE8
:106CB000BDF8309004460F46904643B92C48452114
:106CC00035F09CF96FF00C0004B0BDE8F087C06AA5
:106CD000082134F0CDFFA389A3EB40039E4243D8A3
:106CE000D4F804A0CDF804A00025A9455146DDF84C
:106CF00004A009D2636853451ED1BDF80830BB42D9
:106D00001AD06FF00100DFE702AA01A9204634F093
:106D1000F1FF0028D8D1BDF80830BB4206D102A946
:106D2000204634F0AFFF08B10135ADB26268019B77
:106D30009A42DAD15146E0E7BDF80C30002BE0D0A2
:106D4000A945DED8BDF80A00090CB3424FEA01415B
:106D500028BF334601444246204634F020FF002835
:106D6000B2D1BDF80C00AFE76FF01500ACE700BF83
:106D700064570400014B036000207047B84C0400C6
:106D800070B5114B1C680D46DCB1104B196800231F
:106D90008B4202DB6FF0010070BD224612F8106BCF
:106DA000864202D001331446F2E7E06810B96FF072
:106DB0001200F1E73AF074FE0028F8D02C600020B1
:106DC000EAE76FF00C00E7E798000020B84C0400F9
:106DD00070B588B005460C46C0B269461646FFF746
:106DE000CFFF00281BDB0098C8B14368029383687B
:106DF00022680195CDE903360023CDE906230593EA
:106E0000C56835F008F96DB12846084901AA35F082
:106E1000E9FE079808B9059B236008B070BD6FF0C4
:106E20001500FAE76FF01200F7E700BF99C0030002
:106E30002DE9F0410F4B1C6805460E461746ACB1D4
:106E40004FF0FF324FF0FF330B4814F029FC63681A
:106E50003246D3F8088029463B462046C0470446C0
:106E6000054814F0D3FC2046BDE8F0816FF0010422
:106E7000F9E700BF58270020E40700200023036043
:106E8000044B5A6812B9C3E900007047106058609B
:106E9000704700BF5C270020014B1860704700BF9F
:106EA0005827002030B585B000230546CDE90233D0
:106EB00001904FF0FF330C484FF0FF3214F0F0FB1D
:106EC0000A4B1C684CB9284600F00AF904460648EB
:106ED00014F09CFC204605B030BD636820461B685A
:106EE00001A998472468EDE7E40700205C2700200B
:106EF000024B0022C3E90022704700BF5C2700203C
:106F0000024B0022C3E90022FFF7F2BF64270020F2
:106F100070B5204C204E0546B4420FD91F49204879
:106F20002B2234F0AAFD1D482B2134F09DFD216851
:106F3000286835F01AFA48B31434EDE7F7D3194E40
:106F400019484FF0FF324FF0FF3314F0A9FB3468BB
:106F500044B1286854F8141C143C35F006FA90B17A
:106F60006469F5E700226A61726805F114033AB9B1
:106F7000C6E9003300240C4814F048FC204670BDDC
:106F800013607360F6E76FF01004F4E76FF010041D
:106F9000F4E700BF004C0400004C0400BA580400A1
:106FA000A954040064270020E40700202DE9F743DA
:106FB00007460C4609B100230B60244DDFF89C9076
:106FC00000264D4520D922492248942234F055FD0F
:106FD0001F48942134F048FDD5F8008001AA4146AD
:106FE000384635F07EF850B116B954B92E4606E051
:106FF00031680022404635F074F80028F5D1143588
:10700000DFE7019B2360F1E7E6D3134B1D68C5B1B1
:1070100055F8148C01AA41463846143D35F061F804
:1070200050B116B954B92E4606E0316800224046E8
:1070300035F057F80028F5D16D69E8E7019B23602A
:10704000F1E7304603B0BDE8F08300BF004C040018
:10705000BA580400A954040064270020004C04001E
:107060002DE9F341DDF82080019004460D461646D7
:107070001F46B8F1000F07D0D8F80010C1B9D8F8F2
:1070800004E0BEF1000F1CD101A92046FFF78EFFDE
:1070900098B1D0F8088001983B4632462946C0474F
:1070A000034650B10D482246452134F0A7FF04E0C5
:1070B00001AA35F016F80028E1D1002002B0BDE8A1
:1070C000F081D8F808300198089332463B462946AB
:1070D000F44602B0BDE8F041604700BFEC58040040
:1070E000F8B51D4C1D4F06460025BC421BD91C4956
:1070F0001C48F42234F0C1FC1948F42134F0B4FCEB
:107100002EB9E3685BB9284614340546EDE72068DC
:107110000022314634F0E5FF0028F2D1F3E798472A
:10712000002DF0D1F0E7EBD30F4B1C6894B1143C69
:107130001EB9E3684BB96469F8E72068002231465C
:1071400034F0CFFF0028F4D1F5E79847002D08BFB1
:107150000546F0E72846F8BD004C0400004C04004A
:10716000BA580400A95404006427002038B50C4D17
:107170000C484FF0FF334FF0FF3214F091FA2B78A8
:107180003BB9FFF7BDFE00F06DF8044610B90123CE
:107190002B700024034814F039FB204638BD00BF93
:1071A0009F6E0020E40700202DE9F047048FDFF8F0
:1071B000B0A0013498B006468946A4B200F1080791
:1071C000651EADB2B5F5004F47D04A2305AA294642
:1071D000384634F00CFF04F57F543F34A4B28046A7
:1071E000214601230DF10B02384634F000FFB8F1BF
:1071F000000F014610DC002810DC338FAB4209D1B0
:1072000032466B1E22F8383F4FF4004102233846C5
:10721000FFF756FC2C46D3E7002808DC2946384601
:1072200034F0E1FE2146384634F0DDFEE5E708F1B2
:1072300060030DEB0308002308F84C3C5246CDF8E0
:10724000009003AB05A80397ADF81040FFF708FFC7
:107250000028DFD018B0BDE8F0870020FAE700BFB3
:107260002FC103007FB50123694603200193FFF777
:1072700087FD044660BB02AA01A90320FFF7A8FD11
:10728000044610B110F10C0F22D10399B1F5803FE3
:1072900023D2009A002394681846084484421AD3E3
:1072A0000133082BF9D10E4DA982EB825368AB60F4
:1072B0002846D368EB6334F0D2FF044640B9094E48
:1072C0006E602846FFF7DAFD28466E60FFF7E4FDA2
:1072D000204604B070BD9BB2E5E76FF02004F7E7ED
:1072E0006C2700208400002008B5044834F00CFB13
:1072F000BDE80840024834F007BB00BF1F59040036
:1073000054590400014831F0E5BC00BFFC4C0400B6
:1073100038B5044618B90F4B0F485B689847616849
:10732000B1F5683F10D0B1F5680F0DD00B4DA942F3
:107330000AD011F46861206807D00146084813F0AC
:10734000ADFF00232360656038BD142235F04BF893
:10735000F9E700BF74020020825904002C5F5CA989
:10736000AC2C002008B520B34368B3F5683F10D1BA
:1073700001220368BFF35B8F53E8001F002903D18C
:1073800043E800200028F7D1BFF35B8F0DD1002028
:1073900008BD094A93420AD000684FF0FF324FF00F
:1073A000FF3314F07DF90028F1D00448F0E70448D9
:1073B000EEE76FF4E040EBE72C5F5CA9E98FFFFF9D
:1073C000EA8FFFFF08B5D8B14368B3F5683F10D125
:1073D00000220368BFF35B8F53E8001F012903D12C
:1073E00043E800200028F7D1BFF35B8F0BD10020CA
:1073F00008BD074A934208D0006814F007FAF6E780
:107400006FF4E040F4E70348F2E70348F0E700BF19
:107410002C5F5CA9E98FFFFFEA8FFFFF10B50446E0
:1074200018B91D4B1D485B6898476368B3F5683F02
:107430002FD0B3F5680F2CD0194A934219D1236885
:1074400003BB18484FF0FF324FF0FF33214613F0D3
:10745000CDFE08B923681BB90F4B13485B689847EA
:1074600020681422002134F0BEFF4FF4686363608B
:1074700008E0B3F5683F0DD83A2B03D040F6BA6266
:107480009342DED120683AF068FB636843F03A0328
:10749000636010BD054AF3E77402002082590400BE
:1074A0002C5F5CA9AC2C0020A85904003A00003ADB
:1074B00008B506490648402314223AF037FBBDE8D8
:1074C00008400449044831F0C9BC00BFAC27002083
:1074D000AC2C0020044D0400184D04002F2808B5E2
:1074E00008D905490548142234F0C7FA0248142186
:1074F00034F0BAFA08BD00BFD5590400A9540400FD
:1075000070B506460C46154600F01AFC40B1094914
:107510000948172234F0B1FA0648172134F0A4FACA
:107520003046FFF7DBFF054B43F8305003EBC00359
:107530005C6070BD045A0400A95404001C050020BE
:107540002DE9F041074686B00C46002939D08B68FA
:107550000093D1E900232348DFF8A080452134F0CF
:107560004DFD63690093D4E903231F48452134F09E
:1075700045FDE2691D48452134F040FD26460025C1
:10758000F36A0593EB1C0493B36A0393AB1C029359
:10759000736A01936B1C0093336A2A464521404667
:1075A000043534F02BFD102D06F11006E8D1226EC3
:1075B0000F48452134F022FDA2690E48452134F0E0
:1075C0001DFD012F06D1EFF305820B48103A45212E
:1075D00034F014FD2146384606B0BDE8F04113F002
:1075E00061BB00BF315A0400655A0400995A040077
:1075F000F55A0400095B04003C5B0400AD5A04002A
:1076000030BFFFF7FDBF00BF074A936893F90E1024
:10761000002907DB926993421FBF044A536843F075
:1076200080535360704700BFF032002000ED00E04F
:107630002DE9F8433D4D804689463D484521174692
:1076400034F0DCFCAB6ADA0626D53A48452134F042
:10765000D5FC1124AB6A1B0704D53748452134F00B
:10766000CDFC1224314DAB6A9E0717D53348452116
:1076700034F0C4FC6E6BAB6A1C0645D5304832460C
:10768000452134F0BBFCB9F1000F03D0AB6A23F005
:107690008003AB62132403E01024DBE76FF01506D0
:1076A000224DAB6AD80704D52648452134F0A6FC04
:1076B0001424AB6A990604D52348452134F09EFC76
:1076C00015241A4DAB6ADA0602D4AB6A9B070AD5B9
:1076D0006B68180507D54146304600F0FFFBB0B196
:1076E00080F309880224114B9A6A920642BF5A6AB3
:1076F00022F400525A629A6A42F0FF029A62002310
:107700003B702046BDE8F8836FF01506C2E7AB6A10
:10771000D906E8D50D490E4840F25D1234F0ADF9B6
:107720000A4840F25D1134F09FF900BF00ED00E01F
:10773000545B04006F5B0400A75B0400BF5B0400A4
:10774000DC5B0400F75B04001B5C04004F5C04007E
:10775000A954040010B5204C2048452134F04EFCBB
:10776000A36A990136D51E48452134F047FC1E20F6
:10777000A36ADA0104D51B48452134F03FFC1F20E1
:10778000154CA36A1B0304D51748452134F036FC79
:107790002120A36A590304D51448452134F02EFC56
:1077A00022200D4CA36A9A0304D51148452134F0D8
:1077B00025FC2320A36ADB0304D50E48452134F0C1
:1077C0001DFC2420044A936A6FEA03436FEA1343C3
:1077D000936210BD1D20CBE700ED00E0815C04004A
:1077E0009E5C0400B65C0400D55C0400F85C0400F8
:1077F000225D0400415D040070B5284C06460D462C
:107800002748452134F0FAFBA36AD9043BD5254823
:10781000452134F0F3FB1720A36A1A0504D522484A
:10782000452134F0EBFB18201C4CA36A9B0511D5B5
:107830001E48452134F0E2FBA26BA36A180408D568
:107840001B48452134F0DAFB1EB1A36A23F4004340
:10785000A3621920114CA36A590504D51548452186
:1078600034F0CCFB1A20A36ADA050ED51248452164
:1078700034F0C4FB1B20094A936A43F47F439362AC
:1078800000232B7070BD1620C6E7A36A9B04F2D5B7
:107890000A48452134F0B2FB1C20ECE700ED00E083
:1078A000715D04008C5D0400A75B0400A25D040010
:1078B000C05D0400DA5D0400FA5D04001B5C040096
:1078C00070B56A4B054658689CB0C0F308030026A3
:1078D00086F31188BFF36F8F02F07F44B4F17F4FBE
:1078E00007D102F00C04082C0ED16148452134F078
:1078F00085FB604960484FF48B6234F0BEF84FF46A
:107900008B615C4834F0B0F814074CBF0D4601267B
:10791000002DEED00024DA1E8DF80740092A00F26F
:107920009380DFE802F005868A7191919191918EA2
:107930005248452134F062FB8DF807404B4CE36A16
:107940009A0705D54E48452134F058FB002429E01C
:10795000E36A002B02DA4B484521F5E7E36A5B0056
:107960005ED54948452134F049FB6369AA6943F46F
:1079700080736361BFF34F8FBFF36F8F636932F81A
:10798000022C23F480736361BFF34F8FBFF36F8FBB
:107990004DF602739A421ED12A683C48452134F0C4
:1079A0002DFB2C689DF807309BB96822294602A858
:1079B00034F00EFD099B002E52D0C3F3080222B909
:1079C0006FEA53236FEA4323099302A92046FFF786
:1079D000B7FD1CB070BDA36ADBB23BB10DF107026D
:1079E00001212846FFF724FE0446DBE7A36A13F4CF
:1079F0007F4F05D00DF107010120FFF7FDFEF3E7F2
:107A0000A36AB3F5803F02D3FFF7A4FEECE7194960
:107A1000194840F22A3234F030F840F22A3170E747
:107A20001449154840F22E3234F027F840F22E3136
:107A300067E70DF107020021D3E70DF107010020F0
:107A4000DBE7134845217FE71249134A10F4F87F1A
:107A500008BF0A461148103B452134F0CFFA75E7BC
:107A600023F4FF7323F00103AEE700BF00ED00E055
:107A7000455E04004F5C0400A9540400755E0400D8
:107A8000915E0400B75E0400CA5E0400EE5E04006E
:107A90000F5F0400175E04002C5E0400385F0400D2
:107AA000024A536943F010035361704700ED00E050
:107AB000EFF30880EFF3098101B57246FFF700FF8D
:107AC00001BD00BF002080F31488BFF36F8F0BF05F
:107AD0000DF900200D490860BFF34F8F0C4880F36B
:107AE000088800F03DF8402080F3118809484FF4E1
:107AF0000461401880F30988EFF3148002210843E1
:107B000080F31488BFF36F8F00F052F994ED00E01A
:107B1000809F0020808D0020BFF34F8F0549064BCA
:107B2000CA6802F4E0621343CB60BFF34F8F00BF1B
:107B3000FDE700BF00ED00E00400FA050749D1F8B9
:107B400090200023C2F307221846934200DB7047BF
:107B5000C1F89830C1F8A0000133F6E700ED00E06D
:107B600008B572B6002383F31388FFF7E7FF144BC1
:107B70004FF0FF32C3F88020C3F88420C3F8882078
:107B8000C3F88C20C3F89020C3F89420C3F8982041
:107B9000C3F89C20C3F88021C3F88421C3F888214E
:107BA000C3F88C21C3F89021C3F89421C3F898211D
:107BB000C3F89C2162B6BFF34F8FBFF36F8F08BD30
:107BC00000E100E0084B9B6883420BD1EFF3058393
:107BD00043B1064B5A6842F080525A605A6A22F406
:107BE00000425A6215F024BBF032002000ED00E0A4
:107BF000094A93686FF00A01D967084998674B688A
:107C000043F080534B60002383F31188BFF36F8FE1
:107C10009368D86F704700BFF032002000ED00E09D
:107C200010B5114A9168034681F8C100EFF3118144
:107C3000402181F31288BFF36F8F906990600B4AE7
:107C40004FF00061516090F8C14023F0FF03002223
:107C50001C43836F826783F31188BFF36F8F00F03B
:107C6000D7F9204610BD00BFF032002000ED00E043
:107C700019498A6882F8C1E04FF030001044EFF3F0
:107C8000098C80E8F01F1EF0100F03D102F1800074
:107C900080EC108A74467046FFF7C2FFA6460E4974
:107CA0008A6886461EF0100F03D00023E1EE103ADA
:107CB00003E002F1800090EC108AEFF3148323F0CC
:107CC000040383F31488BFF36F8F02F1300090E850
:107CD000F01F8CF309887047F03200201EF0040F6B
:107CE0000CBFEFF30880EFF30980816911F8021CE3
:107CF0000229FFD001B534F0D7FA01BD40B2002807
:107D000007DB044A4109012300F01F00834042F8C9
:107D10002130704700E100E040B200280CDB43094D
:107D2000064900F01F0020330122824041F8232041
:107D3000BFF34F8FBFF36F8F704700BF00E100E0CC
:107D4000054B420900F01F0053F82220012303FADB
:107D500000F01040704700BF00E100E008B5D30715
:107D60000BD40231072909D90E490F48582233F0A4
:107D700084FE0C48582133F077FE002140B20028E1
:107D8000ACBF00F16040094B4FEA4111B8BF00F0B1
:107D90000F00C9B2AABF00F56140195480F8001362
:107DA00008BD00BF505F0400A954040014ED00E0BA
:107DB000144A08B5144B22F07F029A60BFF34F8F2C
:107DC000BFF36F8FD3F8882022F47002C3F88820A5
:107DD000D3F8882042F4A002C3F888204FF0404234
:107DE000C3F83422BFF34F8FBFF36F8F0023E1EE50
:107DF000103A13F041F815F0BBFB00F0DFF813F078
:107E00007FF800BF0000000000ED00E0017B890763
:107E100005D5816E40318166C16E4039C16642F838
:107E2000203C009B42F81C3C0F49019B42F8183C47
:107E3000029B42F8143C21F001014FF0807342F89C
:107E4000043C42F8081C00238367037B13F0020FF5
:107E5000A2F120024FF6085308BF4FF47D4302659C
:107E6000C0F8C030704700BF3DB90300037B13F07A
:107E7000020F194B03D190F8C120D20617D45A6BC8
:107E800042F080425A63D0F8C030190709D443F059
:107E90000803C0F8C030836E40338366C36E403B36
:107EA000C366037B43F002030373802070475A6B61
:107EB00022F080425A63D0F8C0301A0701D4402023
:107EC000704723F00803C0F8C030836E403B8366E0
:107ED000C36E4033C366F2E700EF00E00C4A03468E
:107EE0009068A0B1D0F8C020806E12F0080F0CBFCF
:107EF0004022802213F1160F04D0821A9A4205D82C
:107F0000834203D2814228BF00207047002070477F
:107F1000F0320020104B9B6883421AD1EFF30580AA
:107F2000B8B9EFF31181402282F31288BFF36F8F4B
:107F30001A7B22F002021A73EFF3148323F0040376
:107F400083F31488BFF36F8F81F31188BFF36F8FB2
:107F500070476FF015007047F032002008B51546E5
:107F60000E460022E1EE102AEFF3148222F0040202
:107F700082F31488BFF36F8FBFF36F8F094A90604D
:107F800000F046F82C4686F309884FF00000064BB7
:107F9000984720464FF000014FF000024FF00003D9
:107FA000024C2047F0320020E3C203003DB9030039
:107FB000014B10221A61704700ED00E004480023D5
:107FC0004021C2180133302B82F80013F9D17047D9
:107FD00000E100E008B5EFF30583064A103B02EB31
:107FE000C30152F8330049688847BDE80840FFF7ED
:107FF0000BBB00BF1C050020024B034A03480121B4
:1080000000F08AB80000042000000020284D040081
:1080100010B50446FFF72AFFA26E03460548D21AA0
:10802000C0E90023044B8360BDE81040012100F04B
:108030008FB800BFCC2C002000000B1508B5104AEB
:10804000D2F89030C3F30723013B984207D9024688
:1080500045210C4833F0D2FF6FF0150008BDC2F87F
:1080600098000B6823F01F03034343F01003C2F88A
:108070009C308B6843F00103C2F8A030EEE700BFEC
:1080800000ED00E08B5F0400F0B50F4685B01C46A4
:1080900005460026BE420CDA686808B38CB1431E60
:1080A000184209D010483246452133F0A7FF6FF03F
:1080B0001502104605B0F0BD1F28F3D929680B4200
:1080C000F0D12B68019334F02FF9AB6801A9034379
:1080D000D0B20393FFF7B2FF10F1160FE7D0421CA6
:1080E00001360C35D6E700BFB65F0400044B05220D
:1080F000C3F89420BFF34F8FBFF36F8F704700BF5B
:1081000000ED00E0BFF35F8F024B0022C3F8942024
:10811000704700BF00ED00E010B50A4C0123227843
:10812000FFF7B2FF207016300AD10749074840F226
:10813000671233F0A2FC044840F2671133F094FC5C
:1081400010BD00BFA06E0020DE5F0400A954040033
:1081500008B5114A00231278FFF796FF10F1160FA9
:1081600008D00E4A0021D2F89030C3F3072398427A
:108170000BDB08BD0A490B484FF4C37233F07DFC9A
:1081800007484FF4C37133F06FFCC2F89800C2F88F
:10819000A0100130E7E700BFA06E002000ED00E076
:1081A000DE5F0400A95404002DE9F04F70487149C6
:1081B000D0F890300D68C3F307239D4285B00AD9EB
:1081C0006D496E484FF4CF7233F057FC4FF4CF71C6
:1081D000694833F049FCFFF795FF49680022954252
:1081E00001F10C0129D1664C664F25706846FEF7F7
:1081F000C1FDDFF89481DFF8949106460025AE4278
:108200002ED123785A490020D1F89020C2F30722BA
:108210009342C0F2A380FFF769FFD1F89030C3F317
:108220000723082B00F0A0805349544840F20E2247
:1082300033F023FC40F20E21CAE7C0F8982051F831
:108240000C3C23F01F03134343F01003C0F89C3091
:1082500051F8043C43F00103C0F8A0300132BEE7FE
:10826000009A02EB05132901D3F80CA00AEA0700D3
:10827000B0F5000F58D00AD8B0F5001F34D0B0F5D3
:10828000800F46D0B0F5801F12D00135B7E7B0F1AE
:10829000807F54D0B0F1007FF7D19868D3F804A064
:1082A000525834F041F8CDE901A240F480200BE0AF
:1082B0009868D3F804A0525834F036F8CDE901A2FA
:1082C00040F0885040F430200390207801A9FFF757
:1082D000B5FE00283EDA284928484FF4E47233F00E
:1082E000CCFB4FF4E47173E79868D3F804B05258AC
:1082F00034F01AF81AF0010F40EA0800CDE901B293
:108300000390E2D01C491D486C2233F0B6FB6C216F
:108310005EE79868D3F804A0525834F005F8CDE928
:1083200001A240EA0900CFE79868D3F804A05258A8
:1083300033F0FAFFCDE901A240F08270C4E79868FB
:10834000D3F804A0525833F0EFFFCDE901A240F07A
:108350008870B9E723780133237096E7C1F8983025
:10836000C1F8A00001334FE7002005B0BDE8F08F51
:1083700000ED00E0344D0400DE5F0400A954040069
:10838000A06E00200000F0FF0000081100000202B3
:10839000014B1860704700BFBC0000200CB410B542
:1083A00086B009B90DF10B000024CDE9040109AB39
:1083B000089A009404A905480393FCF7C1F8049BAC
:1083C0001C7006B0BDE8104002B07047FFC3030048
:1083D000044A0123C2F840354FF080420020C2F821
:1083E0007835704700E0014020B1034B800143F035
:1083F00001031847704700BFA04C0400F7B50646BC
:108400000D461446194F384639F04AFB40B9184911
:108410001848142233F031FB1548142133F024FBA3
:10842000AAB2BB681B683BB9134912485B2233F000
:1084300024FB11485B21F1E7314638469847002874
:1084400002DB002003B0F0BD002CFBD1AC42F8D21F
:108450002F1B042F28BF042734F022FE3A46019038
:1084600001A9301933F0B4FF3C44EFE7804A04001F
:1084700020600400A95404005960040070B54169EB
:10848000867A0B4D044659B1437ADB0706D4342370
:1084900003FB0653DB6A1B689B68984700236361F4
:1084A0003420214606FB0050BDE8704039F080BB07
:1084B00054080020827A074B342101FB02331A6BE7
:1084C00093F824301B33801A23F00303B0FBF3F03E
:1084D000704700BF5408002038B5074B827A342417
:1084E00004FB0233DB6AD3E901240C601568FFF753
:1084F000E1FF04FB005038BD540800202DE9FF4780
:108500000546684603911446984639F0FCFBDDE9C0
:1085100000673DB959495A48EE2233F0AEFAEE21D0
:10852000564813E005F11C09EFF3118A402383F349
:108530001288BFF36F8F484614F0EEFF40B95149DF
:108540004F48882233F099FA88214E4833F08CFA4C
:10855000484615F005F86B8C002B56D02A8C9A42B1
:1085600033D900220023284613F04CFA044660B3A6
:10857000484614F0DFFF40B94249414840F2311209
:1085800033F07BFA40F23111DFE78AF31188BFF351
:108590006F8F039D002D65D032463B46684639F00B
:1085A000D6FBA27A384B342101FB02332046DB6A2A
:1085B0001B6803A91E68DDE90023B047606100283D
:1085C00044D12046FFF75AFF35E06C8C631E6B8464
:1085D000484614F0AFFF0028CED08AF31188BFF3CD
:1085E0006F8F95F824302A8C1B33121B2C6B23F0D1
:1085F000030302FB0344244B244AEB1A9B1053430E
:10860000A37295F82430E372C3E7484614F092FF52
:108610000028B1D08AF31188BFF36F8F54EA0803A2
:108620000ED10024A04622464346284613F0EAF91C
:1086300004460028ADD10024204604B0BDE8F087F0
:1086400014F0F0FD124B8342EDD1EAE7039B9D420B
:1086500009D90A490A4840F24B1233F00EFA40F2A7
:108660004B115DE765610023012263602281238253
:10867000039A63696282E360DEE700BF8D600400F5
:10868000A95404001157040054080020C54EECC43E
:108690009022002070B5044698B1114D3426204632
:1086A0006468037A013BDBB203724BB9C360436079
:1086B000837A06FB03539B6A73B19847002CEED173
:1086C00070BD0849084840F2CB1233F0D6F905488E
:1086D00040F2CB1133F0C8F9FFF7D0FEEEE700BF50
:1086E000540800208D600400A954040008B5034616
:1086F00050B9084908484FF4107233F0BEF90548E4
:108700004FF4107133F0B0F918465B68002BFBD1C1
:1087100008BD00BF8D600400A954040070B50D466B
:10872000044650B90E490F4840F24B2233F0A5F9E8
:1087300040F24B210A4833F097F941B908490948FA
:108740004FF4137233F099F94FF41371F2E746685E
:108750001EB10846FFF7CAFF4660656070BD00BFE6
:108760008D600400A9540400F8B5858803680E469E
:1087700004465F1933F06AFEB04208D20649074842
:108780003E2233F07AF904483E2133F06DF9354446
:10879000A5803846F8BD00BFB9600400A9540400A4
:1087A00038B505460C46002942D0002840D08B68D9
:1087B000002B40D0DA68002A3DD01B8A002B3AD02B
:1087C000036853B91F49204840F2433233F055F94A
:1087D00040F243311B4833F047F9BFF35B8FDB684E
:1087E000BFF35B8FDB0729D591F8463043F00103D7
:1087F00081F84630084634F016F8A5612B6843B975
:108800001049114840F2334233F037F940F2334116
:10881000E0E75B7D84F8393084F8413094F84B0010
:1088200000F054FB2146C0B200F046FB002038BDEA
:108830006FF01500FBE76FF03C00F8E76FF0720097
:10884000F5E700BFF3600400A954040008B550B96F
:108850000B490C4840F2324233F00FF940F23241FA
:10886000074833F001F9006840B90549054840F26E
:10887000334233F002F940F23341F1E7103008BDE2
:10888000F3600400A954040008B550B90B490C4822
:108890004FF46B7233F0F1F84FF46B71074833F01B
:1088A000E3F8036843B90549054840F2AD3233F0B7
:1088B000E4F840F2AD31F1E7186808BDF360040058
:1088C000A954040008B550B90F49104840F242328B
:1088D00033F0D3F840F242310B4833F0C5F8036867
:1088E00043B90949094840F2433233F0C6F840F22F
:1088F0004331F1E7BFF35B8FD868BFF35B8F08416B
:1089000000F0010008BD00BFF3600400A95404009A
:1089100008B550B9124913484FF4407233F0ADF81E
:108920004FF440710E4833F09FF8036843B90C4987
:108930000C4840F2013233F0A0F840F20131F1E787
:10894000012202FA01F10C33BFF35B8F53E8000FF1
:10895000084343E80002002AF8D1BFF35B8F08BD4B
:10896000F3600400A954040008B550B91349144831
:108970004FF4487233F081F84FF448710F4833F0E8
:1089800073F8036843B90D490D4840F2213233F0C2
:1089900074F840F22131F1E7012202FA01F1C943F2
:1089A0000C33BFF35B8F53E8000F084043E800022D
:1089B000002AF8D1BFF35B8F08BD00BFF36004004D
:1089C000A954040010B550B909490A484FF434724B
:1089D00033F053F806484FF4347133F045F8BDE8EE
:1089E00010404FF0FF324FF0FF33103033F074BDC2
:1089F000F3600400A954040008B550B907490848B9
:108A000040F2D72233F039F8044840F2D72133F04E
:108A10002BF8BDE80840103033F06CBDF360040063
:108A2000A954040038B5036800219D7E0446FFF771
:108A300049FF68B90220236803BB254925484FF444
:108A4000567233F01AF822484FF4567133F00CF88E
:108A50002046FFF719FF39F023F868B109212046B5
:108A6000FFF730FF0028E5D00A212046FFF72AFF54
:108A7000C0F10600C0B2DEE70320DCE79876236889
:108A80009B7E984222D1062819D1062D1ED0204661
:108A9000FFF7DCFE03684BB90F490E4841F2BE32C6
:108AA00032F0EBFF0C4841F2BE31CFE708212046FF
:108AB000FFF72EFF2046BDE8384033F00FBD062DEE
:108AC00004D108212046FFF74FFFF3E738BD00BF70
:108AD000F3600400A95404002261040038B505467F
:108AE000FFF770FF00212846FFF7ECFE68BB284621
:108AF00033F0EDFC0446E0B18468D4B12846FFF7BA
:108B0000C3FE50B91449154841F2674232F0B5FF2F
:108B1000114841F2674132F0A7FF38F0C1FFB8B108
:108B2000284633F0D4FC0121836828469847041E68
:108B300006DB28460021FFF7EBFE2846FFF772FF11
:108B40002846FFF759FF204638BD6FF07704F7E756
:108B50006FF00504F4E700BF22610400A95404008B
:108B60002DE9F8430C46054678B371B3084633F057
:108B7000F5FB082806462BD8174FDFF8688000F170
:108B80000109474518D91549154841F2E85232F014
:108B900074FF124841F2E85132F066FFAF4201D152
:108BA0003C37EEE74A462146381D33F0EAFB002801
:108BB000F6D16FF0770006E0F0D3721C2146281D35
:108BC00033F006FC0020BDE8F8836FF01500FAE7EB
:108BD0006FF05A00F7E700BFBC08002022610400D4
:108BE000A9540400F80800202DE9FF473548364C09
:108BF000364D374FDFF8E4904FF0FF324FF0FF3340
:108C000033F06AFC33F0BCFE0026A046AC4241D9EA
:108C10003049314841F2656232F02FFF41F265611F
:108C20002C4832F021FF09220021201D33F0DBFB0C
:108C30002046FFF729FED0F808A0BAF1000F14D0A3
:108C4000DAF800308BB104F1100038F086FF04F13F
:108C5000240038F082FFDAF800302046984794F874
:108C6000383023F0030384F8383023797BB9CDE919
:108C700001338DF80C303B685A1C3A6008214A4693
:108C800001A832F04EFE01A92046FFF769FF013628
:108C90003C34BBE7C7D37EB1A5EB08053C23B5FB4D
:108CA000F3F5AE4208D00B490B4841F2856232F031
:108CB000E4FE41F28561B3E7024804B0BDE8F04745
:108CC00033F018BC94070020BC080020F8080020EE
:108CD000D82C002022610400A95404004C61040037
:108CE00038B50D4C0D4DAC4214D90D490D4841F22B
:108CF0009D6232F0C2FE0A4841F29D6132F0B4FE3C
:108D000003212046FFF7DEFD10B92046FFF7E6FEFF
:108D10003C34E8E7F4D338BDBC080020F808002054
:108D200022610400A954040002484FF0FF320121DF
:108D300038F048BFDC2C002008B5816189B10B6890
:108D400053B90849084840F2334232F096FE0548CC
:108D500040F2334132F088FE5B7D80F8393080F894
:108D6000413008BDF3600400A954040073B5044603
:108D700016461D4638F067FF08B1002635462B46DB
:108D8000324601A9204612F031FA0546B8B9502200
:108D90000146019833F027FB0A4A019801239442C7
:108DA0000363446005D180F84B3033F03CFD02B0E2
:108DB00070BD054B9C4208BF80F84B50F5E7002082
:108DC000F5E700BF480700202807002002460B46B1
:108DD0000148FFF7CBBF00BF480700202DE9F04155
:108DE000DDE9066705461446884629B922B990F898
:108DF000463013F0700F3DD038F025FF08B1002643
:108E00000027284633F0FDFCE0B995F8463013F012
:108E1000700F17D0012C17D0A4F13A035A425A41CF
:108E20009200AB6908EB020183B11B6873B9144966
:108E3000144840F2D54232F020FE114840F2D541AC
:108E400032F012FE0022ECE70422EAE7081A81421F
:108E500028BF01466C680C4832463B460B4E0C4F0F
:108E6000BC4208BF304633F0CDFB014628B128464E
:108E700033F0DFFC0020BDE8F0816FF00B00FAE773
:108E8000F3600400A954040054080020880800205E
:108E90004807002030B585B0DDE908450093CDE9ED
:108EA000024513460A460146024833F0D3FC05B09A
:108EB00030BD00BF28070020034BC0EB001003EBC0
:108EC000001038F06ABE00BF881700200828024B47
:108ED00028BF0020185C70475261040010B588B0AC
:108EE0000F4C204638F04CFE4FF0FF324FF0FF336E
:108EF000CDE906230023CDE90323CDE90133094958
:108F0000094B00944FF4C86204F1200013F06EFA8C
:108F100020B108B0BDE8104038F0A0BE08B010BDC8
:108F200088170020007A002065C9030037B50C4679
:108F30000A490B4A411A402300934911054623462A
:108F4000084833F01EFD011E05DA2846234603B00B
:108F5000BDE83040184703B030BD00BF082D0020E9
:108F6000EBC90300304A0400C9B2012908B508D989
:108F7000084909487A2232F080FD06487A2132F009
:108F800073FD03690C2201FB0233986C00F00700AB
:108F900008BD00BF63610400A954040070B5C9B2E4
:108FA000012903690AD91849184840F25D1232F0C4
:108FB00064FD154840F25D1132F056FDEFF3118566
:108FC000402484F31288BFF36F8F0C2606FB013414
:108FD000A46C14F0C00408D0A24206D085F3118816
:108FE000BFF36F8F4FF0FF3070BD71430B44012210
:108FF0009A6485F31188BFF36F8F43680B445B68F5
:1090000098470020F0E700BF63610400A954040002
:1090100070B50D460649411A0446491105484022DB
:10902000FFF7BCFF2B4601462046BDE870401847BD
:10903000082D0020304A0400002270B501210446AA
:109040001046FEF78BFE0F4804F0F2FC0E4B9842E0
:1090500015D134F0F2F826690C49304632F077FD2C
:1090600000280BDB0125B5642469084904F12000C0
:1090700032F06DFD002801DB6565002070BD6FF0EA
:109080000400FBE74D9100000000AD0B804D040093
:109090007FB500220123CDE9022304ABCDE90433DF
:1090A000094ACDF800D06B46CDF804D033F096FCD9
:1090B000002805DB4FF480420023684612F034FD9F
:1090C00007B05DF804FB00BF03CA030010B5EFF35F
:1090D0001184402383F31288BFF36F8F074A13680C
:1090E00023F00201DB07116002D4012004F08AFCA6
:1090F00084F31188BFF36F8F10BD00BF602D002077
:1091000030B4104B0C2202FB003301460020D3E99F
:1091100010521864EFF31180402484F31288BFF3D7
:109120006F8F9C6C04F0C00444F002049C6480F3D4
:109130001188BFF36F8F1DB12B46034830BC184711
:1091400030BC7047082D0020304A0400012808B5C3
:1091500006D0042808D090B90E4B9B6C5B0717D142
:10916000BDE80840FFF7CCBF0B490C4840F26E2227
:1091700032F083FC40F26E21074832F075FC06495C
:10918000064840F2722232F078FC40F27221F3E796
:1091900008BD00BF082D002063610400A95404002D
:1091A00010B4EFF31182402383F31288BFF36F8F63
:1091B0001848016841F002040460C80708D482F32B
:1091C0001188BFF36F8F01205DF8044B04F0FABBE8
:1091D0004FF08041D1F80C04D1F80C14C907EED53A
:1091E000EFF3118083F31288BFF36F8F0A498B6C02
:1091F00003F0C00343F002038B6480F31188BFF3D4
:109200006F8F82F31188BFF36F8F00205DF8044BDE
:10921000FFF776BF602D0020082D0020024BC0B262
:1092200003EB4010704700BF082D00202DE9F041EE
:109230004349BFF35B8F0646012251E8003F41E8F6
:1092400000200028F9D1BFF35B8F9BB93D493E4810
:109250004B60CB608A60FDF70DF900280ADA3B49C4
:109260003B484FF40C7232F008FC4FF40C71374855
:1092700032F0FAFB76B3731E012B58D8012E07D1BA
:109280004FF08043D3F81C3403F00303012B21D0AB
:1092900038F0D9FC0546F8B92E4B1B78E3B14FF0F6
:1092A00080430222C3F808230746DFF8AC804FF062
:1092B0008044D4F81824D4F81834D20315D503F018
:1092C0000303012B01D0012E0FD155B387F3118871
:1092D000BFF36F8FBDE8F081EFF31187402383F375
:1092E0001288BFF36F8F0125DFE7ADB1384633F049
:1092F0000CF8D4F81835002BDBD1D4F80421002A5F
:10930000D7D0C4F80431D4F804310123C4F8183597
:10931000C8F88031A360CCE70021212013F036FF8C
:10932000E7E74FF080430222C3F80423D2E707495E
:10933000074840F2422232F0A0FB40F2422196E779
:10934000042D0020F42C0020282D0020636104004F
:10935000A9540400AB79002000E100E008B50748FB
:1093600038F09EFB38B10648FFF712F80448FCF7C6
:109370008BFE002008BD6FF01200FBE7944A04004A
:10938000859300000A2838B5074D044604D1AB6820
:109390000D215B6828469847AB6803485B68E1B2DB
:1093A0009847204638BD00BF944A040008B542687B
:1093B00003691269D2F8402591420AD30649074849
:1093C00040F2451232F059FB034840F2451132F0A9
:1093D0004BFB9960002008BDC9610400A95404003A
:1093E0002DE9F84F436801691B690A68D3F84041C9
:1093F0000546B4B1D3F80443E40312D50024C3F8FE
:109400004041D3F8403152B92E492F484FF4AB7246
:1094100032F033FB2B484FF4AB7132F025FB496837
:10942000904700244FF480384FF001092646D5F8C4
:1094300004E09EF80930A34201D8BDE8F88FE1B2FC
:109440008B1CDBB24FEA830CDEF8102028690CF588
:10945000A07C08FA03FA52F80C7009FA03FB27B152
:10946000D2F804731AEA070F03D1C7681BEA070F83
:1094700025D042F80C606FEA0B0B0C3052F80C70E0
:10948000BFF35B8F50E800CF0CEA0B0C40E800C73D
:10949000002FF7D1BFF35B8FC2F808A3DEF80C00F2
:1094A00050F8347040F8346000EBC40C3FB103F561
:1094B000A873284652F82320DCF80430B84701345A
:1094C000B5E700BFC9610400A95404002DE9F74FB6
:1094D000054640685668C3680069D0F84005864272
:1094E0000FFA81FE03EBC10400F2B48053F83E0092
:1094F000002840F0B280106843F83E009368636033
:10950000D5F804802B69D8F81040D2F804A0D668AA
:10951000D4F840059A680093824208D350495148D4
:109520008C2232F0AAFA8C214D4832F09DFA023199
:109530005FFA81FC4FF4803707FA0CF70197D4F8F3
:109540004025019BD4F804736146890013EA070B98
:1095500006F0010901F5A07006D041494148992261
:1095600032F08BFA9921DFE7012767642144D4F8B0
:109570004475D1F84035C1F8407544F800B0205822
:10958000B9F1000F42D0009B9868C6F34006101A4C
:109590005346C1F840356968096901274F64D719F6
:1095A0003A42D1F8441503F1FF3343D1591A01EA85
:1095B0000203984249D2B9F1000F14BF6FF03D0089
:1095C0000020002E3CD02B696968BFF35B8F01221D
:1095D00002FA0CFC0C3353E8005F45EA0C0543E843
:1095E0000054002CF7D1BFF35B8F0B6943F30733B3
:1095F000002B08DB590903F01F039A4001F14003D7
:10960000194941F8232003B0BDE8F08F5008824586
:1096100002F1010B32BF0126002610461BEA020FA1
:109620000AEB070301D11340B3E7D71BBA4588BF44
:109630009B1AAEE78B4236BF7F1A5B1ADB19B8E77D
:10964000D8F80C3043F83E60DDE7019BC4F80433E2
:109650000020D8E76FF01500D5E76FF00F00D2E7D4
:10966000C9610400A954040000E100E0034B044A6E
:109670000020C2F8043583F830007047A16E002046
:1096800000E00040024B002083F83000704700BF2C
:10969000A16E0020012A10B50BD1CA8B920608D505
:1096A0008A8B102A05D19DF80800012801D1012BD1
:1096B00006D01248452132F0A1FC6FF0150010BD14
:1096C000886810B90E484521F5E70E4890F83040FB
:1096D00034B10D48452132F091FC6FF00F00EEE7F8
:1096E00080F83030094C4C600B708968814201D1A0
:1096F0000020E4E732F06CFEFAE700BF2E620400BF
:109700007C620400A16E00209162040011970000A9
:1097100010B54A68102A0C4606D01D48452132F083
:109720006DFC6FF0150010BDCB680F2B02DC1948E3
:109730004521F4E709681848814201D032F048FE1B
:10974000164B0022C3F80021D3F80011C3F80421FE
:10975000D3F8042101221A60D3F800211AB9D3F8F2
:109760000421002AF8D0D3F8043133B10C48452144
:1097700032F044FC6FF00400D5E7A0680949884244
:1097800002D0102232F024FE636823610020CAE771
:10979000A8620400CF620400B16E002000E0004027
:1097A000EC620400C16E0020EFF31182402383F3CA
:1097B0001288BFF36F8F0A4BD3F8001161B10021FB
:1097C000D3F80805C3F80011D3F80031C0B282F312
:1097D0001188BFF36F8F70476FF00A00F7E700BF83
:1097E00000D00040F0B5034610469C7893F803C0C3
:1097F000EFF31182402585F31288BFF36F8F1F7836
:1098000093F801E0E41B04EA0C04A04288BFA0B274
:109810003E180CEA06063D461E7082F31188BFF31F
:109820006F8F0A188A4216D177450CD1EFF3118257
:10983000402181F31288BFF36F8F1978597082F33A
:109840001188BFF36F8F1B79241AA34222BF064BE6
:1098500001221A60F0BD5E190135767901F8016BBD
:1098600005EA0C05DEE700BF00D000402DE9F04717
:109870002D4D0069A8420E4614460AD02B492C48AB
:109880004FF4817232F0F9F828484FF4817132F0C8
:10989000EBF8DB4313F0010504D03030FFF7A2FFF3
:1098A000BDE8F0879AB3EFF31188402383F3128861
:1098B000BFF36F8F0D20FEF743FA07460D20FEF72A
:1098C0002BFA88F31188BFF36F8FDFF868A0DFF8F9
:1098D0006880CAF80051DAF800314FF400590123CA
:1098E000CAF800302546C8F88091DAF8003183B113
:1098F000FFF75AFF031EC8F88091F6DB013DADB2B9
:109900007355002DF1D117B10D20FEF7F7F9204660
:10991000C6E7EFF31180402383F31288BFF36F8F04
:1099200032F0F3FCE1E700BF842D00202163040046
:10993000A954040000D0004000E100E02DE9F0410E
:10994000184B07699F420D46144605D107F145089B
:109950005CB92046BDE8F08113491448E42232F096
:109960008CF81148E42132F07FF84FF0FF334FF0CC
:10997000FF32384612F0D8F8224629464046FFF713
:1099800031FF0646384612F095F83EB94FF0FF32E7
:109990004FF0FF33064812F0C7F8E6E7A41BA4B265
:1099A0003544D5E7842D002021630400A954040028
:1099B0009C2D002038B5204B04699C420AD01F49D9
:1099C0001F484FF4A37232F058F81C484FF4A371AB
:1099D00032F04AF801221146204638F0F3F801220D
:1099E000002104F1180038F0EDF840F20743A4F824
:1099F00048304FF0706323630C2384F83430002523
:109A0000104B84F84550A4F84650D3F8042522F0B2
:109A10000102C3F804250121C3F80051D3F8002145
:109A2000C3F804132A4619600D20FEF797F90D209C
:109A3000FEF764F9284638BD842D00202163040018
:109A4000A954040000D0004010B5FFF7ADFE002877
:109A500020DB174B93F8322093F8314093F8331002
:109A6000141B31EA0404C0B20DD193F8472093F8D7
:109A7000464093F84810141B31EA04040BD10D4BF7
:109A800001225A600EE09C180132114084F8350022
:109A900083F8321010BD9C180132114084F84A003E
:109AA00083F847100448BDE8104012F003B800BF27
:109AB000842D002000D000409C2D0020F7B50F46DB
:109AC000164640B917491848182231F0D6FF182118
:109AD000144831F0C9FFE1B912491348192231F095
:109AE000CCFF1921F4E7331BB3F5806F38BF1D4657
:109AF0002A4601AB391900202FF024F968B9019BDF
:109B00009D420AD12C44A642EDD809D0162003B0BC
:109B1000F0BD4FF480650024F5E76FF01500F6E71F
:109B20000020F4E763630400A9540400024B0B60B7
:109B300001231360704700BFD82D002000487047F4
:109B4000484E040070B50D462846194616461C4678
:109B500033F000F840B9084823462A46452132F040
:109B60004DFA6FF0150070BD24B1224629463046EB
:109B700032F02EFC0020F6E7A363040010B50122AA
:109B800011460748074C38F01DF803F0B7FF34F0D2
:109B900018FA206034F011FA6060002010BD00BF98
:109BA000E02D0020D82D00204FF08042D2F8101573
:109BB000D2F8103501F01E0123F01F030B4343F0D0
:109BC0000103C2F81035024B00221A70704700BF23
:109BD000D26E00204FF08053D3F83031082B20D1C3
:109BE0004FF08042D2F81015CB071AD5D2F81035B5
:109BF00001F01E0123F01F030B43C2F81035D2F809
:109C000008315BB1D2F8103523F01F030B4343F04A
:109C10000103C2F810356FF08B007047024B012230
:109C20001A700020704700BFD26E0020F8B50446BD
:109C300034F0C3F9237B05460BB133F00DFB134F12
:109C40000026FFF7C7FFE8B9606809F0E7FDA368E1
:109C50005B1BA36063682B4463603B780BB1FFF729
:109C6000A3FF237B01363BB9A368002BE9D1A06891
:109C7000003818BF0120F8BD304603F0F7FF002878
:109C8000F2D0F4E76FF08B00F5E700BFD26E002052
:109C9000F0B587B00E46154634F08FF929460746D1
:109CA000304632F057FF58B3B6FBF7F307FB1363A8
:109CB00023B9B5FBF7F407FB145454B11F482B46E6
:109CC0003246452132F09AF96FF01504204607B06C
:109CD000F0BDBD42FAD34FF0FF334FF0FF321848CA
:109CE00011F022FF33F0ACFA02AB014668B9102242
:109CF000184632F078FBCDE90365FFF797FF17E0D0
:109D000010482B4632464521DCE7102221461846F2
:109D100032F069FB01228DF814200B4ACDE90020B6
:109D20000A48CDE9036503F0F1FE684603F0F4FE4E
:109D30000446034811F0BEFEC8E700BFC563040037
:109D4000E02D0020A36304002D9C0000645E010050
:109D500070B5037B04460BB133F07EFA194E012532
:109D6000A368032B06D8184AD2F80034DB07FBD5CA
:109D7000002070BDFFF72EFF08BB236860681968DC
:109D800009F080FD33780BB1FFF70EFF63680433F1
:109D90006360236804332360A368043BA360237BD0
:109DA0000135002BDCD0284603F060FF0028D7D017
:109DB000054AD2F80034D907FBD50120D9E76FF066
:109DC0008B00D6E7D26E002000E0014070B50D4652
:109DD00086B01946284616461C4632F0BBFE50B9DE
:109DE0001D4823462A46452132F008F96FF0150434
:109DF000204606B070BD45EA04039B0704D017480F
:109E000023462A464521EFE7002CF1D04FF0FF33DF
:109E10004FF0FF32124811F087FE33F011FA03467B
:109E2000CDE9026502A804948BB101238DF81430AA
:109E30000C4BCDE9003041F64C5003F067FE68460C
:109E400003F06AFE0446064811F034FED0E78DF8B0
:109E50001430FFF77DFFF5E7A3630400E963040016
:109E6000E02D0020519D000010B5036941B91C4947
:109E70001C483A2231F001FE3A21194831F0F4FD34
:109E8000486830B9164917483B2231F0F6FD3B21AE
:109E9000F3E75868F8B1884219D19C68086858609F
:109EA000A14200D19860002008602AB15A680A6077
:109EB0009A68596002B99960002010E0814206D189
:109EC0000868206098688142EDD19C60EBE7044609
:109ED00000680028F2D1002AE8D16FF0150010BD0B
:109EE00030640400A954040038B545682B69B3B147
:109EF0001035284609F01AFB044680B90146284669
:109F000009F0DAFA084B98420BD108492246284654
:109F100009F0A2FA224605210620FDF71FFF0020C6
:109F200038BD6FF00400FBE70000AD0B01A200009C
:109F300008B503685909024613D0012906D103F078
:109F40001F034FF6FF71D940C80712D40A490B48C6
:109F500040F2693231F091FD074840F2693131F049
:109F600083FD4FF0FF31D940C907EFD54FF0A04036
:109F700000E00348136008BD6C640400A9540400A9
:109F800000030050F0B54068057B01F01F0444EA6F
:109F90004514056987B0002D5CD0B2F5001F00F1B3
:109FA000100506D12146284633F0EBFF002007B00C
:109FB000F0BD01AE0027B2F5800F0197776034D174
:109FC000B3F1007F14BF052304238DF80430002370
:109FD000CDE9046303938368CB40D90717D4B2F16A
:109FE000A07F14D168460094FFF7A2FF009B03F501
:109FF000E07350F82330DB0709D46A46214628462F
:10A0000009F030FA164B98421AD0CDF808D003AABE
:10A010002146284609F0F0F8124B98421DD1012242
:10A020002146284609F098FAC0E7B3F1C06F05D081
:10A03000B3F1007F14BF01230223C6E70323C4E763
:10A040006946284609F082FA064B9842DDD06FF047
:10A050000B00ACE76FF08500A9E76FF01500A6E7ED
:10A060000400AD0B0000AD0B2DE9F043466840F253
:10A070000635337BD00687B001F01F0702EA0505DD
:10A0800047EA431754BFC2F340130323B5F5837F58
:10A0900014468DF8033044D00FD8062D18D007D8B9
:10A0A000B5B1022D3FD06FF0150007B0BDE8F083C9
:10A0B000B5F5807FF7D101250AE040F202229542F2
:10A0C00033D0B5F5407F32D0B5F5007FEBD1022516
:10A0D00022032ED5726801238B40C2F808353369FC
:10A0E0007BBB03A80397FFF723FF039B00EB8300D1
:10A0F00084F48033C3F30043C4F34044D0F8002712
:10A1000044EA43049DF8033022F4E16244EA830404
:10A1100022F0070244EA05231343C0F80037002069
:10A12000C3E70725D4E70425D2E70525D0E70325B3
:10A13000CEE7630341BF012372688B40C2F80C3540
:10A14000CDE710360DF102023946304609F08AF9A2
:10A1500014F4403F804616D13946304633F00FFFA5
:10A16000244B9845DBD19DF80210304609F0E8F900
:10A170004045D4D020492148AB2231F07EFC1E4816
:10A18000AB2131F071FC01AB4FF0000903AA394655
:10A190003046CDE90439CDE90199CDF80C9009F0AC
:10A1A0002BF8144B98427FF47EAF14F4003315D093
:10A1B0009DF803308DF80E3084F48034C4F30044ED
:10A1C0004B4603AA394630468DF80C508DF80D40A9
:10A1D00009F0C6F8074B9842C2D064E7CDE90433D2
:10A1E00003AA0DF1030339463046039309F004F83E
:10A1F000F0E700BF0000AD0B9F640400A954040009
:10A20000420970B5034602D0012A1AD070BD124E21
:10A21000326951680029F9D003F01F0301250C6849
:10A220009D400029F2D08A682A400ED04B6853B96D
:10A230000A490B485D2231F020FC08485D2131F0CD
:10A2400013FC084EE4E7304698471CB123682146CA
:10A250001C46E6E72346FAE7584A04003064040047
:10A26000A9540400444A0400014BB3F8480770475E
:10A2700000100020024B002083F84C17704700BFED
:10A280000010002038B50B4DD5F8404764B94FF4A5
:10A290007A704843C5F8402733F09FF838B9C5F8BD
:10A2A00040076FF00F0038BD6FF07700FBE72046E6
:10A2B000F9E700BF0010002008B550B90B490C4861
:10A2C0004FF46B7231F0D9FB4FF46B71074831F0EA
:10A2D000CBFB036843B90549054840F2AD3231F084
:10A2E000CCFB40F2AD31F1E7186808BDF360040023
:10A2F000A954040008B533F033F830B904484521B7
:10A3000031F07CFE6FF0040008BD0020FCE700BFC8
:10A31000E764040008B5084B93F94C0733F016F8CE
:10A3200033F029F830B90548452131F067FE6FF068
:10A33000040008BD0020FCE70010002007650400B1
:10A3400021B1012906D06FF001007047012313608D
:10A3500000207047004BFAE7E84E040070B5144641
:10A3600086B00C290ED8DFE801F007182F33370D1F
:10A370000D0D0D0D0D3C9F00137843B1507820B1A9
:10A38000012802D06FF0150005E033F043F8207883
:10A3900033F051F8002006B070BD53791179106880
:10A3A00033B133F04AF80028F4D16FF00B00F2E734
:10A3B00030B133F04BF80028ECD16FF00100EAE740
:10A3C000084633F046F8E5E7107833F021F8E1E786
:10A3D000107833F019F8DDE73A4B1268C3F84427D8
:10A3E000D8E7937A43B10121002033F022F801210C
:10A3F000084633F01EF8CDE713894FF6FF729342FB
:10A400004FD06268002A4CD004ADAA42ADF80C309F
:10A4100002F108030CD29D420ED22B492B4840F288
:10A42000B12231F02AFB284840F2B12131F01CFB67
:10A43000F3D006A98A42EFE7294613F8010D01F887
:10A44000010B9342F9D1226812B1137859060AD14F
:10A450000122002103A832F0EAFF0122114628461A
:10A4600032F0E5FF96E75078C3F3C01100F07F00AB
:10A4700041EA400149B21A2913D1012603F07F03B2
:10A4800000960233002103A832F0C6FF2268137839
:10A49000009603F07F0302333146284632F0BCFFBA
:10A4A00078E76FF0850076E7107832F0AFFF237819
:10A4B000044A82F84D37002B7FF46CAF32F053FF23
:10A4C00068E700BF001000202A650400A9540400BA
:10A4D00070B5054688B04668046904F5996037F0A0
:10A4E0004FFB0122002104F5D16037F06BFB012204
:10A4F000002104F26C6037F065FB03F061FF32F07D
:10A50000B4FF82B2D301110101F4016103F480733D
:10A5100012020B4302F48062134343F49553164A2C
:10A5200043F00F03A2F84837012384F84D3733680E
:10A530002846984704F5806600220023CDE90623CB
:10A5400000256FF00D03CDE90335CDE901550B4B27
:10A5500000944FF4487204F18001304611F046FF38
:10A560000749304637F075FB0648492131F046FD72
:10A57000284608B070BD00BF0010002049550000FB
:10A580009B660400A36604002DE9F0418C461C4C38
:10A590000746DDE9060100232646D4F8EC84B8F12D
:10A5A000000F0FD00133102B04F11804F5D1154919
:10A5B000154840F23F4231F060FA124840F23F4104
:10A5C00031F052FA18245C433519C5F8EC7485F85B
:10A5D000F9C485F8F8243A7837F07CFC05F59E63D9
:10A5E000C3E90001B6F86836A5F8FA3404F59D61B0
:10A5F000A6F8688631440548BDE8F04137F0CDBA89
:10A600000010002077650400A9540400C81400203D
:10A6100037B5114D04462868FFF74EFE631E072B21
:10A6200016D8DFE803F017041315151515170123C5
:10A630008DF807300023A5F86836D5F844371BB1EC
:10A640000DF107020121984703B030BD0223EFE767
:10A650000323EDE70023EBE7001000204378054AD1
:10A66000C3F3001382F868364378C3F3C00382F85B
:10A67000693670470010002010B5154B002283F892
:10A6800020270A7883F84A274A7883F84B278A6874
:10A69000C3F82C278AB191F90D0083F83907887B1C
:10A6A00083F83807D1E9040150EA010403F5E664B0
:10A6B00008D100220023C4E900230648BDE8104069
:10A6C00011F0F8B9127837F005FCC4E90001F4E79D
:10A6D0000010002088160020064880F82017137804
:10A6E00080F84A37537880F84B3700F5D16011F085
:10A6F000E1B900BF00100020034B83F8840603F289
:10A700006C6011F0D7B900BF00100020034800238F
:10A7100080F8843600F26C6011F0CCB90010002093
:10A7200070B5094BD3F8405704465DB11868002254
:10A73000C3F84027FFF7C0FD94F900102B46BDE891
:10A740007040184770BD00BF0010002010B5084BC6
:10A75000D3F840475CB118680022C3F84027FFF7E0
:10A76000ABFD234647F6FF71BDE81040184710BD0A
:10A770000010002008B503685909024613D00129CA
:10A7800006D103F01F034FF6FF71D940C80712D45A
:10A790000A490B4840F2693231F06FF9074840F23C
:10A7A000693131F061F94FF0FF31D940C907EFD578
:10A7B0004FF0A04000E00348136008BD6C64040043
:10A7C000A9540400000300502DE9F04F934685B0D2
:10A7D000054600EB810740F2FF18AF4203D100208D
:10A7E00005B0BDE8F08F2A685604C2F3C323C2F354
:10A7F000080400F183804349444508BF4FF0FF340B
:10A80000B2F5002FCE5C4FEA52430DD2013B022B32
:10A8100011D8DFE803F021505300173B022B50D82A
:10A82000DFE803F063666900A3F11602032AF4D996
:10A830006FF08500D4E7CBF80C45611C39D003A834
:10A840000394FFF797FF039B012202FA03F3C0F87A
:10A8500008354FF0010A05E0CBF81445601C28D0FC
:10A860004FF0000A2B68019303F40042002A03A86A
:10A8700016BF4FF0000AD1464FF001090394FFF7CD
:10A8800079FF039C019B00EB8400C3F3412CD0F8BB
:10A890000047330224F4413443EA8C0324F4437424
:10A8A00043EA0A0324F00304234343EA4903C0F8BC
:10A8B0000037043591E7CBF80845BEE7CBF81045E3
:10A8C000CCE7CBF86045621C2B68F2D0C3F30043A1
:10A8D000002BB4D103A80394FFF74CFF039B012284
:10A8E00002FA03F3C0F80C35B3E7CBF86445EAE7A6
:10A8F000CBF86845E7E7CBF86C45E4E76FF0150067
:10A900006EE700BF0267040002480021C2E90001AF
:10A91000002070470024F40008B503685909024676
:10A9200013D0012906D103F01F034FF6FF71D94060
:10A93000C80712D40A490B4840F2693231F09DF839
:10A94000074840F2693131F08FF84FF0FF31D940BC
:10A95000C907EFD54FF0A04000E00348136008BDE1
:10A960006C640400A954040000030050F7B5456866
:10A97000AE6B044601AA0021304632F001FA0028ED
:10A9800043DB019B326819791868FFF71DFF002827
:10A990003BDB00273E462B6806F5AC7253F82230AD
:10A9A000002B0EDB01A80193FFF7B6FF019AD0F848
:10A9B0000435D34013F001031CBF0123B3403B43D4
:10A9C000DFB20136042EE6D1002301206268916ACD
:10A9D00000FA03F23A420CBF01220022D20321F80E
:10A9E00013200133042BF1D100231A4605F108018D
:10A9F000284609F0A1F8074B984208D0064822687B
:10AA0000452131F0FBFA6FF00F0003B0F0BD0020DC
:10AA1000FBE700BF0000AD0B0A6704002DE9F3411E
:10AA2000BDF820C04568046903290CF0010C05D964
:10AA30004B480A46452131F0E1FA16E0AE7F012E7F
:10AA400008BF5B084FF0010608BF52088E40002B7C
:10AA50005DD09A425ED92768BA421AD02779B743A7
:10AA600008D04048452131F0C9FA6FF0150002B016
:10AA7000BDE8F0819646BEF5004F40D22260677176
:10AA80002A6895F81E80C2F80C75C2F80485C2F8D1
:10AA900008E5627923FA02F292B2012740688CF04D
:10AAA000010E806A42EACE3220F81120F6B2002F61
:10AAB0003ED12A6801F5AC7152F82120002A0FDB43
:10AAC000BCF1000F47D0B3FA83F35B0933BB01A895
:10AAD0000192FFF721FF019A01239340C0F80C3542
:10AAE000217921EA0601217131B3A3795BBB0023EF
:10AAF000012205F12801284609F044F821E0013738
:10AB0000082F4FEA5E0EB6D11748452193E71F463E
:10AB10001A46C3E7002747F6FF72BFE701A8019274
:10AB2000FFF7FAFE019A01239340C0F80835D7E7F2
:10AB3000237933432371D8E7284609F085F80123A8
:10AB4000A371002093E70023A371284609F0B2F80F
:10AB50000028FAD0CBE7003B18BF0123B6E700BFBF
:10AB60002F67040049670400636704002DE9F74379
:10AB70000646002201210220FDF7F0F80220FDF731
:10AB8000BDF8776835693C684FF00008C4F8008567
:10AB90002E60D7F80C9001AA4146484632F0F0F8F2
:10ABA000002834DB019BD9F8002019791868FFF7D9
:10ABB0000BFE00282BDB6B7AD6F810C0012B03D0DC
:10ABC000032B22D14FF01008AB7A032B1DD1E97A69
:10ABD00009B1012919D12A7A12B1022A15D10E22FE
:10ABE0006B687068B3F5164F00687AD02DD8B3F54E
:10ABF000165F79D016D8B3F5966F77D00AD8B3F52B
:10AC0000967F76D0B3F5167F76D06FF0850003B0CF
:10AC1000BDE8F083B3F5166F71D0B3F5965FF4D14C
:10AC20005B4B3EE0B3F5E14F6CD007D8B3F5615F05
:10AC30006AD0B3F5964FE8D1564B32E047F6122E64
:10AC40007345E2D14FF400032BE0B3F5613F5DD0D3
:10AC500013D8B3F5963F5CD009D84DF6C02E734596
:10AC600059D0B3F5614FD0D14FF46B0319E0B3F570
:10AC7000E13FCAD14FF0EB7313E0B3F5612F4DD034
:10AC800009D8DFF82CE173454BD0B3F5E12FBCD1E7
:10AC90004FF0E86305E0DFF81CE17345B5D14FF0F4
:10ACA0008053C0F82435736841EA08011B680A43E1
:10ACB000C3F86C25D5E901010CF1040383E8030016
:10ACC0007B6899073CD505F11C0008F00BFE324B60
:10ACD000984229D03148452131F090F96FF00400B5
:10ACE00095E74FF41D03DCE72D4BDAE74FF49E2385
:10ACF000D7E74FF4A033D4E74FF41C33D1E74FF438
:10AD00001D23CEE7274BCCE7274BCAE74FF06C73E8
:10AD1000C7E7264BC5E74FF46503C2E74FF0706302
:10AD2000BFE74FF08063BCE7287F04F10C0204F515
:10AD3000907133F07DF82B7F0120984008F0D6F811
:10AD40000823C4F800353B7A53B9C4F81031D4F85D
:10AD50001031AB69C4F834350123C4F838352360A9
:10AD60007B689A075CBF4FF48073C4F804337B6838
:10AD7000DB0644BF4FF48003C4F804336B69C4F8A6
:10AD8000443500200123C4F84805A360E3603EE792
:10AD900000B0130000A04E000000AD0BA867040037
:10ADA0000050270000C0750000F03A0000903A0102
:10ADB00090D0030040420F002DE9F041044607699E
:10ADC0000D4636F040FF4FF04008B0B91F4B1B78DE
:10ADD0009BB16426606832F0ACF8F0B9012033F022
:10ADE00025F8013EF6D10021212012F0CFF9F0E73D
:10ADF00081F31188BFF36F8FF5E7EFF311810E46F2
:10AE000088F31288BFF36F8F606832F092F880B9D0
:10AE100081F31188BFF36F8FEFE7EFF311810E46D7
:10AE200088F31288BFF36F8F606832F082F80028D1
:10AE3000DED07B691D7079690122204631F0BAFFAE
:10AE400086F31188BFF36F8FBDE8F081AB790020E6
:10AE500070B5012383400E4ABFF35B8FDC4352E899
:10AE6000001F01EA040542E80056002EF7D1BFF3A7
:10AE70005B8F4FF4803282400648C0F80823BFF34E
:10AE80005F8FBFF36F8F0B4214BF0120002070BD96
:10AE9000242E00200010014070B40E49D1E9003486
:10AEA000D01AC31844F1000422F07F46C1E90034EF
:10AEB000A6F50013B3F5400F09D2074B1B681A0A19
:10AEC0001B069C19054B42F10005C3E9004570BC07
:10AED00012F096BCB8180020282E0020C0180020C0
:10AEE00011B3BFF35B8F0123104A834052E800CFB8
:10AEF0004CEA030C42E800C10029F7D1BFF35B8F95
:10AF00000B4A4FF480338340C2F80433094BBFF33C
:10AF10005B8F1B68BFF35B8FC340DB0742BF064BF1
:10AF20004FF40032C3F80021704700BF242E0020E8
:10AF3000001001401C2E002000E100E0032808B5AD
:10AF400008D906490648862230F097FD0348862135
:10AF500030F08AFD83000348184408BDEA67040006
:10AF6000A95404004011014008B5431E022B08D922
:10AF700006490748A82230F080FD0448A82130F097
:10AF800073FDBDE80840FFF763BF00BFEA67040038
:10AF9000A954040008B5431E022B08D906490748E6
:10AFA000BA2230F06AFD0448BA2130F05DFDBDE8F8
:10AFB0000840FFF795BF00BFEA670400A9540400EA
:10AFC000431E022BD0B504460AD91949194840F24C
:10AFD0009B1230F052FD164840F29B1130F044FDB8
:10AFE000FFF736FF144B014603EB04134FF0FF3617
:10AFF0004FF0FF372046C3E9026732F045F80F4AA9
:10B000004FF48033A340C2F848330123A3400C4AD5
:10B01000BFF35B8FDB4352E8006F1E4042E80064E1
:10B02000002CF8D1BFF35B8FBDE8D040FFF758BFCD
:10B03000EA670400A95404007818002000100140B9
:10B040001C2E00200D4B1868010A0006BFF35F8F0D
:10B050000B4BD3F80435181841F10001B3F5801FEC
:10B060000AD2084BD3E90023904271EB030303D2C9
:10B0700010F1807041F10001704700BF282E0020C0
:10B0800000100140C01800202DE9F04F85B0164691
:10B090001F469DF840A00446FFF7DAFE0190FFF737
:10B0A000D1FFB04271EB070354D23E4B301A67EB2D
:10B0B0000101984271F100014FD23B4B03EB0413A5
:10B0C000D3E902239F4208BF96425ED037494FF42E
:10B0D000803804F1500508FA04F8AD00C1F848833F
:10B0E0002046ADB231F0D0FF26F07F4B05F1804510
:10B0F00004F5A87305F58835DC464FF00309029383
:10B10000029A2CF07F4341F82230C1F84483D1F8F1
:10B110000435274A6FF00200C01A604420F07F40D7
:10B12000904232D9286868B1D1F804350393A3EB73
:10B130000B0020F07F40B0F5000F26D9204631F0FB
:10B14000A3FF039BBAF1000F07D109EB030C09F130
:10B150000109D5E7BAF1000F09D06FF015052046B7
:10B160000199FFF7BDFE284605B0BDE8F08F012329
:10B17000104ABFF35B8FA34052E8000F184342E828
:10B1800000010029F8D1BFF35B8F07490E98230116
:10B1900001EB0412C8500F9B5360C2E902670025FF
:10B1A000DDE700BF0100800078180020001001409A
:10B1B000FDFF7F001C2E00201FB5411E02290AD969
:10B1C0000A490B4840F28B1230F057FC074840F216
:10B1D0008B1130F049FC00210291079901910699E9
:10B1E0000091FFF751FF05B05DF804FBEA6704002A
:10B1F000A95404001FB5411E02290AD90A490B4867
:10B200004FF4CA7230F039FC07484FF4CA7130F07D
:10B210002BFC012102910799019106990091FFF7FA
:10B2200033FF05B05DF804FBEA670400A95404008D
:10B230007FB5264C264BC4F80833C4F84833254B59
:10B2400000254FF0FF304FF0FF314FF48032C4F84B
:10B2500008554FF48026C3E90201C4F804234FF4D3
:10B260000032C3E90601C4F80423C3E90A01C4F8A3
:10B270000463C3E90E014FF40023C4F80433164BF2
:10B2800002260121C4F804631120C3F880212A4654
:10B29000FCF764FD1120FCF731FD0123A36023605E
:10B2A0000E4B0F221A600E4B0E221A600D4B0E4AE7
:10B2B0000093CDE9015500232846FFF7E5FE30460F
:10B2C000FDF7B4FF284604B070BD00BF0010014078
:10B2D00003000F007818002000E100E0242E002079
:10B2E000202E002099AE0000FFFF7F000F4B70B5AD
:10B2F00001241868B0B1BFF35B8FB0FA80F0C0F1E1
:10B300001F0004FA00F1C94353E8002F02EA0105C7
:10B3100043E80056002EF7D1BFF35B8FC240D2073F
:10B32000E7D570BD6FF00B00FBE700BF202E0020BB
:10B3300030B5431C124C85B005D08442A8BF0446EA
:10B34000012CB8BF0124FFF77DFE0E4B0C4DD3E955
:10B350000013401AB0F5000F10D22218AA4228BFDD
:10B360002A4652184FF0000007490091CDE901002C
:10B3700043F10003FFF788FE05B030BD2A46F0E731
:10B38000FFFF7F00B818002099AE000008B5FFF756
:10B3900059FE024B1B68C01A08BD00BFB818002038
:10B3A00010B5084C012363601120FCF7B5FC064B77
:10B3B000C4F80833C4F84833044B4FF40032C3F8E0
:10B3C000802110BD0010014003000F0000E100E0EB
:10B3D00002460B46014810F063B900BFA8070020E1
:10B3E000014810F013BA00BFA8070020034808B5B1
:10B3F000452130F003FE0020FCF78EFB2F6804008F
:10B4000008B502460B460648452130F0F7FD0023FB
:10B4100083F31188BFF36F8F0323184602DF08BD43
:10B420005168040037B53223ADF80430134A0023C5
:10B430000125192168468DF80630ADF800508DF8C9
:10B440000230F7F7EFFE0446A0B90D482946F8F799
:10B4500093FE044670B901462A460820FCF77EFC9C
:10B460002A4621460B20FCF779FC2A46214628462D
:10B47000FCF774FC204603B030BD00BF01B40000EF
:10B480002C2E002008B54FF0FF304FF0FF31FFF7B2
:10B490009FFF40B107490848B62230F0EEFA054850
:10B4A000B62130F0E1FAF8F77FFFBDE80840FFF77A
:10B4B00097BF00BF6A680400A954040008B5084992
:10B4C000084836F0B0FB002808DA07490748302260
:10B4D00030F0D3FA0448302130F0C6FA08BD00BF7E
:10B4E0005C2E0020C818002097680400A9540400AE
:10B4F00037B50D4D0D49002400946FF007034FF44C
:10B500008862284610F0C0FD0949284636F0A1FBA4
:10B510000849094810F040FD224604211920FCF793
:10B520001DFC204603B030BDC818002080800020DC
:10B53000C068040085B400005C2E002037B51D4DA6
:10B540001D4C2B78003818BF012020708BB11B4890
:10B55000FF2101F029FB1A4B38BB21781870194ADA
:10B56000194B2870002918BF1A461848492130F095
:10B5700045FD1748FF2101F017FB10F11C0F17D0F4
:10B580004442A8B1204608F0CDFB40F29632019229
:10B59000104A0092034622460F48452130F02EFD06
:10B5A00003B0BDE8304001F0BBBB01221A70E0E7F8
:10B5B00003B030BDFA6E0020F66E0020FDD003000F
:10B5C000F96E0020D4680400D57F0400D968040017
:10B5D0003DB500000F6904001354040013B524F0B6
:10B5E0006BF9002833D11B4B1B7883B31A4A1378AD
:10B5F00003F0FF015BBB194B19481970037833BB8B
:10B6000001210170174813700370174A174813700F
:10B61000037043F2DD22164801F076FA444278B115
:10B62000204608F07FFB40F256320192114A009208
:10B63000034622461048452130F0E0FC01F070FB43
:10B640000E48492102B0BDE8104030F0D7BC02B02E
:10B6500010BD00BFFB6E0020F66E0020F86E0020CB
:10B66000FA6E0020F96E0020F56E0020F76E0020C3
:10B670003DB500000F69040013540400556904002F
:10B6800037B52C4B1B78002B4DD02B490B78002B5A
:10B6900049D02A4B1A7882B100221A70284B0A70BE
:10B6A0001978284A284B2948002918BF1A464921E9
:10B6B00003B0BDE8304030F0A1BC254D2B7893BBE2
:10B6C000244A137801249C40B4F5617F2DDC0133BA
:10B6D000782C13702CD932F001FD1F4B01461F4806
:10B6E000002908BF18461E4A43F6FF3302FB043305
:10B6F00000214FF47052B3FBF2F201F005FA44421C
:10B7000078B1204608F00EFB40F22D320192154A26
:10B710000092034622461448452130F06FFC01F0A8
:10B72000FFFA01232B7003B030BD4FF46174D2E7F0
:10B730000A48D8E7FB6E0020FA6E0020F96E002060
:10B74000F66E00207C690400D57F0400D9680400EF
:10B75000F86E0020F76E0020CD500100FDD00300F0
:10B7600040420F000F690400135404002DE9F84F04
:10B770001C469DF828300746884691466BB1661EE8
:10B78000002BDFF838B014BF4FF0FF3A4FF0010A3A
:10B79000002524B92846BDE8F88F1E46F0E719F8C1
:10B7A00006305A46A8EB05017819FCF7F7FD00288A
:10B7B000F1DB013C05445644E4B2EAE78169040048
:10B7C000F0B58BB002A900270446029738F0FEF8C6
:10B7D0000646204637F06BFD044638F083F9182EF4
:10B7E00005461CD8182E20D8DFE816F02A003900AC
:10B7F00073010F011F00730089001F001F001F004D
:10B80000B200DF00B8011F001F001F001F001F0053
:10B810002A0028011F001F003F0124007801302E5C
:10B8200000F02681352E00F09D81AF482346324638
:10B83000492182E04CB1AD482246492130F0DEFB7F
:10B840000020FFF71DFF0024DCE0A948492130F06B
:10B85000D5FB2046FFF714FF0124013CD2E0012074
:10B860000AF088FF444270B1204608F05BFAFD22DE
:10B870000192A04A0092034622469F48452130F09B
:10B88000BDFB01F04DFA01200AF084FF444270B183
:10B89000204608F047FAFE220192964A009203469B
:10B8A00022469548452130F0A9FB01F039FA0120E4
:10B8B0001CF038FF914B9248012249211A7030F058
:10B8C0009DFB002009F016F904460020FFF7D8FE82
:10B8D000C3E78C48492130F091FB64B949212DB16F
:10B8E000894830F08BFBFFF779FEA9E7874830F0F5
:10B8F00085FB0420E6E78648224645219EE7FCB901
:10B900000D22214606A8059430F06DFD03A823F012
:10B9100073FE03AA112105A831F0F3FB002803DA16
:10B920007C4905A830F010FD0020FFF707FE1AF053
:10B930003BFD4388784805AA492130F05FFB7FE74B
:10B9400010B176484921CCE775482246452175E774
:10B9500014BB0D22214606A8059430F044FD03A82F
:10B9600023F04AFE03AA112105A831F0CAFB0028E2
:10B9700003DA684905A830F0E7FC1AF015FD4388A2
:10B98000684805AA492130F039FB002D3FF458AF33
:10B990000020FFF7D3FD53E72246492118B1624842
:10B9A00030F02CFB9FE7614848E7ECB90D222146B7
:10B9B00006A8059430F017FD03A823F01DFE03AA86
:10B9C000112105A831F09DFB002803DA514905A893
:10B9D00030F0BAFC1AF0E8FC05AA43885448492123
:10B9E00030F00CFB02206DE722465248492130F02E
:10B9F00005FB51484222042101F086F8044600204C
:10BA0000FFF73EFE20460BB0F0BD9CB9029B4B48B1
:10BA10001A79492130F0F2FA38F064F800287FF4FE
:10BA200062AF474D6B79002B3FF463AF31F0CAFB37
:10BA30006C715EE7434822464521FFE6029C05976C
:10BA40000D22002106A830F0CEFC221D112105A8F0
:10BA500031F057FB002803DA2E4905A830F074FCBA
:10BA6000237B394805AA492167E723F07BFCE7E6F9
:10BA7000029D05970D22394606A82C1D30F0B3FC17
:10BA80002246112105A831F03CFB002803DA2149A8
:10BA900005A830F059FCAB7BAA892C4800934921BA
:10BAA00005AB30F0ABFA002203AB114620461DF087
:10BAB000EDFF00287FF4C4AE0221204628F09EFB53
:10BAC00000283FF4BDAE9DF80C10214801F06CF841
:10BAD000B6E6029B1F489A884921AFE61E485721C7
:10BAE00030F08CFAACE600BFE46E04008669040016
:10BAF000CB6904000F69040013540400FB6E00209E
:10BB0000FD6904001B6A0400426A04005E6A0400C6
:10BB10007B6A0400AF6A0400B76A0400106B04007B
:10BB2000486B04008D6B0400D56B04000B6C0400A3
:10BB30004B6C0400AB6C0400F54A0100D76C0400A8
:10BB4000B0190020FA6C0400246D04005C6D040040
:10BB50002D6102009F6D0400D96D04001348224638
:10BB600049216BE6D4B90D22214606A8059430F090
:10BB70003AFC03A823F040FD03AA112105A831F0E7
:10BB8000C0FA002803DA0A4905A830F0DDFB1AF0F4
:10BB90000BFC05AA438807484921F4E622464921BF
:10BBA00008B10548FCE6054848E600BFF46D04000E
:10BBB000AF6A0400246E04007C6E0400AB6E0400C7
:10BBC00008B540B1002023F0F9FC06484921BDE842
:10BBD000084030F013BA012023F0F0FC024849215C
:10BBE000F5E700BF176F0400406F04000F4AF0B57F
:10BBF000002304461746FF20C3EB0316DDB2BE5BED
:10BC0000A64203D192F804C08C450CD0FF2804D181
:10BC10004FF6FF7C664508BF28460133032B02F12F
:10BC20000F02E9D1F0BD2846FCE700BF1C6F0020E1
:10BC300073B50C4615460C4901AA1E4630F051FA60
:10BC400058B1019B4BB92D2C0AD1084922463046E8
:10BC5000A84700EAE07002B070BD6FF00100FAE79B
:10BC60006FF01500F7E700BF367004001C6F00206E
:10BC700010B5074C2D220021204630F0B4FB4FF0C8
:10BC8000FF3323706370E3732374A377E37710BDEE
:10BC90001C6F00202DE9F843114D064600242F4665
:10BCA000C4EB041807EB080937F80830B3420FD18A
:10BCB0000C482246492130F0A1F90F2200212846E4
:10BCC00030F091FB4FF0FF3307F8083089F801306E
:10BCD0000134032C05F10F05E2D1BDE8F88300BF64
:10BCE0001C6F00207C6F04002DE9F04F354C87B0AD
:10BCF000217B8046E08B15F063FE192520BB404672
:10BD000037F0A9F90570637D43700623837085239E
:10BD1000C370FF230371E18B053037F0E2FD074666
:10BD200005230022CDE90332B4F811300293237BBE
:10BD30000193E37A0093244A02233946404632F0C5
:10BD4000D5FC07B0BDE8F08F404637F084F90570A8
:10BD5000637D4370002506238370C5700571E18BF8
:10BD6000DFF868900646053037F0BBFD074682468F
:10BD700007F8015B4FF6FF7B144BE18BC5EB051217
:10BD80009A5A914214D199F804201148492130F06F
:10BD900035F99AF8002001328AF8002099F8042039
:10BDA00007F8012B0135032D09F10F09E4D1B7E79D
:10BDB0005A45F7D10748492130F020F9327901324C
:10BDC0003271EFE7FC6E0020FD6E00201C6F00203A
:10BDD0009F6F0400B56F04002DE9F04F89B0FF2973
:10BDE0004C4E06900D4608D0C1EB01134A4AD25A78
:10BDF0004FF6FF739A4240F08680317BB6F81B0005
:10BE000015F0DEFD00280CBF4FF0850A4FF08B0ABD
:10BE1000069837F020F919230370737D43704FF0B3
:10BE2000010B80F802B080F803A0B6F81B100430B4
:10BE300037F057FD0446727F04F8012BBAF1000F6A
:10BE40004DD1DFF8D4900790C5EB0517B91C2046FB
:10BE50000222494430F0BCFA079B4F4483F803A008
:10BE60001C1DFB794FEA051863B12C48492130F0BD
:10BE7000C5F82046062137F034FD80F800B03B7A43
:10BE80004370841CA8EB05074F447B7A63B12448B8
:10BE9000492130F0B3F82046082137F022FD012374
:10BEA0000370BB7A4370841CA8EB05054D44EB7A04
:10BEB000ABB11C48492130F0A1F84FF48171204604
:10BEC00037F00FFD6A7B002A0CBF012202220270AC
:10BED00003462A7B03F8012F6A7BBAB95C1C052351
:10BEE0000022CDE90332B6F811300293337B01937F
:10BEF000F37A00930C4A06980223214632F0F6FBAF
:10BF000009B0BDE8F08F4FF0000A81E7AA7B5A70B4
:10BF1000C41CE4E7FC6E00201C6F0020CB6F040003
:10BF2000E76F04000A700400FD6E00200249034818
:10BF30002D22FAF77DBF00BF1C6F00202F70040078
:10BF400008B5FFF795FEBDE808400148FAF7E0BFE5
:10BF5000F40000202DE9F04F342185B0044637F07D
:10BF600020F903238246012205210A2032F004FF32
:10BF700098B1D0F806301D7801231A4605210A2011
:10BF800032F0FAFE48B10223012205210A2032F0E4
:10BF9000F3FE10B10DB131F000F99AF800304C3BCE
:10BFA0000B2B00F26284DFE813F00C008301F10038
:10BFB0001B016501510232046004600460044F04F7
:10BFC0005D043421204637F0ECF83421C668204661
:10BFD00037F0E7F8B6F80310D0F81090B37832884D
:10BFE000C4480091492130F009F8852389F80030D0
:10BFF000B1783088FFF7FAFDFF28054600F0BB80D6
:10C00000C0EB0013DFF8208338F803204FF6FF73EE
:10C010009A421CBF6FF01A03CAF804300701204689
:10C0200036F091FF022840F29180204636F081FFE1
:10C0300090F802A08346204636F085FF0AF1030AF5
:10C040005FFA8AFA824500F281805146204637F035
:10C0500040F84FF0010ABBF800009BF802300628B8
:10C060002DD1002B44D031F08FF840B37B1B4344DB
:10C070000121D9719BF8031019729F489BF8023077
:10C08000BBF80020009149212FF0B8FF4FF0000AC3
:10C09000204636F058FF022855D9204636F049FF91
:10C0A00081780331C9B283462046029136F04BFFB6
:10C0B0000299814247D8204637F00BF8CBE7BBF80E
:10C0C00000009BF80230082812D19BB331F05CF8D5
:10C0D00070B17B1B4344012159729BF80310997284
:10C0E0009BF80230BBF80020844800914921CBE73F
:10C0F000BBF800009BF80230B0F5817F1AD1CBB1BC
:10C1000031F042F8B0B17B1B43440120D8729BF858
:10C11000031019739BF802C0844582BF58739BF8C3
:10C12000040098739BF80230BBF80020744800911B
:10C130004921A9E79BF80230BBF80020714849214A
:10C140002FF05CFFA4E7BAF1000F03D06E4857212F
:10C150002FF054FF7F1B328828F8072008EB0703D5
:10C16000B2781A71B6F803205A80002389F800309B
:10C17000FFF7DCFE06E0654845212FF03FFF8923ED
:10C1800089F80030012005B0BDE8F08F3421204649
:10C1900037F007F83421C568204637F002F8AB784D
:10C1A00086682A885A4849212FF028FFA9782888CC
:10C1B000FFF71CFD49210446024656482FF01EFF9A
:10C1C00031461B22544830F003F9294603225348D4
:10C1D00030F0FEF800222146514800F051FDD1E731
:10C1E0003421204636F0DDFF3421C568204636F084
:10C1F000D8FF34210669204636F0D3FFAB78D0F85B
:10C2000008A02A88474849212FF0F8FE8B23337075
:10C21000B5F80080A9784046FFF7E8FCFF280446FF
:10C220001ED0414DC0EB00174FF6FF73EA5B9A42F8
:10C2300005EB070914D000B2C0EB00100F2200215B
:10C24000284430F0D0F84FF0FF333848EB55224601
:10C25000492189F801302FF0D1FE0023337087E7A0
:10C260009AF80C10404615F0ABFB00288AD18523C4
:10C27000337087E73421204636F093FF3421C568B8
:10C28000204636F08EFF34210669204636F089FFBD
:10C2900084682A88264849212FF0B0FE217B28880F
:10C2A00015F08EFB0028E2D02888FFF7F3FCD4E7D6
:10C2B0003421204636F075FF3421D0F80C8020461A
:10C2C00036F06FFF34210769204636F06AFF846834
:10C2D00098F802301748B8F8002049212FF08EFE58
:10C2E000217BB8F8000015F06BFB28BB85233B7061
:10C2F00048E700BF4370040095700400CE7004004E
:10C30000067104003D710400727104008B71040019
:10C31000C071040000720400FC6E0020176F002042
:10C32000D9BD0000217204001C6F00207C6F040046
:10C33000637204009D720400B8F8009098F802102F
:10C340001FFA89F0FFF752FCFF2804466FD0394DE1
:10C35000C0EB00120601A85A4FF6FF71884205EBA8
:10C36000020358D06FF01A033348CAF8043022464B
:10C3700049212FF043FE062030F006FF78B10F2050
:10C38000082310FB0430284430F0C4FE38B92B4891
:10C3900049212FF033FE331B2B440122DA71082090
:10C3A00030F0F2FE78B10F200A2310FB043028444D
:10C3B00030F0C5FE38B9224849212FF01FFE331B4B
:10C3C0002B4401225A724FF4817030F0DDFEF8B137
:10C3D0001C4849212FF012FE0F200C2310FB0430C3
:10C3E000284430F0BEFE18B9331B2B440122DA7208
:10C3F000092301224FF481710A2032F0BDFC38B1CB
:10C40000D0F80630361B35441B78AB7301236B73B1
:10C4100000233B70ACE625F8029098F802201A71D0
:10C4200000229A70DA70084822464921A1E7892340
:10C430005DE700BF1C6F0020DE7204002D73040056
:10C4400057730400887304000873040034212046E5
:10C4500036F0A7FE3421C568204636F0A2FEAB7840
:10C46000D0F810802A88B94849212FF0C7FDA97853
:10C470002888FFF7BBFBFF28064600F0C681C0EB0B
:10C480000013B34FFA5AFD184FF6FF739A424FEA62
:10C49000001900F0BA811DF08DFDEB790446CBB395
:10C4A000AC4849212FF0AAFD0023012206210A20D1
:10C4B00032F062FC82460AF055F9D0F89C304BB35A
:10C4C0003421204636F06DFEDAF8061005469AF85B
:10C4D000020009F0F5FB9AF8021083460F230820AA
:10C4E00013FB06034A293B4400F2DB80402908D9AC
:10C4F000413940F28720C9B220FA01F1C80700F1A2
:10C50000D3805A46194605F10C002FF061FF002D2B
:10C5100040F0DF80A9EB06033B445B7ACBB38E4847
:10C5200049212FF06BFD0023012208210A2032F05F
:10C5300023FC82460AF016F9D0F89C304BB3342124
:10C54000204636F02EFEDAF8061005469AF802006C
:10C5500009F0B6FB9AF8021083460F230A2013FB5A
:10C5600006034A293B4400F2C680402908D94139D4
:10C57000C9B240F2872020FA01F1C90700F1BE805C
:10C580005A46194605F10C002FF022FF002D40F00D
:10C59000CA80A9EB06033B44DB7AD3B36F48492139
:10C5A0002FF02CFD082301224FF481710A2032F074
:10C5B000E3FB82460AF0D6F8D0F89C304BB3342126
:10C5C000204636F0EEFDDAF8061005469AF802002D
:10C5D00009F076FB9AF8021083460F230C2013FB18
:10C5E00006034A293B4400F2BD80402908D941395D
:10C5F000C9B240F2872020FA01F1CA0700F1B580E4
:10C600005A46194605F10C002FF0E2FE002D40F0CD
:10C61000C180A9EB0609B94499F80D30D3B350484D
:10C6200049212FF0EBFC092301224FF481710A20EC
:10C6300032F0A2FB81460AF095F8D0F89C304BB35B
:10C640003421204636F0ADFDD9F80610054699F89C
:10C65000020009F035FB99F802300F220E2112FB7F
:10C6600006164A2B82463E4400F2A780402B08D98A
:10C67000413BDBB240F2872222FA03F3DB0700F1F1
:10C680009F805246314605F10C002FF0A1FE002D8F
:10C6900040F0A88020461DF0D9FC002388F8003027
:10C6A00070E5F1297FF42DAF59462046039336F00B
:10C6B00092FC34210290204636F073FD039B054620
:10C6C000194602985A462FF083FE029B85F80CB05B
:10C6D0002B614FF420632B809AF80230AB70062355
:10C6E0002B81BAF800306B810AF03CF8D0F89C300E
:10C6F000204698470EE7F1297FF442AF594620467D
:10C70000039336F068FC34210290204636F049FD50
:10C71000039B0546194602985A462FF059FE029B84
:10C7200085F80CB02B614FF420632B809AF802300F
:10C73000AB7008232B81BAF800306B810AF012F835
:10C74000D0F89C302046984723E700BFBB73040015
:10C750001C6F0020FD73040016740400367404007E
:10C760005D740400F1297FF44BAF594620460393D2
:10C7700036F031FC34210290204636F012FD039B46
:10C780000546194602985A462FF022FE029B85F86C
:10C790000CB02B614FF420632B809AF80230AB7001
:10C7A0004FF481732B81BAF800306B8109F0DAFF06
:10C7B000D0F89C30204698472BE7F12B7FF461AFEF
:10C7C0005146204636F007FC34210746204636F015
:10C7D000E8FC05465246314638462FF0F9FD85F80B
:10C7E0000CA02F614FF420632B8099F80230AB70BE
:10C7F0004FF481732B81B9F800306B8109F0B2FFDF
:10C80000D0F89C302046984744E78B2346E73421F4
:10C81000204636F0C6FC3421C568204636F0C1FCFF
:10C8200084682A88124849212FF0E8FB21461B2200
:10C8300010482FF0CDFD022229460F482FF0C8FDE9
:10C840000E4800F0E9F99DE43421204636F0A9FCB9
:10C85000C4680B48228849212FF0D0FB2088FFF7BD
:10C8600019FA85E4FFF704FA82E400208BE400BFA4
:10C8700084740400FC6E00201A6F0020E9BC0000E4
:10C88000C174040008B537F043F950B108490948AC
:10C890004FF4AF722FF0F1F805484FF4AF712FF05D
:10C8A000E3F8054B01221A7037F01AF9FCE700BFD4
:10C8B00024750400A95404004A6F002070B5424B4F
:10C8C000BFF35B8F86B0002253E8001F43E80020CF
:10C8D0000028F9D1BFF35B8F3C4C694620460EF02F
:10C8E000A1FE00286DD19DF80030072B0CD8DFE8A1
:10C8F00003F004121A464D51555D9DF80C10019835
:10C9000022F014F81D3059D0002200236946204639
:10C910000EF0E8FDE1E7BDF80E209DF80C1002983E
:10C9200022F01EF8EEE735F0ECF94FF47A75A0FB33
:10C93000050305FB0131049EC30B43EA41439E42BC
:10C94000059B4FEAD1318B4117DB35F0DAF9A0FBBB
:10C95000050305FB0131C30B43EA4143F61A43F6D5
:10C96000FF3205FB06224FF47053B2FBF3F29DF841
:10C970000C10019822F0BAF9C4E70122F7E79DF8FC
:10C980000C100198002222F0CDF9BBE7019836F097
:10C990007FFAB7E7019836F08DFAB3E7BDF80C20BF
:10C9A000BDF80E10029836F098FAABE7BDF80C20EF
:10C9B000BDF80E10029836F0A6FAA3E704480FF06F
:10C9C0005DFB06B070BD00BF702E00202008002067
:10C9D000742E002013B5114911480FF0DDFA114BE8
:10C9E00000241C70104B1C60104B1C7036F077FE3E
:10C9F0001EF06CF8684600F067FC684622F0EEFD19
:10CA0000204622F0FFFD012022F02AFE4FF00070A8
:10CA100031F05AFB204602B010BD00BF45CD0000EA
:10CA2000742E002019050020A0420020C9790020A2
:10CA300008B5EFF3058353B10749084840F2711276
:10CA40002FF01BF8044840F271112FF00DF8044844
:10CA5000BDE808400EF0DABE24750400A9540400B5
:10CA60000C08002010B5EFF3058353B109490A48BB
:10CA70004FF4BC722FF001F806484FF4BC712EF051
:10CA8000F3FF0648BDE810404FF0FF324FF0FF3390
:10CA90000EF006BE24750400A95404000C08002002
:10CAA00070B5164B1E6886B005460C466EB130F068
:10CAB00081FB864209D1EFF3058333B9214628462D
:10CAC00006B0BDE8704021F031BF18220021684651
:10CAD0002FF089FC0195ADF80C4009480022002395
:10CAE00069460EF065FC044628B906480FF0C6FA00
:10CAF000204606B070BD6FF01C04F9E76C2E0020D4
:10CB000020080020742E0020F0B5244B1F6887B049
:10CB100006460D46144677B130F04CFB87420AD1E9
:10CB2000EFF305833BB922462946304607B0BDE8FE
:10CB3000F04022F0DBB81822002168462FF053FCA9
:10CB400002238DF800300196ADF80C5035F0D9F87D
:10CB50004FF4705303FB04F24FF47A74A0FB040308
:10CB600004FB0131C30B43EA4143B2FBF4F2C90BAE
:10CB7000D21841F10001CDE9042109480022002327
:10CB800069460EF015FC044628B906480FF076FAFF
:10CB9000204607B0F0BD6FF01C04F9E76C2E0020B2
:10CBA00020080020742E002070B5184B1E6886B037
:10CBB00005460C466EB130F0FDFA864209D1EFF31E
:10CBC000058232B92146284606B0BDE8704022F001
:10CBD000A9B81822002168462FF005FC03238DF820
:10CBE00000300195ADF80C40094800220023694649
:10CBF0000EF0DEFB044628B906480FF03FFA204647
:10CC000006B070BD6FF01C04F9E700BF6C2E002069
:10CC100020080020742E002030B5164B1D6887B008
:10CC2000044665B130F0C6FA854208D1EFF30583BA
:10CC30002BB9204607B0BDE8304036F029B918229C
:10CC4000002168462FF0CFFB04238DF800300194BB
:10CC500009480022002369460EF0AAFB044628B9C1
:10CC600006480FF00BFA204607B030BD6FF01C04E9
:10CC7000F9E700BF6C2E002020080020742E002051
:10CC8000F0B51A4B1F6887B006460C46154677B1BB
:10CC900030F090FA87420AD1EFF305833BB92A4678
:10CCA0002146304607B0BDE8F04036F016B91822EC
:10CCB000002168462FF097FB06238DF8003002967E
:10CCC000ADF80C50ADF80E4009480022002369462B
:10CCD0000EF06EFB044628B906480FF0CFF9204647
:10CCE00007B0F0BD6FF01C04F9E700BF6C2E002008
:10CCF00020080020742E002008B5084B1A785AB975
:10CD000001221A7030F075FA30F070FA00F0E2FB90
:10CD1000BDE8084030F06BBA08BD00BF496F002085
:10CD2000044808B545212FF069F930F065FA002074
:10CD300030F050FA597504000146014811F088B9E5
:10CD40002001002010B586B0114869460EF06AFC3B
:10CD5000B0B9BFF35B8F0F4B012153E8002F43E8BD
:10CD600000100028F9D1BFF35B8F8A4208D00A4C2B
:10CD70000021204621F0DAFD20B90320FFF7DCFF77
:10CD800006B010BD00214FF4004010F0FFF9EFE7AE
:10CD900020080020702E0020BDC80000F7B5002537
:10CDA0000646009534F0ADFF0F461649164A044674
:10CDB0008C464FF400402946E6FB00C10023604644
:10CDC000F3F730FA02460B460121104811F04AF8F9
:10CDD0000F4801AA694635F071F8009B13B10C4861
:10CDE00035F069F834F08DFF074A001BA0FB020301
:10CDF00061EB070102FB0133C00B40EA434003B083
:10CE0000F0BD00BF3F420F0040420F000C01002068
:10CE10002001002010B588B00D4C0E4900220023DF
:10CE2000CDE9062300230322CDE90323CDE9013315
:10CE300000934FF40462084B20460FF0D7FA074BDB
:10CE400018600749204608B0BDE8104034F001BF23
:10CE5000F01900200085002085C800006C2E0020FD
:10CE60007975040008B5044834F097FE0220FFF7F6
:10CE700063FF002008BD00BFB82E002008B550B9E0
:10CE80000B490C4840F232422EF0F7FD40F232419D
:10CE900007482EF0E9FD006840B90549054840F211
:10CEA00033422EF0EAFD40F23341F1E7103008BD85
:10CEB000F3600400A954040047F6FF7399421CBFB5
:10CEC0004B31C1EB0121074B0FBF01222E2291FBF9
:10CED000F2F1C9B20CBF1A7683F8201001480EF0A7
:10CEE000E9BD00BF902E002013B50023ADF8063039
:10CEF000064BADF804001B6805481C69006801ABCF
:10CF000002220121A04702B010BD00BF882E0020E0
:10CF10008C2E002013B5064B01901B6805481C6938
:10CF2000006801AB00220121A04702B010BD00BF84
:10CF3000882E00208C2E002013B50023ADF806307B
:10CF4000064BADF804001B6805481C690068012207
:10CF500001AB1146A04702B010BD00BF882E0020D3
:10CF60008C2E0020F8B5114C002323764FF470531B
:10CF700058434FF47A73B0FBF3F0E0614FF0FF32A7
:10CF80004FF0FF3320460EF0CFFD094D094F0A4EFA
:10CF9000E1693B682868DB6A324689B2984700B984
:10CFA000F8BD4FF4FA7010F01FF9F1E7902E002051
:10CFB0008C2E0020882E0020B9CE00002DE9F041F3
:10CFC000134C144E144F05464FF0FF3310484FF0EA
:10CFD000FF320EF0A9FD237E3BB994F820302B7070
:10CFE0000B48BDE8F0410EF065BD0023DFF82C8052
:10CFF0002376E1693B683068DB6A424689B298472C
:10D000000028E1D04FF4FA7010F0EEF8F1E700BF1D
:10D01000902E00208C2E0020882E0020B9CE0000FB
:10D02000034B044A1B680146DB681068184700BFC1
:10D03000882E00208C2E002010B5054B054A1B6859
:10D0400004465B69014610689847034B1C7010BD8D
:10D05000882E00208C2E0020EB04002008B5084B01
:10D0600093F9003013F1800F08D106490648D12208
:10D070002EF003FD0348D1212EF0F6FC037008BD0D
:10D08000EB0400208A750400A954040010B586B092
:10D0900004461822002168462FF0A5F901238DF8D7
:10D0A0000130064B06481B688DF800409B6A0068FB
:10D0B0006A460021984706B010BD00BF882E0020A8
:10D0C0008C2E002008B5054B054A1B681068DB69EB
:10D0D0009847044B02225A7008BD00BF882E0020DA
:10D0E0008C2E0020EB04002008B5054B054A1B6878
:10D0F00010681B6A9847044B00225A7008BD00BF95
:10D10000882E00208C2E0020EB040020024B587843
:10D11000831E584258417047EB040020024B587858
:10D12000003818BF01207047EB0400202DE9F041C2
:10D13000137886B0511C023B9BB2002603910591E7
:10D14000044600210020CDE900660296ADF81030BB
:10D15000ADF81230FBF73AFE054638B1294F012CE5
:10D160003E6007D0032C2FD02FF024FB002006B008
:10D17000BDE8F081DFF89880234B244E03225A70DB
:10D18000D8F8003030685B689847D8F8003010F065
:10D19000100FD3F8188030686B462A460CBF214622
:10D1A0000221C047044628462FF004FB164B0222FA
:10D1B00014F1230F5A7013D0FCB938681DF04CFEDF
:10D1C0000120FFF7B9FD16E00F4B5C70104B0246D3
:10D1D0001B680E489C6900686B463146A047E1E732
:10D1E00004201DF065FE0020FFF7A6FD40F2F220AE
:10D1F00000210FF0CBFF0120B9E701201DF058FE00
:10D200000020DEE7B42E0020EB0400208C2E00204E
:10D21000882E0020024B1868003818BF0120704784
:10D22000B82E0020F8B5054608B90020F8BD2348FF
:10D23000002200230EF0E6FB04460028F5D08368A8
:10D240000026B3BB3146284635F0C5FE07462046CA
:10D250002FF0E9FA3246394620462FF03EFB2846A9
:10D2600035F078FE94F8483000F8023C94F84930E4
:10D27000134EFF2B16BFAE3B124B1BB200F8013C06
:10D28000236A042128464FF47A725E43A36AB3FBF3
:10D29000F2F735F086FF3E44066094F84A102846BF
:10D2A00001F0010136F028FA20462FF083FA012020
:10D2B000BCE71A8A5B681644C3E700BFB82E00209B
:10D2C00040420F000080FFFF70B5214E04463068D9
:10D2D00050B92049204840F212222EF0CEFB40F2F5
:10D2E00012211C482EF0C0FBFFF7C8FD0379082B64
:10D2F00008D01849184840F213222EF0BEFB40F225
:10D300001321EEE73068FFF7B9FD05683068FFF7D5
:10D31000B5FDA54203790CD2EA1894420DD20F490B
:10D320000D4840F2B1222EF0A8FB0C4840F2B1218A
:10D33000D8E7F4D0E2189542F0E75A1E1544013CB4
:10D3400003B970BD15F8012904F8012F013BF7E777
:10D35000842E00208A750400A95404002A65040064
:10D3600070B5044648B92449244840F21D222EF0E5
:10D3700084FB40F21D2120480CE0214B186003681B
:10D3800053B920491D4840F2AD322EF076FB1D48BE
:10D3900040F2AD312EF068FB1B681B4D2B6043B98A
:10D3A0001549164840F221222EF067FB40F2212158
:10D3B000E1E79B68154E336043B90F490F484FF4BE
:10D3C00009722EF05AFB4FF40971D4E70120FFF7E0
:10D3D0005DFEFFF7FFFA0E4834F0D2FB0122114642
:10D3E0000C4834F0EFFB336828681B6A98472046E6
:10D3F000BDE87040FBF772BB8A750400A9540400B5
:10D40000842E0020F36004008C2E0020882E002043
:10D41000B82E0020902E002070B50C46896800229E
:10D420000B4643B9052A0AD0164A174845212EF063
:10D43000E5FD012070BD188A5B680244F1E7CB6806
:10D440001B7803F00703022B03D00E4A0F48452137
:10D45000EDE70F4D2B681BB10E4845212EF0CEFD98
:10D460000D4E3146052201F8012B20462FF035FAEA
:10D47000002804DA094845212EF0C0FDD9E72E60C6
:10D480000020D7E741760400C2750400DC75040073
:10D49000B42E0020FC7504004B6F0020227604009F
:10D4A00007B50023019304210DEB01002EF0C0FF0E
:10D4B00040B1064906485D222EF0DFFA03485D219F
:10D4C0002EF0D2FA019803B05DF804FB5776040001
:10D4D000A954040008B5084B0848186034F0E0FA75
:10D4E00040B90749074865222EF0C7FA044865216C
:10D4F0002EF0BAFA08BD00BFD42E0020E44A040082
:10D5000057760400A95404002DE9F043804691B0F9
:10D510000F4616460AB101B140B92E492E486C2279
:10D520002EF0ABFA6C212B482EF09EFADFF8B49067
:10D53000D9F8005035B92749274821222EF09DFA05
:10D540002121F0E708AC1C22002120462EF04BFFE1
:10D55000224B0F930023CDE906331023CDE9033688
:10D560000593CDF82880AA680B950123009356688F
:10D5700002978DF820301A4621462846B04730B130
:10D580001449154832222EF078FA3221CBE79DF863
:10D590002030012B07D012490F48FF222EF06DFAE0
:10D5A0000F48FF21C0E7099B079402A9204698472E
:10D5B00030B10849084839222EF05FFA3921B2E724
:10D5C000D9F80000836821469B68984711B0BDE8F0
:10D5D000F08300BF57760400A95404001000320005
:10D5E0008A760400D42E002070B550B3154B164A2D
:10D5F0001978164C117000251D700123BFF35B8F45
:10D6000054E8002F44E800310029F9D1BFF35B8FC3
:10D610004FF47A767043FFF7C1FBBFF35B8F4FF493
:10D62000705300F56F503F30B0FBF3F05843B0FB40
:10D63000F6F054E8003F44E80052002AF9D1BFF365
:10D640005B8F70BD1905002018050020D82E002022
:10D65000024B1A78024B1A70704700BF1805002061
:10D6600019050020024B1A699B689A42FDD1704748
:10D670003001002008B50A490120F9F781FB18B1F3
:10D68000084845212EF0BAFC07490220F9F778FB3B
:10D6900028B1BDE80840054845212EF0AFBC08BDC3
:10D6A000E02E0020BC760400DC2E0020E37604008F
:10D6B000012870B514D85E18B6F5804F13D8AAB1FA
:10D6C000BBB101EB80310C4800682EF0A5FC30B1F5
:10D6D0000246452109482EF091FC4FF0FF3070BD05
:10D6E0006FF03800FBE76FF01600F8E76FF00B0003
:10D6F000F5E76FF00C00F2E7E02E00200D77040054
:10D70000012870B51C4619D85E18B6F5804F18D898
:10D71000D2B10BB9002070BDA40818D001EB803144
:10D720000C4800682EF08DFC02460028F2D00A4812
:10D7300045212EF063FC4FF0FF30ECE76FF038002E
:10D74000E9E76FF01600E6E76FF00B00E3E76FF034
:10D750000C00E0E7E02E002021770400012838B516
:10D76000044605D9002520461EF0DCF8284638BDC1
:10D77000084B4FF48042810318682EF077FC024674
:10D780000028EFD0044845212EF038FC4FF0FF353B
:10D79000E9E700BFE02E00203677040013B50D4BFB
:10D7A0000D480024CDE90034042300680DEB03028A
:10D7B00021462EF031FC50B9042269460DEB0200DF
:10D7C0002EF0DFFDB0FA80F0400902B010BD204617
:10D7D000FBE700BFE737DDF6DC2E002008B5024688
:10D7E00007480B46006804212EF016FC30B10246B3
:10D7F000452104482EF002FC4FF0FF3008BD00BF69
:10D80000DC2E00204B77040008B50B46114602467B
:10D810000648043100682EF0FFFB30B10246452176
:10D8200003482EF0EBFB4FF0FF3008BDDC2E00204C
:10D830007077040070B5114CBFF35B8F002254E881
:10D84000003F44E800210029F9D1BFF35B8F012B91
:10D8500012D154F8200CA4F1200583685B68984726
:10D8600054F8200C297F83684268527A8A4203D98F
:10D87000BDE870405B69184770BD00BF70010020B3
:10D880002DE9F0472C4DBFF35B8F4FF0010855E8B1
:10D89000003F45E80082002AF9D1BFF35B8F002BDF
:10D8A00048D115F8033C55F8200CA5F1200403F0ED
:10D8B000FF067BBB34F0F4F840B9204920485522DC
:10D8C0002EF0DBF81D4855212EF0CEF82677266184
:10D8D00055F8200C2FF09AFC4FF4F051194A002310
:10D8E000A0FB0101F2F79EFC0746A060894655F8AF
:10D8F000200C2FF08BFC13490246A7FB0105334691
:10D9000001FB0951F2F78EFCC4E905060E4B63607A
:10D9100084F81D80206883681B6898472068217FF1
:10D9200083684268527A8A4204D9BDE8F0471B698D
:10D93000064A1847BDE8F087700100208E77040082
:10D94000A954040040420F0051D9000054010020A6
:10D9500010B5124CB1B9BFF35B8F04F1200353E84B
:10D96000002F43E800100028F9D1BFF35B8F012A94
:10D9700008D1D4E905231344B3F5705FA36101D244
:10D98000FFF77EFFA369B3F5705F06D3A3F570536D
:10D99000A361BDE8104020F0E3BD10BD50010020A0
:10D9A000044BBFF35B8F1868BFF35B8F003818BF61
:10D9B0000120704770010020014B00201B681847B0
:10D9C000E42E002010B530B101280AD1BDE8104086
:10D9D0000848F2F7FBBE084BBDE810401B68012069
:10D9E0001847064906481C222EF047F803481C2118
:10D9F0002EF03AF8B9D90000E42E0020DD770400BB
:10DA0000A954040008B570B1012803D1BDE808404D
:10DA1000F2F72EBF044905482A222EF02EF80248BC
:10DA20002A212EF021F808BDDD770400A954040056
:10DA3000014B186001487047E42E00200000AD0B38
:10DA400010B5284C237E834208D027492748552209
:10DA50002EF013F8552124482EF006F8BFF35B8F03
:10DA6000236CBFF35B8F13BB092934D8DFE801F0C7
:10DA7000053333333321211C331F236AD3E90020BC
:10DA80009047012805D00223E06384F83430184819
:10DA90000EE047F230532363032384F83430154BF0
:10DAA00084F82900A363F2E70E480EF003F8002083
:10DAB00010BD002384F829300E490F4B207E2363CC
:10DAC000F6F79BFB0028F2D0074908484D222DF0BD
:10DAD000D4FF4D21BFE70449044881222DF0CDFF3A
:10DAE0008121B8E7E82E00201A780400A954040028
:10DAF0001C2F00200C2F0020FF3F420F0248012264
:10DB0000002134F05FB800BFE82E0020014BD8613F
:10DB1000704700BFE82E002070B54FF0FF31064679
:10DB20004FF0FF30FDF754FC054640B147494848E7
:10DB3000AE222DF0A2FFAE2144482DF095FF4549BD
:10DB40004548F2F79DFC0446FDF74AFC002C07DA35
:10DB50004248224645212EF051FA6FF00B0070BD6D
:10DB60003F4C40F201132385E36926626433E3628C
:10DB700047F2305323636FF0730384F82450E36358
:10DB800004F14006BFF35B8F56E8003F46E80052C1
:10DB9000002AF9D1BFF35B8FA36833B12B492C481E
:10DBA000C4222DF06AFFC421C6E74FF0FF304FF0CA
:10DBB000FF31FDF70DFC30B124492548C7222DF077
:10DBC0005CFFC721B8E7207E04F12401F6F715FBBE
:10DBD00030B11E491E48C9222DF04FFFC921ABE7C5
:10DBE000FDF7FEFB1F4A002320460DF09DFF002895
:10DBF0000EDA1D4845212EF001FABFF35B8F012399
:10DC000056E8002F46E800310029F9D1BFF35B8FB9
:10DC10004FF0FF304FF0FF31FDF7DAFB30B10B4929
:10DC20000B48D4222DF029FFD42185E7207EF6F77A
:10DC3000C6FAFDF7D5FBBFF35B8F236CBFF35B8F99
:10DC400013B107480DF0D0FFE06B88E71A780400A5
:10DC5000A9540400002F002041DA00005478040089
:10DC6000E82E0020447B0B007F780400074B012244
:10DC70001A64D3F84035B3FBF0F01844044BDB6969
:10DC8000984234BF00200120704700BF0080004050
:10DC9000E82E002010B50C29036912D118680A4C2F
:10DCA00080EAE073A3EBE073990803F00303002814
:10DCB00004FB03F3BCBF49425B42C2E900130020EE
:10DCC00010BD6FF08500FBE790D0030070B51548DC
:10DCD00033F0E6FE68B1134C134EA5682B6883B988
:10DCE000124913485B222DF0C8FE10485B212DF02D
:10DCF000BBFE10490E4819222DF0BFFE19210D4818
:10DD0000F5E7094904222046984730B109490848F7
:10DD10001D222DF0B2FE1D21F1E73368002BDDD06E
:10DD200070BD00BF804A0400302F002059600400FD
:10DD3000A9540400B9780400044B186880EA403004
:10DD400080EA504080EA401018607047302F002071
:10DD5000024B01221A7010F043BE00BF516F002029
:10DD600008B50020FBF75AFA40B90E490E4839228F
:10DD70002DF083FE39210B482DF076FE0B49002350
:10DD8000CB600B4B4B6003238B60F8F773FB0028D1
:10DD900006DA044904483E222DF06FFE3E21EAE7F0
:10DDA00008BD00BF14790400A9540400342F0020DA
:10DDB00051DD000010B50020FBF730FA044640B9F1
:10DDC0000F49104847222DF058FE47210C482DF0EE
:10DDD0004BFE0D49F8F728FC10F1780F02D12046D0
:10DDE000F8F7CCFB002806DA054906484A222DF050
:10DDF00044FE4A21EAE7054B00221A7010BD00BF1D
:10DE000014790400A9540400342F0020516F00201D
:10DE100040B2002808DB4309044900F01F0001223A
:10DE20004033824041F82320704700BF00E100E00A
:10DE300040B2002808DB4309044900F01F0001221A
:10DE40006033824041F82320704700BF00E100E0CA
:10DE500040B20028A7BF00F1604000F5614000F02B
:10DE60000F00034BACBF90F80003185C40097047EB
:10DE700014ED00E037B50F4CA5683B21EB68204658
:10DE8000984770B90C212B696A462046984740B9DB
:10DE9000094B009A93F90010914202D01A702FF0AA
:10DEA00057FA4FF4F012002304480EF041FA03B081
:10DEB00030BD00BF0C4B0400ED040020B81A002058
:10DEC00008B50C4833F0ECFD40B90B490B483B2238
:10DED0002DF0D3FD08483B212DF0C6FD0849094827
:10DEE0000EF038F90022002306480EF0BBF900209E
:10DEF00008BD00BF0C4B040076790400A95404004F
:10DF000075DE0000B81A0020014B93F9000070473D
:10DF1000ED040020084BD3F8082542F00302C3F8B3
:10DF200008250422C3F81025D3F8042522F00302A3
:10DF3000C3F80425704700BF00900040014B012248
:10DF40001A60704700900040014B01221A6170472F
:10DF5000009000400048704748900040054A06493C
:10DF600001235364D2F84435013B0B60C2F84835B5
:10DF7000704700BF00900040442F002008B50A4BB6
:10DF8000D3F8483540B9094909485D222DF075FD9F
:10DF900006485D212DF068FD064A12689A4216BFB8
:10DFA00003600020012008BD00900040F5790400C6
:10DFB000A9540400442F0020004870474C900040B2
:10DFC000014BD3F84C0570470090004008B5094B51
:10DFD0001B69834208D00849084846222DF04DFDB0
:10DFE000054846212DF040FDFDF72CF8BDE808401E
:10DFF00010F0DCBD181B0020427A0400A954040074
:10E0000010B509490C69844208D0084908485422CF
:10E010002DF033FD054854212DF026FDC1E90223E2
:10E02000BDE8104010F0E4BE001B0020427A04005E
:10E03000A954040038B51D4A1D4C002313702360F9
:10E04000FDF754F9002860600ADA1A491A4840F2CC
:10E0500003122DF012FD40F2031116482DF004FDBD
:10E06000164D4FF0FF33A360154B164C2B60164B2B
:10E070002360FDF73BF90028286108DA0D490E48B6
:10E0800040F20D122DF0F9FC40F20D11E5E7FDF71D
:10E090002DF90028206108DA0649074840F21312DA
:10E0A0002DF0EBFC40F21311D7E738BD526F002082
:10E0B000E81A0020427A0400A9540400181B00202A
:10E0C000CDDF0000001B002001E0000002460B46EF
:10E0D00001482FF0FFB800BF181B0020014B186942
:10E0E000FCF76EBF181B002070B5EFF3108672B6F8
:10E0F000084C23785BB9084D2869FCF735FF686147
:10E10000064D2869FCF730FF01236861237086F310
:10E11000108870BD526F0020181B0020001B0020CB
:10E1200010B5EFF3108472B60A4B00221A700A4B36
:10E1300059691869891A18BF0121FCF72BFF074B91
:10E1400059691869003918BF0121FCF723FF84F3CE
:10E15000108810BD526F0020181B0020001B0020EB
:10E1600010B5FCF76FFFC21CBDE81040024841F13A
:10E1700000032FF0AFB800BF001B002002460B4683
:10E1800001482FF0A7B800BF001B0020014B186901
:10E19000FCF716BF001B0020014B1869FCF7CEBE30
:10E1A000001B0020014BD3E902017047001B002037
:10E1B0002DE9F74F464CBFF35B8F05460E461746D9
:10E1C000012354E8002F002A03D144E8003100293C
:10E1D000F7D1BFF35B8F0CBF98464FF00008A14604
:10E1E00073D14FF0000ACDE900AA2A466068334691
:10E1F000FDF700F8E0B1BFF35B8F54E8003F012B5F
:10E2000003D144E800A2002AF7D1BFF35B8FFCF7EB
:10E2100019FFA84271EB060338D22E4B281A66EB81
:10E220000101984271F1000130D34FF002082DE056
:10E230006068FCF783FE8246EFF3108B72B6FCF742
:10E2400001FF023041F10001854276EB010121D24C
:10E250008BF310887A1C06D06068FCF76FFE0146CD
:10E26000F8B204F051FE4FF0FF336068A360FCF792
:10E27000A7FEBFF35B8F002359E8002F012A03D1CB
:10E2800049E800310029F7D1BFF35B8F404603B066
:10E29000BDE8F08F7B1C03D05146F8B204F02CFE91
:10E2A000A760C4E904568BF31088BFF35B8F022389
:10E2B00059E8002F012A03D149E800310029F7D19C
:10E2C000BFF35B8F4FF00008E0E74FF00308DDE796
:10E2D000E81A00200100400070B5174CBFF35B8FB7
:10E2E000042054E8003F022B03D144E80002002A36
:10E2F000F7D1BFF35B8F25461CD16068FCF760FE49
:10E30000A668731C06D06068FCF718FE0146F0B2E0
:10E3100004F0FAFD4FF0FF33A3600020BFF35B8FE2
:10E3200055E8003F042B03D145E80002002AF7D14D
:10E33000BFF35B8F70BD00BFE81A0020F8B51F4C1B
:10E34000BFF35B8F0546032354E8002F022A03D155
:10E3500044E800310029F7D1BFF35B8F26462AD16C
:10E36000EFF3108772B66068FCF7E8FD0146E8B28B
:10E3700004F0C2FD6068A560FCF7E0FD0568FCF7ED
:10E3800061FED4E904239042994112D2281E18BF9D
:10E39000012087F310880223BFF35B8F56E8002F1C
:10E3A000032A03D146E800310029F7D1BFF35B8F80
:10E3B000F8BD0120EDE70420FAE700BFE81A0020CD
:10E3C00008B503F02DFE01F0FDF82EF061FF01F01D
:10E3D00017FB104810F0A0F82FF00AF904F024FB06
:10E3E00001F0C6FB03F0B6FC10F080FBFFF76EFCFB
:10E3F00004F0BEFB10F018FB10F05EF901F094FC85
:10E400002EF05EFF10F02AFC03F02CFDBDE8084062
:10E4100003F0C6B9D84F04007FB505460C4631B3AA
:10E420004B792BB388792388ADF808300026A37880
:10E43000CDF80A6021798DF80D30E378ADF80E60E3
:10E4400043EA01210DF10A028DF80C002FF095F935
:10E450009DF809009DF8083000B933B900210096F5
:10E4600002AB2A4608462FF0B3FB04B070BD024C45
:10E4700001F0D8FBD7E700BFA77A0400064B0029BC
:10E4800018BF0B465A78197802B911B919462FF0FE
:10E49000ABBC1046704700BFA17A040037B5EFF35C
:10E4A000108372B6054CD4E9124583F31088CDE988
:10E4B0000045FCF769F803B030BD00BF581B0020D1
:10E4C000034B186808B190F8800000F00100704715
:10E4D000702F002008B5FFF7F3FF08B1014B186853
:10E4E00008BD00BF702F002008B5082811D8DFE84C
:10E4F00000F012050507090714141400012008BDD7
:10E500000420FCE7064B1B7813F0100F18BF012006
:10E51000F5E72EF0D6FE0020F1E70220EFE700BF7E
:10E52000596F002010B5064B1C78064B1878FFF782
:10E53000DBFFE4B2844234BF0020012010BD00BFE5
:10E54000576F00205A6F002010B5044601F0F8FA0A
:10E55000044B2046196801222FF099FABDE81040BB
:10E5600001F084BA482F002010B5044601F0E8FA03
:10E57000054B1A78054B204693F900102FF07EFAD0
:10E58000BDE8104001F072BA5F6F00205B6F0020A1
:10E59000014A10702EF089BF5A6F002038B504462A
:10E5A0000D4601F0CDFA054B2A46186821462EF09B
:10E5B00083FFBDE8384001F059BA00BF682F002042
:10E5C0000348044B0068002211462FF0C9B900BF70
:10E5D000702F00204C2F0020F7B5244B1B780746E6
:10E5E0000E461546002B37D004782EF074FF631CBE
:10E5F0005B01002834D103F1CE000DB1A83080B208
:10E6000033F032FD40B3FFF78DFF044620B355B31E
:10E6100002F07EFC10F07AFB154B18782FF09AF878
:10E62000144B291E1A7818BF012161F3C302384622
:10E630001A7002F0ADFD104B1B7800932A460F4B69
:10E64000314601F0EFFF012E07D12FF087F810F0CF
:10E650008BF910B902F03CF90024204603B0F0BD5C
:10E6600003F22E40C9E702F05BFCD3E7586F0020AD
:10E670005C6F0020596F0020556F00205D6F0020F7
:10E6800008B5064B1B7833B133F01BFD3B2894BF14
:10E690000020012008BD0120FCE700BF586F0020CA
:10E6A00010B5114C2EF09AFF0FF0A0FE2378012B2D
:10E6B00017D933F027FD0D4BD3E90423904299413C
:10E6C0000FD2012323700FF041FE01F00FFB012850
:10E6D00003D1074B18782EF0E8FEBDE8104001F09A
:10E6E0009BB900232370F0E7546F0020301B0020FB
:10E6F0005A6F0020F0B5144B87B004460E461546FD
:10E700000021182268461F682DF06DFE02948DF8D6
:10E710000D608DF80E504CB1EFF3108372B60B4ABA
:10E72000D2E91001CDE9040183F3108801F008FA61
:10E7300038462EF048FF694638462FF0AAF901F016
:10E7400095F907B0F0BD00BF682F0020581B0020CE
:10E7500073B5234B1B7805460C46002B3ED0FFF7C4
:10E76000E1FE00283AD01F4A137823F00703137004
:10E77000FFF7A6FE0646FFF7ADFE01F0F3FD00230E
:10E7800001A8ADF804302FF00CF801F04BFA2EF090
:10E79000E1FF154A01AB12782946032001F016FE6D
:10E7A000012D09D12EF0DAFF10F0DEF820B90CB9F6
:10E7B0002EF087FD0123237002F0AEFB10F0A6FAC5
:10E7C0003EB901F0BFFA094B1860FFF783FE01F074
:10E7D000C9FDFFF7F5FE064B00221A6002B070BDBE
:10E7E000586F0020596F0020566F0020702F0020B6
:10E7F0006C2F002008B5074B1B7853B1AE2033F0C7
:10E8000033FC30B1FFF78EFE18B1BDE8084002F0CE
:10E810001BB908BD586F00207FB52EF097FE182257
:10E82000002168462DF0DFFD054B6946186802F0AF
:10E83000BBFC69460220FFF7B1FE07B05DF804FBA0
:10E84000682F002010B5114B1B78EBB1FFF76AFE63
:10E85000D0B10F4C20460FF0EDFD33F032FCB0F597
:10E86000C07F11D32268C009831EB3EBD21F4FEAC9
:10E87000D21094BFA2EBC31200222260BDE8104068
:10E8800098BF184602F010B910BD00BF586F0020A5
:10E89000642F002010B5044602F01AF8082C1ED888
:10E8A000DFE804F0211D051D0B131D1519000021C3
:10E8B000BDE810400846FFF74BBF01220A4BBDE8F8
:10E8C000104018680021FFF787BE0022F6E7BDE878
:10E8D0001040FFF7B7BFBDE81040FFF78BBFBDE8A2
:10E8E00010402EF0EEBC10BD682F002010B586B091
:10E8F00008284FD8DFE800F03333050F24243542D1
:10E90000480061B3264B19680122062006B0BDE815
:10E9100010402FF0BCB8234C2368002283F88020DD
:10E92000214B062118682EF050FE204B20681A78E3
:10E930001F4B93F9001006B0BDE810402FF09EB8B1
:10E940001C4C1822002168462DF04DFD69462068B8
:10E9500002F02AFC6A46062120682EF0ADFD06B0C2
:10E9600010BD144C1822002168462DF03CFD69466C
:10E97000206802F019FC6A460521EDE7012006B087
:10E98000BDE810402FF0A6B8012006B0BDE8104049
:10E990002FF0B2B806B0BDE810402EF092BC00BF18
:10E9A000482F0020702F00206C2F00205F6F002068
:10E9B0005B6F0020682F00202DE9F04106461746C6
:10E9C00000F0E4FF054680B11F4C2378022B10D0E5
:10E9D0002278022AD3B216D04FF00008022B17D9A2
:10E9E000033B052B12D92EF06CFC00252846BDE810
:10E9F000F08101F09DFC2278022A8046D3B2EDD14D
:10EA000036B90028F1D14FF0000801E0002EECD01B
:10EA100001F05EFF2378022B0AD10C4B0C48002238
:10EA20001A7010F0ABF80FF06FFC20782EF03DFD5F
:10EA30002378072B01D10FF031FD002FD6D020789D
:10EA40004146FFF753FFD1E75A6F0020546F002073
:10EA5000301B002010B5FFF7AFFF044658B1074B3D
:10EA60001B782BB10120FFF793FD01F0C7FF10B910
:10EA70000020FFF78DFD204610BD00BF586F00201D
:10EA800073B50D461E46FFF797FF044628B333F0D3
:10EA90005FFB38B101F02AF9421ED2B2022A01D935
:10EAA0002EF00FFC0E4B03221A700E4B02201E603C
:10EAB000FFF76EFD6B1F5842584100260DF107010C
:10EAC0008DF80760FFF744FE9DF807302BB101F089
:10EAD000FFFE31463046FFF73BFE204602B070BDD8
:10EAE000566F0020482F00202DE9F041674A137827
:10EAF000107086B0044603F0FF0773BB002800F0D7
:10EB00008A8001F0BFFA624B01221A7010F0C0F83F
:10EB1000604E3578EDB22846FFF7E6FC8046284681
:10EB2000FFF7E2FC474579D384426CD23578022165
:10EB30000120EDB200F02AFF08B92EF0C2FB022D31
:10EB40007CD101F0F5FB074601F0C2FE002F00F07A
:10EB500088800620FFF7F8FC84E00028D8D14C4BD1
:10EB60001A78002A4FD04B4D18702B78022B02D107
:10EB700001F0DEFB044601F02DFB10F0ABF80FF0C6
:10EB8000FBFD0221012000F001FF08B92EF099FBE6
:10EB90002B78082B3AD8DFE803F036050B12252531
:10EBA00025363600002006B0BDE8F041FFF7F0BC86
:10EBB0004CB3052006B0BDE8F041FFF7C5BC364CAC
:10EBC0000220FFF7E5FC2368002283F88020334B06
:10EBD000042118682EF0F9FC206806B0BDE8F04169
:10EBE000FFF7C2BC0220FFF7D3FC182200216846C1
:10EBF0002DF0F9FB2A4B6946186802F0D5FA6946F0
:10EC00000420FFF7CBFC06B0BDE8F08106B0BDE8FC
:10EC1000F0412EF056BB0FF0AFFD79E78442F2D3FE
:10EC20003378204A022F1278DBB205D1042C03D1AD
:10EC3000042B01D1032AE6D030781FE001F048FE12
:10EC4000082D20D8DFE805F00D0D1F0A050A0A0D72
:10EC50000D00154B1A786FF304121A700220FFF79B
:10EC600097FC002728463946FFF740FE3578EDB27D
:10EC70002846FFF739FC8442C5D3284606B0BDE8D4
:10EC8000F041FFF707BE2EF01CFBEAE7576F0020AC
:10EC9000586F00205A6F0020702F00206C2F00202A
:10ECA000682F0020536F0020596F002008B5054BD6
:10ECB0001B78062B01D02EF004FBBDE808402EF097
:10ECC00087BC00BF5A6F002070B500200FF008FC11
:10ECD000224B1B7803F001031843C0B208B92EF091
:10ECE000F0FA1F4B1B78022B01D02EF0EAFAEFF35B
:10ECF000108172B61B4A93680133936081F31088C8
:10ED00000FF024FB00200FF0EBFB044600F0EEFFB9
:10ED1000012820D1022033F0D6F933F0F3F9124D57
:10ED2000044628460E460FF029FFA0344FF0010399
:10ED300046F100062B7728460C4B2B62C5E90446AA
:10ED40000FF0E4FE08B12EF0BCFA094A1378013343
:10ED5000DBB2137001E0002CDFD170BD566F0020D4
:10ED60005A6F0020581B0020301B0020A1E6000035
:10ED7000546F002008B51A4B1B78022B01D02EF0DF
:10ED8000A0FA184B1B789B0701D42EF09AFAEFF3E8
:10ED9000108172B6144AD3680133D36081F31088AE
:10EDA00000F0A4FF01280FD0022813D000200FF09C
:10EDB00097FB98B10D4B0E4800221A700FF0DEFE43
:10EDC000BDE808400FF0D6BA084B094800221A7077
:10EDD0000FF0D4FE022033F076F9E7E708BD00BF5C
:10EDE0005A6F0020566F0020581B0020546F0020DF
:10EDF000301B00202DE9F843DFF86891554D99F854
:10EE000000302C79022B804601D02EF05AFA042CC7
:10EE100055D8DFE804F00325075423000124012618
:10EE2000274601E0042400264A48224641462EF0A7
:10EE3000B7FD10B33EB14748394602F0C1FD064662
:10EE400028BB022F0ED000F0B9FE022C3FD0042CBC
:10EE50006FD0012C6FD1EC7C01343AE00524E2E75D
:10EE60000224DCE73C4A1378384643F00103137070
:10EE700033F029F92EF0C1FDE5E700F09FFE20B147
:10EE80002B6893F90030002BDFDC012607E000F04F
:10EE900095FE20B12B6893F90030002BD5DC01F0F2
:10EEA00017FD00210846FFF753FC99F800002EF0EB
:10EEB000FCFA2B685B7803F00703022B03D10024D4
:10EEC0002046BDE8F8833046FFF73EFBF7E72C7D90
:10EED0000234E4B2204E3378580719D4DFF8888022
:10EEE000D8F8003018782B685B780130400199061B
:10EEF00054BFA03000F5307033F0B6F80746E0B1EB
:10EF00003378D8F8000043F0040333702EF05EFB32
:10EF10003378DA07D4D52B685B789B06D0D500F020
:10EF200069FE0028CCD00B482EF06EFD0B4B18600C
:10EF3000C6E76C7D90E70024CCE701F0C9FC3946B8
:10EF40003846FFF705FC064B0122196805202EF014
:10EF50009EFDDDE74C2F0020596F00206C2F002014
:10EF6000482F00205A6F0020702F002013B5114C3D
:10EF70002378022B01D02EF0A4F90F4A137823F046
:10EF800007031370FFF71CFB20782EF08EFA002485
:10EF900001A8ADF804402EF004FC084A01AB127839
:10EFA0002146032001F012FA0220FFF7CDFA02B049
:10EFB00010BD00BF5A6F0020596F0020566F00200F
:10EFC00008B5054B1B78062B01D02EF07AF9BDE869
:10EFD0000840FFF721BC00BF5A6F00202DE9F04721
:10EFE000644EDFF8B0813568634F2EF084FA634BCE
:10EFF00018702B782B4413F8010C2EF070FB00B224
:10F000008000FF285E4B28BFFF201870D8F8003022
:10F01000197801310622C9B240462EF0C1FC814662
:10F02000002846D03B78D80743D40321404602F05D
:10F03000C7FC044680B94FF4087033F015F8002877
:10F0400039D03B7823F0050343F005033B702EF0E5
:10F05000D4FC30682EF0BAFA3B78D9072DD5EFF3FF
:10F06000108272B6474C63680133636082F3108884
:10F070002EF049FA02460B46EFF3108172B6C4E94E
:10F08000122381F310880FF095F93B78DA0726D424
:10F090003D4B18782EF009FA6B7803F00703022B2A
:10F0A0005DD03368002283F8802000F04BFE306092
:10F0B0003CE00424D0E70524CEE700F07FFD824643
:10F0C0000028CCD1304B18782EF0EFF9504651463D
:10F0D000FFF73EFB2046BDE8F047FFF735BAB9F130
:10F0E000000FD5D0D8F800305B789B06D0D500F063
:10F0F00081FD0028CCD02548254F02F031F8254865
:10F100002EF082FC38600028C2D00320FFF740FABE
:10F11000214B1B78032B10D9386802F039F8C02135
:10F1200001F052FB20BB336883F880002EF00EFA0A
:10F130002846BDE8F047FFF717BA042102200FF078
:10F1400029FC38B9EFF3108272B6A3690133A361C9
:10F1500082F310883368002283F88020E6E700F00D
:10F160002DFD014600289CD1BDE8F047FFF7F0BA1D
:10F17000BDE8F087702F0020596F00205B6F0020E2
:10F180005F6F0020581B00205A6F0020AE7A0400E9
:10F190006C2F00204C2F0020576F002030B51A4BE9
:10F1A0001A78052A87B004D01B78042B01D02EF0E2
:10F1B00088F8164D2B685A7812070AD42C68204616
:10F1C00000F00CFCF0B1204607B0BDE830402EF056
:10F1D0005BB91C7832F075FF013424018442EDD90B
:10F1E00001F076FB2EF0B2F91822002168462DF0CE
:10F1F000FAF82868694601F0D7FF28686A460421B2
:10F200002EF05AF907B030BD5A6F0020682F002049
:10F2100070B5164B1B78032B01D02EF052F8144D0D
:10F220002B685A78120707D428682EF0D3F928687B
:10F23000BDE87040FBF712BA1C7832F042FF01348F
:10F2400024018442F0D90B4C266801F041FB23686D
:10F250002868002283F8802005212EF0B6F92EF0D0
:10F2600075F93046BDE87040FFF77EB95A6F00204F
:10F270006C2F0020702F002010B5094B1B78032B3A
:10F2800001D02EF01EF8074B1C68002384F8803054
:10F290002EF05CF92046BDE81040FFF765B900BFCD
:10F2A0005A6F0020702F002070B52EF02CF9024606
:10F2B0000B46EFF3108172B6224EC6E90E2381F39E
:10F2C0001088214C2148217811F0080F10D06FF3DD
:10F2D00004112170016809784901D431541A63F18D
:10F2E0000005EFF3108372B6C6E90C4583F310886E
:10F2F00000682EF0F0F80446D0B10620FFF748F978
:10F30000FFF7DEF80446FFF7E5F801F02BF801F00F
:10F3100003FE0FF0FBFC01F005F994B900F012FDBB
:10F320000B4B1860FFF7D6F8BDE8704001F01AB833
:10F330002EF00CF9224621462046BDE87040FFF72A
:10F34000D9B970BD581B0020596F0020682F0020CC
:10F35000702F0020F0B54B4E4B4D30682C688DB0AF
:10F36000002838D0BCB3637803F00703022B32D1F6
:10F37000837803F03003202B32D1017801316B46C2
:10F380000322C9B22EF0ECFA28B32178013106AB82
:10F390000322C9B220462EF0E3FADDF818C09CF82B
:10F3A000023003F03003202B15D19DF80970FF2F98
:10F3B00011D09DF81F10009BFF290CD09DF8122042
:10F3C0009DF829E038B1D81905D0724503D16144C0
:10F3D0002CF0D7FF70B10DB0BDE8F040FFF71CBABC
:10F3E0002378052BF7D1A3789A06F4D4E278C37872
:10F3F0009A42F0D12EF087F802460B46EFF31081C7
:10F4000072B62248C0E9102381F310882D68306855
:10F41000002785F880700178013106AB0622C9B259
:10F420002EF09EFA58B3069A537803F00703032B85
:10F4300025D19DF82830FF2B21D0D35C042B1ED181
:10F440006378DB061BD50220FFF7A2F83946384661
:10F45000FFF77EF92EF04FF82B782B44044613F873
:10F46000010C2EF03CF902B29200FF2A28BFFF22C5
:10F47000D2B221462846FFF73DF90DB0F0BD2EF07F
:10F4800065F8E7E7682F0020702F0020581B002048
:10F4900038B5144B1B78042B01D02DF012FF124B02
:10F4A0001B789B0701D42DF00CFF2EF02CF80D4695
:10F4B000044601F035FD0FF029FCEFF3108372B61E
:10F4C0000A4AC2E90A4583F31088094B1B78032BCB
:10F4D00007D1042032F0F7FD064B1A786FF30412BF
:10F4E0001A7038BD5A6F0020556F0020581B00203D
:10F4F000536F0020596F00207FB5EFF3108172B673
:10F500000C4A13680133136081F310882EF01EF843
:10F510001822002168462CF066FF074B69461868E0
:10F5200001F042FE69460120FFF738F807B05DF8A8
:10F5300004FB00BF581B0020682F002037B51F4D6B
:10F540001F4C2B788342236838BF28707F2B16D935
:10F5500032F0B7FDB0F5C07F2ED32268C009831EFC
:10F56000B3EBD21F4FEAD21096BFA2EBC312002218
:10F570001846226003B0BDE8304001F095BA0EF0A5
:10F5800085FF044620B103B0BDE83040FFF75AB90B
:10F5900000F048FB2EF0DEF82DF0D8FF28788DF82B
:10F5A00004402EF0ADF88DF8040000F0C9FA01A86F
:10F5B0002EF087FA00F05AFA03B030BD606F0020D9
:10F5C000642F0020084A094808B500231370084A30
:10F5D0001370084A137032F09CFD2EF0B4F8BDE8A9
:10F5E00008402EF003BA00BF5A6F0020301B0020E5
:10F5F000586F0020546F002038B505462DF0EBFF02
:10F60000044668B1074B1A7842B11B78012B05D02C
:10F61000012211462846FFF71DFA044600F0FCF9C6
:10F62000204638BD5A6F00202DE9F04106460F46AE
:10F63000154698462DF0CFFF0446C8B10E4B1A78F8
:10F64000022A0DD01B78032B0AD0FFF719F80446C5
:10F6500030B1069B424639463046FFF711FA044660
:10F660000DB12046A84700F0D7F92046BDE8F0814B
:10F67000002DFAD0A847F8E75A6F00202DE9F0478F
:10F68000089F8146884616461C462DF054FF0546C5
:10F6900000286DD0384A214630462DF090FF0028D2
:10F6A00052D0012241464846FFF786F900284AD049
:10F6B000204601F055FD304A214630462DF081FFAD
:10F6C00000283ED000F018FBDFF8C4A094F80590A5
:10F6D0008AF8000032F03CFD40B100F00DFB032839
:10F6E0003FD039D80138C0B2012837D84FEA49098C
:10F6F0005FFA89F9214B224A83F800909AF800308A
:10F70000D91E4B424B41117863F30411117060799B
:10F71000C0F10500C0B2FEF73BFF1A4B62881E60C5
:10F72000194B1A80194B22791A706279E2B9A8F143
:10F730000503594259413046FEF74EFFA3791BB1EC
:10F7400010B92DF003FF00250FB12846B84700F08F
:10F7500063F92846BDE8F0870428C7D02DF0B1FD35
:10F76000C4E74FF00209C5E7E279531CDAB2DEE7DD
:10F77000002FEED0B847ECE7B9D40300556F002056
:10F78000596F0020682F00205D6F00205C6F002003
:10F79000536F002030B587B004462DF0CCFE0546EF
:10F7A00018B3174B1B78062B1DD1164B22681B680C
:10F7B0009A4218D100F012FA0246C8B90421012079
:10F7C000FFF748F908B92DF07CFD182200216846A2
:10F7D0002CF009FE2068694601F0E6FC20686A46C4
:10F7E00005212EF065F900F017F9284607B030BD65
:10F7F0006FF00103002204210120FFF741F9E1E746
:10F800005A6F0020682F002070B506460D462DF077
:10F8100092FE0446A8B1012211463046FFF7CCF80B
:10F82000044660B1084B802D38BF80251D60074B12
:10F83000002207201A70FEF7ABFEFFF703F800F076
:10F84000EBF8204670BD00BF642F0020606F0020E1
:10F8500010B504462DF06FFE012384F8803068B1A6
:10F86000074B1B7843B100F069FD28B1054B1C60C4
:10F87000FEF730FE00F076FD00F0CEF8012010BD5E
:10F88000586F0020702F002038B505462DF053FE2C
:10F890000446B0B10C4B1B781BB100F0C3F92DF03E
:10F8A00059FF0A4B1B78022B09D101222946104629
:10F8B000FFF782F818B100210846FEF749FF00F073
:10F8C000ABF8204638BD00BF586F00205A6F0020AB
:10F8D00010B52DF030FE044630B1044B1B780BB14F
:10F8E0002DF03AFF00F098F8204610BD586F002028
:10F8F00010B52DF020FE044668B1094B1B7803F0CB
:10F90000FF0433B1074B1B78022B06D100F048FEF1
:10F91000044600F081F8204610BD0024F9E700BF3E
:10F92000586F00205A6F002038B5054600F062FE7F
:10F9300010B90024204638BD2DF0FDFD0028F8D078
:10F94000094B1B781BB9002400F066F8F2E700F0C1
:10F9500051FE0028F7D000F05BFE04460028FAD0E4
:10F960002DF0C9FD2870EFE7586F002010B52DF07D
:10F97000E2FD044630B1044B1B780BB100F090FC63
:10F9800000F04AF8204610BD586F0020F8B5084F27
:10F9900005460E46002457F8043B33B1314628464D
:10F9A000984718B10134042CF5D10120F8BD00BFEF
:10F9B000F84F0400F8B5084F05460E46002457F8E6
:10F9C000043B33B131462846984718B10134032C23
:10F9D000F5D10120F8BD00BFEC4F040070B5074E13
:10F9E0000546002456F8043B2BB12846984718B129
:10F9F0000134032CF6D1012070BD00BFE04F04009C
:10FA0000034B00221A70034BFF221A70704700BF8D
:10FA1000626F0020616F002070B5134EEFF3108508
:10FA200072B6337803F0FF0433B92DF04AFCFF249B
:10FA3000347085F3108870BD013C14F0FF04F7D1D9
:10FA40000FF030F820B185F310880FF01BF8E5E7D0
:10FA5000012108460EF09EFF10B101202DF025FC7B
:10FA6000FEF75EFBE4E700BF626F002010B5074CB5
:10FA700023781B0601D52DF024FC054B1B780BB910
:10FA80002DF01FFCFF23237010BD00BF616F00200D
:10FA9000626F002010B5104B5C68C4F30804BCB161
:10FAA000E4B2A4F11002D3B252B2511D06DA2DF025
:10FAB00008FC0A4B04F00F04185D07E0002AF8DB8D
:10FAC00003F1604303F5614393F80003400910BD5F
:10FAD0004FF0FF30FBE700BF00ED00E014ED00E069
:10FAE00038B50446FFF7D6FF431C08BF7F20EFF36D
:10FAF000108572B6104A3CB913782BB10F4B1978A8
:10FB000043B249B2994206D114780134E4B2012CCF
:10FB1000147004D0012485F31088204638BDFEF708
:10FB2000E3FA214620460EF035FF0028F2D02046A9
:10FB30002DF0BDFBEEE700BF626F0020616F00207B
:10FB400010B5094C2378FF2B01D02DF0BAFB074BE1
:10FB50001B780BB92DF0B5FBFFF79CFF431C08BFCA
:10FB60007F2040B2207010BD616F0020626F0020C6
:10FB700010B5114C5A23637401230222FF21E018AF
:10FB8000A3742CF030FCFE23E3700822FF23002135
:10FB9000601D23712CF027FC002363732D230322A7
:10FBA000A373E37302232374E274042362750522B2
:10FBB0002375A275E37510BD636F0020024B587C5E
:10FBC00000F00100704700BF636F0020024B5A7CB9
:10FBD00060F300025A747047636F0020014B987CF9
:10FBE000704700BF636F0020014B9874704700BFDF
:10FBF000636F0020024B587CC0F34000704700BF89
:10FC0000636F0020024B587CC0F38000704700BF38
:10FC1000636F0020024B5A7C60F382025A74704773
:10FC2000636F0020014B587CC0087047636F002051
:10FC3000024B5A7C60F3C7025A747047636F00200E
:10FC4000014B93F900007047636F0020014B18705F
:10FC5000704700BF636F002000487047646F00204A
:10FC60000146022201482CF0B3BB00BF646F0020A4
:10FC700000487047686F00200146082201482CF0B8
:10FC8000A7BB00BF686F002000487047666F002068
:10FC90000146022201482CF09BBB00BF666F00208A
:10FCA0000378012B01460BD004D9023B012B0ED95E
:10FCB0002DF007BB084B00225A7342789A737047A5
:10FCC000054A53738378D373C3781374704703481A
:10FCD00004222CF07DBB00BF636F0020706F0020FA
:10FCE000014904222CF074BB706F0020014BD87CBA
:10FCF000704700BF636F0020014B187D704700BF45
:10FD0000636F0020014B587D704700BF636F002078
:10FD1000014B987D704700BF636F0020014BD87D79
:10FD2000704700BF636F0020054A002301210133A3
:10FD3000102B82F8801002F18102F8D1704700BFC9
:10FD40007B6F0020074A0023114692F8800018B10B
:10FD500003EBC313C81870470133102B02F1810263
:10FD6000F3D170477B6F002010B5074C23784BB957
:10FD7000064A012117202DF08CFA17202DF095FA54
:10FD80000123237010BD00BF8B7700200DD7030027
:10FD900008B5F0F779FA064B01221A61D3F8002270
:10FDA00022F48072C3F80022BDE8084001F0A8B92F
:10FDB0000080004010B5094CD4F8003223F4807361
:10FDC000C4F8003208B1F0F75FFAF0F757FA01F023
:10FDD00097F92DF0CBFC0123236110BD008000407A
:10FDE00010B5094C20782DF0A3FC2078FFF7E2FF36
:10FDF000064A074BC2F808330023C2F80032054A0E
:10FE00001371537010BD00BF8D77002000100040AB
:10FE1000130006088E770020074BD3F8502502F018
:10FE2000F702042A06D00022C3F81021D3F81021CB
:10FE300001221A61704700BF0010004010B5002178
:10FE4000094C042001F0D8F80023C4F80032FFF771
:10FE50009FFF4FF4C023C4F8083301232363BDE898
:10FE60001040FFF7D9BF00BF0010004008B50021C7
:10FE7000042001F0C1F8FFF78BFF074B4FF400425D
:10FE8000C3F808230022C3F8002201229A62BDE8C9
:10FE90000840FFF7C1BF00BF0010004008B501F0E7
:10FEA000E7F830B9034B01221A61C3F81001D3F807
:10FEB000103108BD0010004008B508480021F0F7D7
:10FEC000D7F950B9064AD2F8003243F48073C2F829
:10FED0000032BDE8084001F001B908BD44500400FB
:10FEE0000080004013B501A8FFF7FAFE9DF8050059
:10FEF0009DF804402DF002FC9DF807309DF8062087
:10FF00001B0643EA02432343034A43EA0023C2F8A1
:10FF10006C3602B010BD00BF0010004010B500EB01
:10FF200080040B380F2804F62E1428D92DF0C9F9B7
:10FF300040F6C4139C420AD91249134840F2CF62DA
:10FF40002BF09BFD40F2CF610E482BF08DFD40F66B
:10FF500037139C4208D80B490B4840F2D2622BF071
:10FF60008CFD40F2D261EFE7B4F5166F07D2A4F62C
:10FF7000381444F48074054BC3F8084510BDA4F54B
:10FF80001664F8E7B07A0400A95404000010004099
:10FF900010B5184B184A1B681848B3FBF2F332220D
:10FFA000534300229A421ED12DF08BF92DF0DEFB37
:10FFB0002DF0B4FBF0F768F9114A1049D2F800327D
:10FFC00023F48073C2F800320E4A002343F2134038
:10FFD0001370C1F808030C480824C0F80843C1F89E
:10FFE0000032537010BDD0F85015C9B20029DDD0D1
:10FFF0000132D7E77801002040420F000010004096
:020000040001F9
:10000000008000408E7700200070014010B5002174
:100010000D4C042000F0F0FF43F20203C4F8083353
:10002000F0F732F901F06CF8084BD3F8002222F413
:100030008072C3F8002201221A61054A0023C4F825
:100040000032537010BD00BF00100040008000401F
:100050008E770020064B074800211970064B196067
:10006000064B1970064B072219602CF0BCB900BF73
:10007000957700208E770020782F00208D77002044
:10008000742F00207FB54E4C23780BB12DF019F959
:100090004C4B4D4D01211961D3F8042522F0030288
:1000A000C3F80425D3F8082542F00302C3F8082555
:1000B0000422C3F810250023C5F8FC3FC5F8FC1F37
:1000C000F0F70AF9A0B14FF08053D3F83003D3F81A
:1000D0003413D3F838233C4B461C18BFC5F84C07E3
:1000E000481C18BFC3F88415511C18BFC3F88825D5
:1000F000354D0F230021C5F810350D2268462CF030
:1001000072F908238DF8003002238DF805307F2323
:100110008DF808309DF807309DF801205B0743EA11
:1001200002239DF8022043EA02439DF8032043EA9C
:1001300002539DF8042043EA825343F0C063012632
:1001400043F008038DF80660C5F814359DF80930B2
:100150009DF80C201B0243EA42639DF80A2043EA03
:1001600002439DF80B2043EA026343F07F03C5F886
:10017000183540F20223C5F85066C5F83435134BE4
:10018000C5F838352DF0EEFAFFF7ACFEFFF74AFD63
:10019000FFF7C4FE2DF077F930462DF086F8D5F83C
:1001A00000320BB12DF08DF801210948F0F77EF8EF
:1001B0000320F0F76FF80123237004B070BD00BF77
:1001C00095770020008000400010004021100100C1
:1001D0001011004010B52C4C2378002B41D02B4B34
:1001E0000022C3F8FC2F2378013B0B2B49D8DFE812
:1001F00003F00808060839404539484839082DF009
:100200008DFA2DF0B0FA0120FDF712FE204B0822E6
:10021000C3F808230022C3F80C21D3F80C311D4B7E
:10022000D3F8002222F44072C3F8002201221A619E
:10023000A3F5E043C3F8FC2FF0F726F8F0F71EF81B
:10024000F0F73AF82378012B04D00320F0F722F8D6
:10025000F0F702F8104A00231370537053711371B2
:10026000237010BD0021042000F0C6FE00F048FFFE
:10027000C7E70A4B18782DF05BFAF7E700F020FF8C
:10028000BFE72DF01EF8BCE7957700200010004076
:1002900000700140008000408E7700208D770020A4
:1002A00010B5224C23780BB92DF00BF82378033BC3
:1002B000DBB2082B09D8012000FA03F340F2131235
:1002C000134203D113F02C0F28D110BD00200EF0E3
:1002D00007F9012807D002280DD00028F5D0BDE885
:1002E00010402CF0EEBF00200EF008F931F010FEA7
:1002F0000028EAD1F3E72278072AD3B20AD006D839
:10030000033B012BEBD8BDE810400DF0E9BF0B2BF0
:10031000DBD0E4E7BDE810400EF0C6B80EF0E0F820
:100320000028D2D00128DAD1DEE700BF957700207F
:10033000014B1878704700BF8E77002008B5074B37
:1003400007491B784878032BDAB203D0052A01D07D
:1003500008B9002008BD2CF0B4FFFAE7957700201B
:100360008E770020134B70B50446186000B3124E10
:100370007578BDB1114B1B78032BDAB214D0052A66
:1003800014D02CF09EFF0022002373700C4BC3F896
:100390000445C3F80022D3F85025D2B2022A01D175
:1003A00001229A60284670BD064AEDE7064AEBE74F
:1003B0000546F7E7742F00208E7700209577002000
:1003C0000010004052000800120008002DE9F0471C
:1003D00098464B4B4B4C4FF0010AC3F810A04A4BC8
:1003E000154603221A704FF00009C5F34003A370AD
:1003F00084F8019084F8009084F8059084F80690C1
:10040000064698F900000F46F3F7F3FC3F4B404ACD
:10041000C0B2C3F80C051168002961D0126884F8D5
:100420000190C3F804253B4AC3F800220EB92CF012
:1004300048FF364C0023F600C4F86065C4F8343138
:10044000D4F83421C4F82831D4F82821C4F8303144
:10045000D4F83021C4F80431012FD4F8042105BFA9
:10046000C4F80031D4F8003143F2024443F213449B
:1004700015F0010038D00C2000F050FE234B002274
:10048000C3F86821D3F86831234BC3F80C21D3F8A3
:100490000C210822C3F804231C4B2048C3F8044352
:1004A0000021EFF7E5FE164B18BBD3F8404598F84E
:1004B0000100EFF7F5FE1A4B1C60FFF7F1FE104A42
:1004C000D2F8003243F48073C2F800323946012278
:1004D000042000F029FD87B9BDE8F047FFF7DEBC36
:1004E00084F801A052229FE70DF0FAFF0028C2D144
:1004F000D2E70124C3F84045D9E7BDE8F08700BF43
:10050000008000408E77002095770020001000408A
:10051000742F002052000800007001404450040075
:10052000782F002010B5194B194905221A70086858
:10053000184A194B28B3002050700A68C3F80425E4
:10054000164AC3F800220024C3F80441D3F804215A
:10055000C3F83041D3F83021C3F83441D3F8342103
:1005600043F20202C3F80423FFF7A6FCFFF798FE4C
:1005700022462146042000F0D7FCBDE81040FFF7DA
:100580008DBC012151701222DBE700BF957700205E
:10059000742F00208E770020001000401200080009
:1005A00038B5104B1B78032B1AD10F4CD4F85035AB
:1005B000023BDBB2012B13D80C4DAB793BB90C4B92
:1005C0004FF4707043F0010398470123AB7100238F
:1005D000C4F81C310120D4F81C316061687138BD49
:1005E0000020FCE795770020001000408E77002067
:1005F000B04C0400014B5879704700BF8E77002043
:10060000024BD3F8480500F07F007047001000400F
:10061000034BD3F81C01003818BF0120704700BFFE
:10062000001000402DE9F84F98465B4B9DF828904C
:10063000DFF890A1594C0E4601211961584B062153
:1006400019701546574B003A18BF012200271A703F
:100650008AF80370544B834698F900001D70F3F735
:10066000C8FB012DC0B2C4F80C05C4F804B531D9DB
:100670004E4BC4F8003200F095FCC4F86C71012EAA
:10068000D4F86C3105D1C4F80071D4F80031484C6D
:1006900001E04FF00064414B002219F0020FC3F853
:1006A0004821D3F848111BBFC3F84421D3F8442193
:1006B00044F4802444F4C02419F0040F1ED0002216
:1006C000C3F80021D3F80031012344F001048AF873
:1006D000033013E003D1374BC4F80032CDE74FF4B9
:1006E000A013C4F80032012EC4F86C71D4F86C3138
:1006F00028D1C4F80071D4F800312D4C274B0027C5
:10070000C3F8047144F00204D3F804218AF8047099
:10071000C3F8044398F80100EFF7C2FD45B326493A
:100720002648EFF7A5FD014678B92348EFF79AFD73
:10073000194AD2F8003243F48073C2F8003200F054
:10074000CDFC08E04FF00064D8E71B483946EFF7CE
:1007500089FD0028ECD0FFF7A3FD042500223146D7
:10076000284600F0E1FBAEB9BDE8F84FFFF796BBB5
:1007700013482946EFF776FD10B1FFF791FDEDE73D
:10078000054AD2F8003243F48073C2F8003200F018
:10079000A5FCF2E7BDE8F88F0080004000100040A3
:1007A000957700208D7700208C77002000181400AA
:1007B00011000008003814001450040044500400D4
:1007C0002C5004008E7700202DE9F0413A4D2B7813
:1007D000042B07460C4601D02CF073FD0FB92CF00A
:1007E00070FD07233F2C2B70344D04D801232B615F
:1007F0000020BDE8F081324B1E682644314CA6F142
:100800003F08C5F844854FF4A013C4F804750027C9
:10081000C4F80032C4F85471D4F854312A4B182269
:10082000184639462BF0DFFD173E05223946456054
:100830000274C660EFF716FDD5F8003298BB43F49A
:100840008073C5F80032FFF72BFD0023C4F86C312C
:10085000D4F86C21C4F80431D4F80431194C00F0F8
:100860001DFC164B0122DA64D3F84C25D3F8403531
:10087000904503D9984519D9934217D32CF076FFA8
:10088000D4F85035DBB2092B10D0D4F854316BB901
:1008900000F016FCEFF7F2FC0120EFF7FBFC074B32
:1008A00001221A61A4E743F40073CAE7074BC4F8B6
:1008B000043301209DE700BF9577002000800040B1
:1008C000782F0020001000407C2F0020120000082C
:1008D000F8B5424C23780C2B7CD8DFE803F00D0DE3
:1008E000070E2D314A60757B7B780D003C4B102242
:1008F000C3F808230C232370F8BD2CF00FFFEFF78B
:10090000C3FC38493648D1F80032374A23F48073A3
:10091000C1F8003243F2134500231370C0F80853A6
:10092000324D0826C5F80863C0F800325370FFF74F
:1009300073FA01230B61DDE72A4B01221A61D9E723
:100940000021274D042000F057FB43F20203C5F8B5
:100950000833EFF799FC00F0D3FB2249224AD1F883
:10096000003223F48073C1F800320023C5F800324E
:10097000DCE71F4F1A4D387800262CF0D9FEC5F859
:1009800000623878FFF716FA1A4BC5F80833164B91
:100990001E715E7001232B63FFF73EFAAAE7104D2C
:1009A00000F08EFB0023C5F80032EFF767FC0D4B1B
:1009B000D3F8002222F44072C3F8002201221A6107
:1009C0000D4BC5F80833E7E7FFF738FA92E7FFF772
:1009D0004DFA8FE7BDE8F8402CF073BC9577002006
:1009E00000100040008000408E7700200070014021
:1009F0008D770020130006080200000808B50F4A92
:100A00001378013B0B2B07D8DFE803F00815060A23
:100A1000060606060606060D2CF053FC00200BE029
:100A2000074B0121196102231370FFF7F5F9054BFC
:100A30001022C3F80423012008BD00BF95770020D1
:100A4000008000400010004010B5154C2378012BA9
:100A500004D023780C2B01D02CF033FC0823237016
:100A6000104B00244FF42052C3F80022C3F8484131
:100A7000D3F84821C3F84441D3F844214FF4C022AD
:100A8000C3F80423FFF718FAFFF70AFC22462146B1
:100A9000042000F049FABDE81040FFF7FFB900BF9D
:100AA000957700200010004038B5174D2B780C2B9F
:100AB000044604D02B78012B01D02CF002FC013C21
:100AC0000B23B4F5001F2B7001D32CF0FAFB0F4B56
:100AD000C4F31404C3F864464FF400420024C3F87E
:100AE0000022C3F83C41D3F83C11C3F80423FFF7BC
:100AF000E3F9FFF7D5FB22462146042000F014FA63
:100B0000BDE83840FFF7CAB99577002000100040D3
:100B100070B52CF063FD994BD3F80423150714D559
:100B2000974AD2F8681181B10021C2F86811D2F851
:100B30006821C3F80C11D3F80C31924B1B78032BAE
:100B400001D02CF0BEFBFEF7BFF88D4BD3F8042389
:100B5000D40718D5D3F80021AAB10022C3F8002188
:100B6000D3F800210122C3F8082300F02DFA854BA9
:100B70001B78032BDAB206D0062A1ED1824BDB7813
:100B80000BB12CF004FD7E4BD3F8042390071CD549
:100B9000D3F80421CAB10022C3F80421D3F80421F8
:100BA0001022C3F80823774A1278033A042A5FD840
:100BB000DFE802F0065E494F58002CF082FBE2E7C6
:100BC000714B9B780BB1FEF7D5F86D4BD3F804232E
:100BD000510521D5D3F82821F2B10022C3F82821EC
:100BE000D3F82831674B1B78032B01D02CF069FB1D
:100BF000654B634D01221A70D5F8343163B9D5F8CD
:100C00006045C4F3C7042046FEF7F4F884423EBFB3
:100C100000B2C000C5F86005594BD3F80423920414
:100C200032D5D3F834217AB30022564CC3F834219C
:100C3000D3F834312378032BDAB21CD0052A3AD00A
:100C40002CF03FFB20E0504B01225A71FEF72EF8AA
:100C5000BBE70222C3F808234B4B01221A71FEF7AF
:100C60009DFAB2E70222C3F80823FEF7D1FAACE7F7
:100C70002CF027FBA9E7FFF78BF9444B01221A61FF
:100C80000C232370FEF772F93D4BD3F80423D604EE
:100C900021D5D3F83021F2B100223A4CC3F83021EB
:100CA000D3F830312378032BDAB20BD0052A29D0C0
:100CB0002CF007FB0FE0FFF7A9F90C232370FEF7D8
:100CC0007FF9E1E7304B01225A71FFF761F9042304
:100CD0002370FEF783F92A4CD4F804331D011ED586
:100CE000D4F86C31DBB1274D0026C4F86C61D4F820
:100CF0006C312B78062BDAB20BD0072A27D02CF0D8
:100D0000E0FA0CE0FFF782F90C232370FEF722FBD8
:100D1000E1E7FFF765F80C232B70FEF7C5FA184BD7
:100D2000D3F80423D40638D5D3F81021AAB300226F
:100D3000144CC3F81021D3F8102121780329CAB22A
:100D40002BD027D8022A5BD02CF0BBFA25E000F08C
:100D5000B7F9C4F80062EFF791FA0C4BD3F8002210
:100D600022F44072C3F8002201221A61084BC4F831
:100D700008330C232B70FEF77FFAD0E70070014098
:100D800000100040957700208E7700200080004002
:100D900012000008063A012AD6D84B4BD3F8042398
:100DA000900315D5D3F8442192B10022474CC3F8E3
:100DB0004421D3F844312378062BDAB22DD0082A07
:100DC0002ED1FFF73BF80C23012023702CF0D2FB2F
:100DD0003D4BD3F8042351034DD5D3F84821002AC5
:100DE00049D03A4C0025C3F84851D3F8483123780C
:100DF000062BDAB217D0082A5ED02CF062FA3AE05D
:100E00001022C3F808230320EFF744FAEFF724FA7F
:100E1000012323702CF0ABFBBFE7FEF739FBD7E7CC
:100E20002CF04FFAD4E72A4B1B780BB92CF049FA77
:100E3000284A1378012B18D91378013BDBB21370C1
:100E40001378012BDDB216D100F004F91E49224BB4
:100E5000C1F80032D1F848316BB10D63FEF7DCFF09
:100E60000023C1F84831D1F84831FEF7B9FF0C230F
:100E70002370FEF741FB144BD3F80423120417D55B
:100E8000D3F83C21A2B1114C0022C3F83C21D3F885
:100E90003C3123780B2B01D02CF013FA0A4BD3F8FA
:100EA0006856FEF7E3FF0C23E8B22370FEF746FB1B
:100EB000BDE87040FEF7B0BDFEF7C0FF0C2328462A
:100EC00023702CF057FBD6E70010004095770020E8
:100ED0008D7700208C7700200038140010B5EFF3D8
:100EE000108472B6094BD3F8042312070AD5D3F83D
:100EF0000C213AB10022C3F80C210120D3F80C31A7
:100F0000FCF786FF84F3108810BD00BF007001401D
:100F10000048704710500400004870470C5004000F
:100F2000004870470850040010B5174B0024C3F860
:100F30003C41D3F83C31154B154CC3F8484500F102
:100F4000804000F58050C3F84C051248C3F82C09C6
:100F5000BAB1114AC3F850454FF4E070C3F85425B4
:100F60000E4A11B90E49C3F84015C3F84425074B82
:100F7000D3F8002842F08002C3F80028C3F8040523
:100F800010BDC020ECE700BF0070014000F0014040
:100F90003C71014004F00140008000403C70014081
:100FA00010110040064B074AC3F86025A2F58E7267
:100FB000C3F864254FF48062C3F80425704700BF6E
:100FC00000F0014048110040084B0022C3F83C21CA
:100FD000D3F83C31064A074BC3F8402502F5AF323F
:100FE00002F59672C3F84425704700BF00700140B7
:100FF0001011004000F00140154BA1B9C022C3F808
:101000000825C3F84815C3F84C15C3F82C19C3F8C4
:101010004015C3F844150E4AD2F8003823F0800377
:10102000C2F8003870474FF4E072C3F80825002278
:10103000C3F84825C3F84C25C3F82C29C3F840252C
:10104000C3F84425C3F85025C3F85425E3E700BF8F
:1010500000F00140054B4FF48062C3F808250022E0
:10106000C3F86025C3F86425704700BF00F0014055
:1010700008B5084BD3F85035DBB243B9064B2CF01A
:1010800075FBD3F83C01003818BF012008BD0120D2
:10109000FCE700BF0010004000700140054B064A0D
:1010A000C3F85825054AC3F85C254FF40072C3F80D
:1010B0000425704700F001404481004000100040CA
:1010C000054B4FF40072C3F808250022C3F85825D9
:1010D000C3F85C25704700BF00F00140054B064A8D
:1010E000C3F85025054AC3F854254FF48072C3F85D
:1010F0000425704700F001403C7101400080004031
:10110000054B4FF48072C3F808250022C3F8502520
:10111000C3F85425704700BF00F00140074B084A50
:10112000C3F8682500F1804000F5B8304FF4006244
:10113000C3F86C05C3F80425704700BF00F00140F8
:1011400068110040054B4FF40062C3F808250022E7
:10115000C3F86825C3F86C25704700BF00F0014054
:10116000074A00231360074A1370074B18B9187019
:10117000064B1870704702781A704078F8E700BF85
:10118000942F0020987700209777002096770020F2
:10119000034B1A68034B002A18BF1846704700BF5C
:1011A000942F00209977002038B504460D4609B9E0
:1011B0002CF087F80E4A0F4B10780F4A1B781268F4
:1011C0002B70687092B10D490A780132D2B240B1E9
:1011D00023B12046BDE838402BF0FAB8084B1A7806
:1011E000F7E71BB1064B1B78D21AF2E738BD00BFF8
:1011F0009677002097770020942F00209977002081
:101200009877002010B586B0044618220021684661
:101210002BF0E9F8054B1B88ADF80030044B6A460B
:10122000186821462CF044FC06B010BD1D78002043
:10123000982F002030B589B0FCF77EFD204B1C783C
:10124000012505FA04F4013C04404FF4A073202268
:101250000021E4B268465C432BF0C5F830F052FF41
:10126000022300198DF81130164B059341F100014E
:101270006FF00203CDE900010693FEF73DFD022861
:1012800017D004D8A84209D02CF01BF809E0033885
:10129000C0B20128F8D88DF8105002E004238DF870
:1012A000103068460DF0CEFA08B92CF00AF809B0F3
:1012B00030BD054B1B78002B14BF04230123EEE740
:1012C0001F780020851301002078002010B501212F
:1012D00004466FF0020030F0C9FE54B9FEF71EFD5F
:1012E000044B1B78834204D3BDE810400120FFF774
:1012F00089BF10BD20780020BFF35F8F084AD2E875
:101300004F3FDBB2834203D0BFF32F8F00207047E3
:10131000C2E8431F002BF2D1BFF35F8F012070475B
:101320001978002010B501210220FFF7E5FF08B968
:10133000012010BD104C237801332370FEF7E8FC28
:101340000E4A1378984284BF01331370FEF7E6FC0F
:10135000237883424FF000040AD9094B214601202B
:101360001C60FFF7C9FF0028E2D12BF0AAFFDFE7DE
:10137000FFF760FF2046DCE7207800201F78002080
:10138000982F00201FB5C31C044601D02BF099FFF5
:1013900002210120FFF7B0FF68B31A4B1C78FEF75B
:1013A000ABFC4CB9022807D104216FF0020030F0E9
:1013B0007BFE08B92BF085FF134B144A1B88ADF850
:1013C0000830134B1B88ADF80A30124B1B788DF890
:1013D0000C3001238DF80D300F4B00930020126864
:1013E000ADF80E0002AB03212CF0F2FB08B9FFF7B9
:1013F00099FF04B010BD0121204604B0BDE81040A3
:1014000030F034BE207800201D780020982F002076
:101410001B7800201A780020CD12010070B5064616
:101420000C4630F06FFE02460B46EFF3108172B6A9
:101430001648C0E9082381F3108801210020FFF736
:101440005BFF08B92BF03DFF2379D3B16579104BD1
:1014500022881E600F4B1A800F4B00221A70FEF775
:1014600051FC0E4BE17818700D4B0E4A1D70A3789D
:10147000284643EA01212CF080F9FFF7DBFE01202A
:1014800070BDFEF7CFFB0546E1E700BF581B00200B
:10149000982F00201D780020207800201F78002041
:1014A0001A7800201B780020012908B501D90120F5
:1014B00008BDBFF35F8F0A4B1A78BFF35F8F002A16
:1014C000F5D00028F4D0BFF35F8F03221A70BFF36A
:1014D0005F8F00216FF0020030F0C8FDE7E700BF2A
:1014E0001978002070B5124AA1F10803012B166883
:1014F00004460D460BD8B04207D100231360BFF35A
:101500005F8F0C4A1370BFF35F8F012070BD002105
:101510000320FFF7F1FE28B1B442F6D02846FFF7CA
:1015200071FEF2E7B442F0D1BDE87040FFF7FABEB9
:10153000982F002019780020064A1368834207D1AB
:1015400000231360BFF35F8F034A1370BFF35F8FF5
:1015500001207047982F00201978002008B5024616
:1015600007484368C16D9A4205D18A4201D12BF0E8
:10157000A8FE034803E058308A4218BF002008BD87
:10158000001C002030B50C4C6368043387B005465E
:1015900002D02BF096FE002465B918222946684631
:1015A0002AF021FFA38A2069ADF800306A4607219E
:1015B0002CF07EFA07B030BDA81B002013B5184CE4
:1015C0006368984202D02BF07CFE002404220221A2
:1015D00020462CF0F4F808B92BF073FE114B009361
:1015E0000521226904F1140301202CF0F1FA60684E
:1015F000012130F03BFD60B92BF063FE0122042194
:1016000020462CF0DCF840B902B0BDE810402BF0C9
:1016100058BE4FF0FF336360F0E702B010BD00BF6B
:10162000A81B00208515010070B50F4C00254FF058
:10163000FF3604F110000DF0A1FA024678B9616896
:101640000A202CF024FA08B92BF03BFE6660012238
:10165000042120462CF0B3F808B92BF032FE5834A0
:1016600005B170BD0125E4E7001C002070B50546FA
:10167000EFF3108672B61B482BF0E9FF04461948B9
:101680002BF0EBFF86F3108824681CB9BDE870408E
:101690002BF017BEEDB1FFF7C7FF30F033FD0B465F
:1016A000A16BA4620246891843F100050020C4E939
:1016B00008150121C4E9102384F82C1084F848008F
:1016C00084F8490004F110000DF020FA0028DDD163
:1016D00070BD61682A4607202CF0D9F90028F7D19F
:1016E000D4E700BFA42F002073B50546FFF736FFEF
:1016F0000446002843D0042202212CF060F8A0B94F
:101700000121284630F0B2FC08B92BF0DAFD4FF089
:10171000FF3363600122042120462CF050F870BB97
:1017200002B0BDE870402BF0CCBDEFF3108672B66E
:1017300019482BF09BFF08B12BF0C3FD16482BF086
:1017400077FF046014482BF079FF86F31088FEF7CA
:1017500069FA94F85030984213D1636800930123DA
:1017600005210E4A18462CF004FA012106462846A7
:1017700030F07CFC08B92BF0A4FD002EC7D002B0DD
:1017800070BD1846FEF754FA05202CF0CBFA00285D
:10179000E3D1FFF76BFFB3E7A42F00206D16010024
:1017A00070B50D4C0D490E48042308222BF022FF82
:1017B00001264FF0FF3504F110002670656030F00F
:1017C000A8FC04F1680084F85860E56530F0A1FCDD
:1017D000044B1E705D6070BD001C00209C2F00201B
:1017E000A42F0020A81B00202DE9F04188B08046DE
:1017F000012125480E9D16461F462BF0FAFF044690
:1018000000283FD0AB78002B39D1B6F59B764FF04E
:1018100000032372C4F810802B88A3822B79697986
:10182000E87843EA012104F1160247F1FF372BF073
:10183000A4FFAB7863760123A376AA79E276EA78EF
:1018400022766FF0030262604FF487718DF80830E2
:101850008DF812300D4B039168460421CDE90067E5
:10186000CDE90532ADF810100CF0ECFF054610B9CB
:1018700020462CF012F8284608B0BDE8F081B6F5F5
:10188000E576C4E70546F6E7A81B0020BD15010074
:101890002DE9F04389B00546DDF8408040460E460C
:1018A00017469946FFF75AFE20B10025284609B091
:1018B000BDE8F083174802212BF09BFF0446002867
:1018C000F3D0154B036301224FF487730272C0F803
:1018D0000480039340F20113B5F59B75ADF8103009
:1018E00007F59B770D4B876380F8509046F1FF36E4
:1018F0006846CDE90056CDE905388DF808208DF809
:1019000012200CF09FFF05460028CFD120462BF077
:10191000C4FFCBE7001C00201BD80300E916010020
:1019200010B5094C0021606830F0A0FB50B14FF0B9
:10193000FF3301220221204663602BF040FF10B9E3
:101940002BF0BFFC002010BDA81B002008B5064BE3
:101950001A78042A03D093F85830042B02D110B11E
:10196000FFF762FE012008BD001C002030B5134BBC
:1019700001781A78042A08BF1C4613F8582F87B03C
:1019800018BF00240131042A08BF1C46C9B26B46A7
:10199000012205462BF0E4FF68B164B130F0B2FBE0
:1019A000C4E910012B7884F84830009B5B78C3F3BE
:1019B000401384F8493007B030BD00BF001C002040
:1019C0002DE9F34103680446C8075D789E7893F8D3
:1019D00000800F462FD523790BB92BF072FCA8F1AC
:1019E0000508B8F17A0F00F28F8005F00705052D84
:1019F00006F0300614D01ED8042D13D0302E11D08E
:101A0000202E30D00ED823689B78190703F00C02E3
:101A100011D43AB9FEF7F6F840B93DB1032002E01F
:101A2000002EF0D0012002B0BDE8F081236893F9C8
:101A30000230002BF6DABB0753D52379012B01D8EE
:101A40002BF03FFC2668A2797778E579FF2A07F02A
:101A500007070CD1FF2D2FD1FEF7D4F8002840D175
:101A6000002F3ED0DAE7E37CFF2BE4D1DAE7FF2D4D
:101A70002DD035441644FEF7EFF8022201463046D9
:101A80002AF07FFCB0B1214B0222B3F80080ADF800
:101A9000048001A930462AF074FC58B1002FBDD152
:101AA000FEF7DAF802226946ADF800802AF069FCF8
:101AB0000028B3D10DB9CFE73544647C022C08D09F
:101AC000082C1CD0002CC7D02BF0FBFBAAE700256C
:101AD000D0E7FEF7D9F82246014628462AF051FC05
:101AE00008B900209FE7094B1B88ADF80430224657
:101AF00001A928462AF045FC00288FD1F1E7FEF71E
:101B0000B7F822460146F4E709208CE7984C040018
:101B10002DE9F04704460E462779062F00F20E8184
:101B2000DFE817F007007D0087008D00BB00C100D3
:101B30001301002E78D06379022B75D92268907832
:101B4000517800F00105C5F1040310F0200FDBB25D
:101B500000F00C0C1DD1BCF1000F29D191787C480C
:101B600011F00C0F18BFE371917801F00C01415C8A
:101B7000FF2959D00B44DBB26174E374917850783B
:101B80008D06C0F3801020D43F2926D980F00101B2
:101B90003BE0BCF10C0FC1F380110ED100F0C00C82
:101BA000BCF1C00F02D181F001010BE03F28FAD94E
:101BB000C5F10605A371EBB2D0E73F28CBD8BCF145
:101BC000000FF0D10029F3D1C8E701F00C050C2D6E
:101BD00015D101F0C005C02DD6D191783F2988BF1D
:101BE0006372927802F0C002802A14D0C02A14D006
:101BF000D2B913442375A274012323718CE73F29C2
:101C0000EBD980F00101002DC0D10029E5D023726D
:101C10000233DBB2E1E70222EBE70822E9E762796F
:101C2000E37C9A4280F08F80BE428CBF002001206E
:101C300087E06279237D9A42F6D30323DDE7032E02
:101C4000F2D92268237D51780D0702D463750423ED
:101C5000D3E761799942E7D9A372D118D25C5D1CB0
:101C60009006EDB25EBFE5720533DDB20B7813F07E
:101C7000180FC3F3C1000AD02BF069FE257310B111
:101C800065730544EDB2A5730135A075EDB220462C
:101C90002BF041FE2B46E075D8E76279637D9A42CE
:101CA000C2D30523A9E7052EBED9D4F800906279E6
:101CB00099F8003094F81580591C9142B4D11A0655
:101CC000B2D499F802309B0721D584F80F8099F897
:101CD0000050013DEDB2FF2D204614BF4D440025BC
:101CE0002BF019FE09EB080A2D1A294650462BF055
:101CF00000FE60B99AF8003003F07F0302339A4483
:101D0000554591D30BD1A5EB09055FFA85F899F8F4
:101D10000030013BDBB243450DD106236DE7504651
:101D20002BF0E7FD0028E0D00AF10208A8EB090833
:101D30005FFA88F8EBE784F81080EEE72BF0C1FA41
:101D40000020BDE8F087022357E70120F9E700BF34
:101D5000E47A0400044B002083F8210083F8450056
:101D600083F86900704700BFB02F00202DE9F041D3
:101D70008846064608B92BF0A4FAB8F1000F01D145
:101D80002BF09FFA154F00243D46414638462BF074
:101D90000FFE78B124235C432B1993F820308BB9C4
:101DA0001C342C4454E8002F531C0DD1BFF32F8F4B
:101DB000062005E00134032C07F12407E5D10220B9
:101DC000BDE8F081064CEDE7013244E80020002830
:101DD000E8D12368013B3360F2E700BFB02F002059
:101DE000AC2F0020034B00221A70BFF35F8F024814
:101DF0000CF0C4BE21780020B01C002013B5144C98
:101E0000237843B1134B01A81B6801932BF00FFFFC
:101E100018B10023237002B010BD0F4A136803F5F8
:101E2000FA7313600D4A934201D92BF04AFA0C4819
:101E3000D0E9043213F5FA7342F10002C0E904322A
:101E40000CF064FE0028E6D02BF03BFAE3E700BF7D
:101E5000217800201C3000202030002040420F005C
:101E6000B01C0020064B0748D2221A60064A002305
:101E70001360064A1370064A136030F04AB900BF77
:101E800074010020B01C00202030002021780020A8
:101E90001C30002038B5114C114D206030F032F963
:101EA00023681A780F4B1B6803EB42130E4A03F5A5
:101EB000C07313601B180D4A41F10001C2E90431DF
:101EC0000B4B15620124104614771C700CF01EFE9B
:101ED00008B12BF0F6F9012038BD00BF1C300020FE
:101EE000FD1D01007401002020300020B01C0020E6
:101EF0002178002008B5054B1B7823B1042902D0B6
:101F000010B1FFF76FFF012008BD00BF217800204E
:101F100008B5064B1B68834204D0054B1B780BB1F8
:101F20002BF0CFF9BDE80840FFF75CBF1C30002064
:101F30002178002008B5044B1B780BB92BF0C1F9B0
:101F4000BDE80840FFF74EBF2178002008B5064BDA
:101F50001B68834204D0054B1B780BB12BF0B1F901
:101F6000FFF740FF012008BD1C3000202178002031
:101F70002DE9F843894632B1012A16D02BF0A1F998
:101F80000020BDE8F883244AD3B9D2F8A470022413
:101F900001320025BC462E46B44516DA6B1CB3420E
:101FA00008BF3546C9F80050EAE71C4A1BB9D2F809
:101FB000C0710B24EDE7D2F8C4711124B032E8E708
:101FC000D2F8A87008242132E3E7ACEB060506EB53
:101FD0006505AF42E2D905FB04FE02EB0E087BB1BA
:101FE00052F80EE001688E4510D812D3D8F804E0FC
:101FF000416871450AD30CD8C9F800500120C0E7E8
:10200000B0F8008032F80EE0F045F3E705F1FF3C50
:10201000C2E76E1CC0E700BFEC3100202430002076
:1020200010B5094CAC22002120462AF0DCF94FF40F
:10203000E472064800212AF0D6F901232370044BEC
:1020400000221A7010BD00BFEC31002024300020A7
:1020500022780020014B1870704700BFEC3100203F
:102060002DE9F04F85B0984600230D4603930B46AB
:1020700003A99DF8387001909246FFF779FF78BB6D
:102080000399BAF1000F09D0BAF1010F3CD00190C9
:102090002BF017F9019805B0BDE8F08F002D39D06D
:1020A000274C082604F18709D9F80020102AF2D01D
:1020B00001FB0660831B04EB030B521A7243594663
:1020C00020442AF06EF9002D019914BF0822022243
:1020D00058462AF07DF9D9F800300133C9F80030AC
:1020E000BAF1010F0ED1039C164EEDB104EB0414AE
:1020F00004F1B8003A46414630442AF069F93219F1
:1021000082F8C0700120C6E74DB90E4C0B2604F5CD
:10211000E079C9E70C4C022604F1A309C4E70B4C93
:10212000112604F58A79BFE70B235C43A01C3044D9
:1021300026443A4641462AF04BF9B772E2E700BF1F
:102140000D32002024300020ED310020D43000205A
:1021500073B5002301930C460B4601A91546FFF702
:1021600007FF064628B1019A3DB1012D1BD02BF087
:10217000A8F80026304602B070BDD4B1124B082535
:1021800003F1870421680029F3D005FB02F0891AC6
:102190004A1E2918194418446A432AF002F9236890
:1021A000013B2360E6E74CB9084B0B2503F5E074CF
:1021B000E8E7074B022503F1A304E3E7054B1125EC
:1021C00003F58A74DEE700BF0D32002024300020C2
:1021D000ED310020D430002011B1012908D0704722
:1021E000084B10B1C3F8A8107047C3F8A40070479B
:1021F000054B18B10022C3F8C4217047C3F8C001D1
:10220000704700BFEC31002024300020022802D8A3
:10221000024B187070472BF054B800BF2278002092
:1022200013B5234A1278012A034618D0022A3DD05A
:10223000002A37D1407AFF2838D01E490978002972
:1022400034D01C68A37803F0C003A3F1C0014B4253
:102250004B41204401A9FFF78BFE02B010BD154988
:10226000087818B31A685C7A5178FF2C01F00701DE
:1022700014BFA4180024032916D11B7CFF2B13D0F4
:10228000D35C042B10D1937803F0C003802BE4D1EE
:1022900000231A4601A92046FFF76AFE80F00100DC
:1022A000C0B2DAE72BF00DF80020D6E70120D4E722
:1022B00022780020EC31002073B50E461546D0B1CF
:1022C0000B46012201A9FFF753FE98B1019C0B4870
:1022D0004EB104EB04140319B83493F8C0302B70DA
:1022E000204402B070BD0B235C43031902349B7A77
:1022F0002B70F5E728700020F3E700BF24300020A2
:1023000008B5FFF78DFF20B1024A537843F0100360
:10231000537008BD2478002010B50A4C802200219B
:1023200020462AF060F80022074B114620462BF089
:1023300017FB064A00231360054A1370054A137001
:1023400010BD00BF247800209C320020983200206D
:1023500023780020A47800202DE9F04FDFF83482A4
:1023600098F8003087B00446032B00F20582DFE8BE
:1023700013F004000B0007000602022388F8003067
:10238000804D26792B791EB9002007B0BDE8F08F6B
:10239000002B49D17C4F7B7843F002027A7022688F
:1023A0005278100744BF43F00A037B7023685B78C0
:1023B000590642BF7B7843F040037B7023689B78CB
:1023C000DA0742BFBB7843F00103BB7023689A78F9
:1023D000BB7802F0C002C02A21D143F00C03BB70CD
:1023E000BB78052E43F02003BB7002D92046FFF7CF
:1023F00087FF397863488B1C03310122C9B23B70D7
:102400002BF0CEFA08B92AF05CFF022EBCD9236863
:102410005D4F9A7812F0010F16D0002317E0802A42
:10242000DED143F00803DAE7022EADD9022BEED954
:10243000042EA9D9042B60D9062EA5D12046FFF77A
:102440005FFF5148032384E1DB78FB7001233A7876
:10245000A07994F809C01344AA793B70FF2A1CBFE5
:102460002B6803EB020BEA79A37C009308BF4FF0C3
:10247000000BFF2A1CBF296801EB0209217A08BF63
:102480004FF00009FF2916BF226800225218FF28CA
:1024900016BF216800210918BCF1FF0F32D1BBF132
:1024A000000F5BD13A780BEB02033B70637A374A3B
:1024B000FF2B1CBF2068C0182368997801F0C00169
:1024C000A1F1C00C08BF0020DCF1000141EB0C01C0
:1024D000FFF7F2FE2E4B186018B1BB7843F00203F1
:1024E000BB703978274801310322C9B22BF058FA62
:1024F000002843D0042E7FF647AF297DFF294BD11A
:1025000000217BE0206800EB0C0ABBF1000F27D113
:10251000B9F1000FC6D0BAF1000FC3D0226891788C
:102520002A68927801F0C00102F00C02A1F1C00EFD
:10253000DEF10001A2F10C0341EB0E015A425A41B7
:10254000914201D02AF0BDFE009A5146484629F03A
:102550003FFF009B5B445FFA83FBA3E74FF0000A59
:1025600052B911B9FDF778FB01465846022229F00D
:102570002FFF4FF0020BCBE71146F6E72AF0A1FE42
:10258000B8E700BF9C320020247800202378002088
:1025900098320020A4780020A37A2A68FF2B02EB4F
:1025A000010AADD02068C718BAF1000FA8D0002FDB
:1025B00000F0DE80C35C5354013172480422C9B27A
:1025C0002BF0EEF908B92AF07CFEA37AFF2B03D09A
:1025D0002168CA5C520774D194F81590A9EB0309DD
:1025E0005FFA89F909F1FF32791CD2B20AF10100D0
:1025F00029F0EEFEEB7D99445FFA89F1624F614864
:102600003B781944C9B2397001310522C9B22BF0A7
:10261000C7F908B92AF055FEDFF870A16B7D28686C
:10262000DAF80010DFF868B100EB030969B19BF834
:102630000020B9F1000F05D1CDE900122AF041FECA
:10264000DDE90012484629F0C3FE3B789BF8009074
:10265000DAF800104B443B7011B3D5F800A09AF89B
:102660000130C3F3C0011B071AD5AB7AFF2B00F072
:1026700081801AF8031011F0070111D06D7D4FF41D
:102680007E53022204A903A8ADF8103029F0A0FE61
:1026900009EB050003A90222504429F099FE02210A
:1026A0003B78384802331944C9B2397001310622E7
:1026B000C9B22BF075F900287FF4BEAE2AF001FEF6
:1026C000BAE6237B2A7BFF2B14BFC9180021FF2AFF
:1026D000AB7A20D1FF2B24D000202A68D75CC7F327
:1026E000C1077B1E022B1AD8BF00033FFFB218B1EF
:1026F00011B13A4629F06CFE95F80B900137B9F10B
:10270000FF0FFFB203D02B6813EB09090BD1EB7D50
:102710003B44D9B272E72868FF2B1044DDD1002773
:10272000E5E70027E8E7AA7AFF2A16BF9A5C0022AD
:10273000C2F3C1028DF810202A7BFF2A14BF9B1818
:10274000002304A902A80593FFF710FB20B1002085
:10275000012388F8003018E6029B039303A90422A2
:10276000484629F035FEEB7D0433F918C9B245E738
:10277000394643E7002193E72AF0A3FD04E6024827
:1027800003E600BF9C32002024780020983200200D
:102790002378002007B5074B186800909B880648EF
:1027A000ADF804300622694629F012FE03B05DF848
:1027B00004FB00BF9A4C0400A578002010B50279F4
:1027C000052A0FD903689A78D2070BD4064CDB7818
:1027D000E370FFF725FD00280CBF0223122363706E
:1027E000204610BD0020FCE7A578002038B504463F
:1027F000EFF310830B4D2B6072B60B482AF036FFB7
:1028000008B12AF05EFD08482AF012FF047006485D
:102810002AF014FF054B01221A602B6883F31088FD
:1028200038BD00BFB4320020B83200200070014033
:10283000F8B50D4C07460E462046152115462BF0DF
:1028400002F9FF2803464FF000000CD0282202FBBB
:102850000344607063F07F00C0B2A76026736573A5
:10286000FFF7C4FF0120F8BD781D0020F8B5114B1B
:10287000114C002A18BF1C460D46064614BF042101
:102880001521204614BF002780272BF0DCF8FF28F5
:102890000ED003B203EB830304EBC30338430124DC
:1028A000C0B25C701E72DD60FFF7A0FF2046F8BD6D
:1028B0000020FCE7D81C0020781D0020F8B5104C43
:1028C00007460D46204615212BF0BDF8FF28064689
:1028D00013D0282303FB004402236370A7600FCDAD
:1028E00010340FC495E8030084E8030066F07F000D
:1028F000C0B2FFF77BFF0120F8BD0020FCE700BF5E
:10290000781D00202DE9F041114C80460F462046ED
:10291000152115462BF097F8FF28064616D02823D8
:1029200003FB004403236370C4F8088027730FCDB2
:1029300010340FC495E8030084E8030066F07F00BC
:10294000C0B2FFF753FF0120BDE8F0810020FBE794
:10295000781D002038B50C4C0546152120462BF07B
:1029600072F8FF280DD0282303FB00440423637072
:1029700060F07F002B782372C0B2FFF737FF012091
:1029800038BD0020FCE700BF781D002038B50B4C97
:102990000546152120462BF056F8FF280CD0282399
:1029A00003FB004460F07F000523C0B26370257212
:1029B000FFF71CFF012038BD0020FCE7781D002038
:1029C00038B50B4C0546152120462BF03CF8FF2866
:1029D0000CD0282303FB004460F07F000623C0B224
:1029E00063702572FFF702FF012038BD0020FCE76D
:1029F000781D002038B50B4C0546152120462BF0DC
:102A000022F8FF280CD0282303FB004460F07F004D
:102A10000723C0B263702572FFF7E8FE012038BDBE
:102A20000020FCE7781D002008B51A220123064982
:102A300006482AF0DFFD064B0122C3F80423BDE857
:102A40000840FDF791B900BFAB780020B8320020F4
:102A500000700140F8B52E4BD3F800215AB1002286
:102A6000C3F80021D3F800312A4D2B4E2B4FAA7901
:102A7000EB799A4200D1F8BD28462AF0E8FD0478A7
:102A800014F0800F04F07F0404EB840414BF07EB00
:102A9000C40406EBC4046378072B36D8DFE803F0E0
:102AA0000412171D24292D31627B94F90C10A068A3
:102AB0002AF0F3FC28462AF0D0FDBFF35F8F0023F5
:102AC0002370D4E7E168207A2AF0E9FCF2E7A068F5
:102AD00004F110012AF0E5FCECE7217BA06804F189
:102AE00010022AF0E0FCE5E704F108002AF0D1FC2E
:102AF000E0E7207A2AF0CFFCDCE7207A2AF0C5FC58
:102B0000D8E7207A2AF0C3FCD4E72AF0DAFBD1E731
:102B100000700140B8320020D81C0020781D002031
:102B200008B5EFF31082074B1A6072B606482AF018
:102B30009DFD08B12AF0C5FBBDE8084002482AF017
:102B400077BD00BFC0320020C432002008B5054860
:102B50002AF074FD044B01229A60044B1B6883F336
:102B6000108808BDC432002000700140C03200202F
:102B700008B540222023064906482AF03BFD064BB3
:102B80000422C3F80423BDE80840FDF7EDB800BFF8
:102B9000C0200020C43200200070014073B5484BB3
:102BA000D3F808214AB10022C3F80821D3F808312C
:102BB000444DAA79EB799A4201D102B070BD284602
:102BC0002AF045FD03780446122B76D8DFE803F09F
:102BD0000A131D272C327575373C41464A4F535C0A
:102BE000606A6F00C668007AFCF706FD3070284600
:102BF0002AF033FDDDE722694669837B417B007B58
:102C00000092A268FCF710FDF0E7A3688669417B9B
:102C1000007B0093D4E90423FCF730FDE6E7D0E91C
:102C20000206FCF7B7FDE1E7D0E90361007AFCF7A3
:102C3000EBFDDBE7C668007A2AF0ABFCD6E7D0E90B
:102C40000206FCF705FED1E7C668007AFCF71CFE19
:102C5000CCE78468FCF73CFE2070C8E78468FCF78A
:102C600047FEF9E7D0E90206FCF75EFEBEE784689E
:102C7000FCF77CFEF0E7D0E906360093D0E90423A8
:102C80008068FEF7B1FDB1E78468FEF749FEE3E72F
:102C90008269C669037D00920269D0E90201FEF7EC
:102CA000F7FDA3E7D0E902062AF005FE9EE7D0E98A
:102CB00003168068FEF7B2FB98E72AF002FB96E75E
:102CC00000700140C43200204FF08053D3F830210F
:102CD000082A06D1D3F83431052B02D8024AD05C39
:102CE00070470020704700BFF77A040008B54FF026
:102CF0008053D3F83021082A4ED14FF08042002172
:102D0000C2F80C11C2F81011C2F8381502F5404291
:102D1000D3F80414C2F82015D3F80814C2F8241507
:102D2000D3F80C14C2F82815D3F81014C2F82C15D7
:102D3000D3F81414C2F83015D3F81814C2F83415A7
:102D4000D3F81C14C2F84015D3F82014C2F8441567
:102D5000D3F82414C2F84815D3F82814C2F84C1537
:102D6000D3F82C14C2F85015D3F83014C2F8541507
:102D7000D3F83414C2F86015D3F83814C2F86415C7
:102D8000D3F83C14C2F86815D3F84014C2F86C1597
:102D9000D3F84434C2F87035FFF796FF18B12B4BC7
:102DA0002B4AC3F88C26FFF78FFF18B1294BFB2263
:102DB000C3F81825FFF788FF70B14FF080414FF03E
:102DC0008053D1F8E42ED3F8583222F00F0203F0EA
:102DD0000F031343C1F8E43EFFF776FF20B11E4B0B
:102DE0004FF40072C3F840264FF08053D3F83031CF
:102DF000082B09D14FF08043D3F80024D20744BFF9
:102E00006FF00102C3F80024144AD2F8883043F46A
:102E10007003C2F88830BFF34F8FBFF36F8F4FF04E
:102E20008053D3F83021082A0ED1D3F83431052B42
:102E300002D80B4AD35C3BB14FF01023D3F80822E1
:102E40004FF08043C3F8582508BD00BF0050004034
:102E50004881030000F000400090024000ED00E0D7
:102E6000F17A040030B50468CCB1BFF35B8FB4FADB
:102E700084F3C3F11F03DBB201229A4024EA020269
:102E800050E8005FA54204D140E8002CBCF1000FDF
:102E9000F6D1BFF35B8FE6D102480B7030BD02481C
:102EA000FCE700BF0000AD0B0200AD0B10B50368DE
:102EB000CB40DB0714D401238B400268BFF35B8F48
:102EC00043EA020150E8004F944204D140E8001C5C
:102ED000BCF1000FF6D1BFF35B8FEED1014810BDFE
:102EE0000148FCE70000AD0B0400AD0B014BC3F83B
:102EF0000405704700F00140024BA23043F8301047
:102F0000704700BF00F00140024BA230002243F89E
:102F10003020704700F00140034A430900F01F00D1
:102F2000D35C1844C0B27047707B040008B50268D7
:102F3000014610462AF086FF50B91049104840F269
:102F4000693228F09AFD40F269310C4828F08CFD76
:102F500002F01F0352090B600AD0012A0BD0074967
:102F6000074840F2723228F088FD40F27231ECE7F7
:102F70004FF0A04008BD0348FCE700BF6C640400AC
:102F8000A954040000030050072808B50AD90749CE
:102F9000074840F2AA3228F070FD044840F2AA31F6
:102FA00028F062FD800000F5807008BDFD7A040005
:102FB000A954040070B50546FFF7AEFF0C4C08306D
:102FC0000E4634F81030DA0508D5C3F3432304EB7A
:102FD000C302284654F8333052689847A3682BB18F
:102FE000E26831462846BDE87040184770BD00BF12
:102FF0007C01002008B5FFF78FFF034B083033F842
:103000001000400B08BD00BF7C01002008B5FFF791
:1030100083FF034B083033F81000C0F3400008BDB5
:103020007C01002008B5FFF777FF044B083033F828
:10303000100010F01C0018BF012008BD7C0100200A
:1030400008B5FFF769FF034B083033F81000C0F3F1
:10305000401008BD7C010020034611F0010010B5AE
:10306000CCB20DD1A207C4F3400012D5094AD2F860
:1030700020055860C2F82005003818BF012008E07C
:103080004FF0A041D1F820251A60C1F82025002A70
:10309000E8D010BD0003005010B5FFF73DFF184AFF
:1030A000083032F81030D9051DD5C3F3432123F47D
:1030B000F85322F8103002F10E04002034F8023FD9
:1030C00013F4807F03D0C3F3432399420BD0013024
:1030D0003028F3D100230B4842F83130FFF7E6FEE9
:1030E000094B984200D110BD084909484FF4DC72E1
:1030F00028F0C3FC05484FF4DC7128F0B5FC00BF94
:103100007C010020F40100200000AD0B327B0400A4
:10311000A95404002DE9F843002407460E4625462D
:103120004FF00108A146B5420DD1124BD3F87C21D6
:1031300032B10022C3F87C21D3F87C3144F0004442
:103140002046BDE8F883E8B2FFF71EFFA0F58072C5
:10315000920808FA02F2174209D000F1804303F501
:10316000C043196819B1C3F800901B6814430135B6
:10317000D9E700BF00600040F7B506460846FFF7F4
:10318000CBFE194F00F108050C4637F81530DB0768
:1031900027D530462AF0CFFE2046FFF751FF40B139
:1031A0002046FFF727FF316800F5A270002341F8A1
:1031B00020302046FFF770FF002301A827F81530C4
:1031C0000194FFF7B3FE019B00EB8300074BD0F89F
:1031D0000027134043F00203C0F80037044803B04F
:1031E000F0BD0448FBE700BF7C010020F0F8FCFFC5
:1031F0000000AD0B0400AD0B2DE9FF4116468046E3
:103200000846FFF789FE37680D460446E7B10846D1
:103210002AF086FE08BBCDE900008DF80E008DF87F
:103220000F003B460DF10F020DF10E0128462AF06A
:103230001BFE474A04F1080132F8113023F0020363
:1032400043F0010322F81130736863B328461F78F6
:103250005968FFF7DBFE10B1D1B13E4826E03C4A89
:1032600004F1080032F8103023F02003DB04DB0CFB
:1032700022F8103061B1032FEFD87168496891F8D6
:1032800000C0D8F80010A7B90CF5A27C41F82C704A
:103290002F4A04F1080132F8113023F01C0343EAED
:1032A000870322F81130B3684BBB2B4804B0BDE84C
:1032B000F08101EB8C0143EA4C33D1F810E52EF09C
:1032C000030EC1F810E5D8F8001001EB8C0E43F0A6
:1032D0002003DEF8101522F8103021F44F3121F4CC
:1032E0004071CEF810152902DEF8108501F47C51EA
:1032F00041EA074141EA0801CEF81015C8E7D3E9D1
:1033000000672846FFF7C8FE002ECED0104DD5E945
:103310000023964203D19F4201D1002209E00F48C9
:103320000DF10F01FFF79EFD0B4B9842BED19DF8AA
:103330000F2045F8326005EBC20308345F6035F8B2
:10334000143043EA422343F4807325F81430ACE789
:103350007C0100200400AD0B0000AD0BF401002047
:103360002DE9FF410C468046204611461E46FFF7D8
:10337000D3FD054621B32046FFF748FE18B9204685
:10338000FFF75EFE10BB2046FFF74CFE10B14B78F6
:10339000012B1BD001238DF80F300023CDE9001342
:1033A0004A1C8B1C20460DF10F012AF05DFD274AB7
:1033B00005F1080132F8113043F0030322F811300F
:1033C000002E41D02046FFF721FE18B9204804B056
:1033D000BDE8F08196F800C0D8F800301B4F0CF51E
:1033E000A272002143F8221005F1080237F81210EA
:1033F00021F02001C904C90C27F8121075781DB3FB
:10340000D8F80000B67800EB8C002D04D0F8103509
:1034100023F4991323F4F853C0F81035230203F46E
:103420007C5305F440353605D0F810E52B4306F4FF
:10343000801641EA4C31334341F0200143EA0E0348
:1034400027F81210C0F810350248C0E77C010020B0
:103450000400AD0B0000AD0B014BC3E90212704735
:103460007C01002010B5144652B90E490E4840F2B6
:103470000D3228F002FB0B4840F20D3128F0F4FA2F
:103480000846FFF7DDFD50B10846FFF745FD074B45
:10349000083033F8103006485B0B237010BD054828
:1034A000FCE700BF327B0400A95404007C0100202B
:1034B0000000AD0B0400AD0B2DE9F041184D95F85F
:1034C000804006464CBB6022214605F1100028F0E2
:1034D0008AFF36682F6FA046A7420FD10023C6F897
:1034E0007C3146F30730D6F87C31F4F707FC012332
:1034F0000C4885F88030AB67BDE8F081E0B2FFF79B
:1035000043FDA0F580739B081F2B08BF46F8008081
:1035100004F1010408BF3358DEE70348ECE700BFBD
:103520007C0100200000AD0B0C00AD0B034B93F8A9
:103530008000003818BF0120704700BF7C010020C8
:103540000148FFF7B3BC00BFF00100200148FFF7BE
:1035500089BC00BFF00100202DE9F3410546084673
:103560000C461646FFF75EFD50B93449344840F228
:10357000FA3228F082FA40F2FA31304828F074FA30
:103580002B68D3F80423002AA4BF4FF00042C3F8ED
:1035900004230846FFF754FD18B30846FFF736FD2D
:1035A0000746F0B90846FFF725FD0446FFF7ECFC97
:1035B000D5F8008048F8007058F800302B6822B227
:1035C00003EB8203D3F8102542F00102C3F8102563
:1035D00026B12A680123A340C2F8043302B0BDE833
:1035E000F08146B91549164840F20E4228F045FAD6
:1035F00040F20E41C1E72046FFF78EFC114B083028
:1036000033F81030C3F38203042B12D0052B12D0F1
:1036100001A80194FFF78AFC019BD0F81015D9404E
:1036200001F001010231204602B0BDE8F0412AF06C
:1036300068BC0321F7E70221F5E700BF327B0400F5
:10364000A95404007C0100202DE9F04F694BDFF8FC
:10365000B081D3F80403D8F87010C0B289B040F03C
:103660000040FFF757FD051E2FDAC24600235AF827
:103670007C1F06A8CDE90633FFF7EEFC5E4B0193F5
:103680000DF118094FF0000B019A12F8013B01925D
:10369000DA0803F007031AF8022022FA03F3DA0724
:1036A0001CD409F10409BBF1000F14D0D8F8701034
:1036B0004FF00040FFF72EFDD8F87C1006A8FFF76A
:1036C000CBFC0028DAD125F000450124002D79D16A
:1036D00009B0BDE8F08F4FF0010BD5E7474B5B44D5
:1036E0000293D9F800100029DBD0029B91FAA1F1D6
:1036F0001C78B1FA81F141EA44142046FFF70CFC32
:103700000830059438F81070C808BB0819F8002074
:10371000039301F00701012303FA01F122EA0102F8
:1037200009F8002005A8FFF701FC059A039B02F5A4
:10373000E072C7F3820650F822205B073746C2F3D7
:10374000014224D539462046D6B2FFF733FC05A8FE
:103750000594FFF7EBFB059B03F5E07350F823306E
:10376000C3F301439E4207D1002120462AF0C9FB42
:10377000314620462AF0C5FB05A80594FFF7D6FB85
:10378000059B012202FA03F3C0F82035A9E7022ABB
:103790000CD1032120462AF0B4FB06F00503012BCF
:1037A000EAD139462046FFF705FCE5E7022120462D
:1037B00003922AF0A6FB032EF3D0039A032ADBD14F
:1037C000022EEDE795FAA5F3B3FA83F304FA03F2B8
:1037D0009B0003F1804303F5C04325EA0205D3F8BB
:1037E0001005D3F81015C0F30520C1F30141FFF710
:1037F000E1FB6BE700600040807B0400807B0400FD
:103800007C010020044AD2F80034DB07FBD50160BC
:10381000BFF35F8F704700BF00E0014008B54FF075
:1038200080531A6959694A43904207D21A69B0FB1A
:10383000F2F302FB130363B10D4818E00D490E4883
:1038400040F2071228F019F90A4840F2071128F04F
:103850000BF90A4B0222C3F80425C3F80805D3F874
:103860000024D207FBD500220548C3F8042508BD73
:103870000A00AD0B827B0400A954040000E0014063
:103880000000AD0BF8B50D46012104462AF07BFB84
:1038900050B91149114840F2951228F0EEF840F263
:1038A00095110D4828F0E0F814F0030708D00A49F4
:1038B0000A484FF4CB7228F0E0F84FF4CB71F0E7F0
:1038C000074E0123C6F8043529462046FFF79AFF24
:1038D000C6F80475F8BD00BF827B0400A95404003B
:1038E00000E0014001460148FFF7BCBA0002002099
:1038F00010B552B929492A4840F2FD2228F0BDF8F6
:1039000040F2FD21254828F0AFF8136843B9234958
:10391000234840F20A3228F0B0F840F20A31F1E7C9
:1039200000EB4114C4F82035938843B91B491C4867
:1039300040F2173228F0A1F840F21731E2E713F411
:10394000004F08D0154916484FF4477228F095F8F3
:103950004FF44771D6E7C4F824359368B3F1807FFC
:1039600008D30E490E4840F2263228F086F840F27D
:103970002631C7E700EB4110C0F82835D368B3F112
:10398000807F08D30549064840F22F3228F075F8A9
:1039900040F22F31B6E7C0F82C3510BDBE7B0400D5
:1039A000A954040008B503685909024613D0012937
:1039B00006D103F01F034FF6FF71D940C80712D498
:1039C0000A490B4840F2693228F057F8074840F29C
:1039D000693128F049F84FF0FF31D940C907EFD5D8
:1039E0004FF0A04000E00348136008BD6C64040081
:1039F000A95404000003005070B505790A4C142343
:103A00006B43E618E35833B9006802212AF0EEFA56
:103A100008B101233372142303FB0544207A0238D2
:103A200018BF012070BD00BFCC3200202DE9F74F38
:103A30000B7F05460C4673BBDFF8F8A00E1F01F1A3
:103A4000100701F10C094FF0010856F804BFBBF153
:103A5000FF3F1CD03B78CDF804B001A8002B3ED02E
:103A6000FFF7A0FF019B08FA03F3C0F8083501A88F
:103A7000CDF804B0FFF796FF019B00EB8300D0F870
:103A8000003703EA0A0343F00303C0F80037B145E7
:103A900007F10107D9D194F81DC0218B677DA67D60
:103AA000A27EE07E2B68BCF1000F0BD1D4E9008E22
:103AB000D4E902C4C3F86085C3F864E5C3F868C5F7
:103AC000C3F86C450C0412D51849194840F2F2228B
:103AD00027F0D3FF154840F2F22127F0C5FFFFF78A
:103AE00061FF019B08FA03F3C0F80C35BFE742EA17
:103AF0000022C3F80C75C3F80465C3F80815C3F8B1
:103B0000102528680023C0F81031D0F81021C0F823
:103B10000831D0F80821C0F80C31D0F80C3140F34E
:103B2000073003B0BDE8F04FF4F7E8B8BE7B0400FF
:103B3000A9540400F0F8FCFF2DE9F04190F804804E
:103B40000D4C142606FB08F6A71997F808C0BCF11F
:103B5000000F0ED1A2517B6019B10B7F3B74FFF7B0
:103B600065FF142303FB0844044801232372BDE8C6
:103B7000F0810348FBE700BFCC3200200000AD0B12
:103B80000C00AD0B2DE9F0411F46037904462B488C
:103B900003EB83061546142200EB860602FB0300A6
:103BA0008846037A53B9264926484FF4B07227F065
:103BB00064FF4FF4B071224827F056FF45B9204901
:103BC000204840F2611227F058FF40F26111F2E7FD
:103BD0000B6803F06043B3F1005F08D0184919483F
:103BE0004FF4B17227F049FF4FF4B171E3E70A4691
:103BF00020680021FFF77CFE424620680121FFF784
:103C000077FE226805F0010303EB5505C2F8145551
:103C1000FA0710D417F0020203D0002B14BF0822B9
:103C200004222168C1F8002220463A463146BDE808
:103C3000F0412AF005BA1022F3E700BFCC32002091
:103C4000F07B0400A954040070B5174D06791423C5
:103C500003FB065304461B7A53B9144914484FF426
:103C6000DC7227F00AFF11484FF4DC7127F0FCFEEC
:103C700003680022C3F80022036801225A6069B178
:103C80002046FFF7B9FE0028FAD023680022C3F8C7
:103C90000025142303FB065501232B722046BDE8A3
:103CA0007040FFF7A9BE00BFCC320020F07B0400BB
:103CB000A954040008B50B4B0279142101FB02330F
:103CC0001B7A53B9084909484FF4EB7227F0D5FE27
:103CD00005484FF4EB7127F0C7FEBDE80840FFF739
:103CE0008BBE00BFCC320020F07B0400A95404003E
:103CF00010B50B4AA2F5BC739A4201D800200CE023
:103D0000D11A091103EBC10453F83110814205DCCB
:103D100002DA04F10803EFE7606810BD2246EBE722
:103D2000D451040008B5FFF7E3FF024B002808BF99
:103D3000184608BD317F0400F8B5164C054694F8C6
:103D40008A700E461BF0B8FDF0B1202F1CD1124A2C
:103D5000124843F6FF3302FB063300214FF4705242
:103D6000B3FBF2F21AF014FE3146284604F086FA4C
:103D700068B9082384F88A30012384F87830052351
:103D8000237084F84450F8BD6FF02200FBE74FF039
:103D9000FF30F8E7C578002040420F00593F01008E
:103DA000F8B50F4B002420220F460D2183F88A20FE
:103DB0001C7083F8784083F88C1022462346054611
:103DC0002FF049FE064650B1214628462FF076FADC
:103DD000377029460348BDE8F8401AF09DBCF8BD8D
:103DE000C57800209DF6020073B500220C460DF147
:103DF000070311468DF8072015F07EFD38B90A4BF0
:103E00009DF8075093F843100246914202D86FF094
:103E10001B0005E0DE7BAE4203F10D0302D12270F0
:103E200002B070BD0132F0E7C578002037B5134C01
:103E300005462FF07EF82378042B08D1427832B95A
:103E40000F48294603B0BDE83040F8F719BF408855
:103E50000DF10701FFF7C8FF70B99DF80730094859
:103E60000D2202FB03442946637D0133637503B0D1
:103E7000BDE830401AF050BC03B030BDC57800201A
:103E80005D410100214301000B4BD3F801202AB909
:103E900083F8782011460948F8F7F2BE8C2A0BBF48
:103EA0000722062283F8782083F8782007BF0022B3
:103EB000032100220221EEE7C5780020A13D010088
:103EC00008B50022FF2109481AF02CFF0022FF212B
:103ED00007481AF027FF75220648002128F083FAC8
:103EE000054B064AC3F8FC2B08BD00BF893E010004
:103EF000593F0100C578002088330020E1440100CB
:103F000010B5044601F0ECFF40B1064BD3F8851024
:103F1000204689B2BDE81040FFF70EBF6FF00900E0
:103F200010BD00BFC5780020002210B5084C09481C
:103F300011461AF0F7FE94F8440004F003FB002346
:103F40002022237084F88A2084F8783010BD00BFC6
:103F5000C5780020593F010010B5044620B9BDE8DE
:103F600010400848F8F758BEFFF7DEFF00230C2189
:103F700020461A462FF06FFD21460348BDE8104049
:103F80001AF0CABB593F01009DF6020008B5002295
:103F9000FE2105481AF0C6FEBDE80840034800228D
:103FA0000121F8F76DBE00BF893E0100A13D01006F
:103FB00070B50C4BD3F845302BB11D7CD3F81120D4
:103FC0000023AB4201DB002070BDC3EB03141619C4
:103FD000145B844202D1347A8C4201D10133F0E780
:103FE0000120F1E7C57800202DE9F04F044689B0A3
:103FF0000E46E0792EF09DFF90F80BB0077B8046CF
:104000005F44D4F80950BD425AD22B1D08EB43033C
:10401000AB4594BF02210121B3F805901FFA89FA3C
:104020005046FFF7C5FF002855D0DFF824811C213A
:1040300030462FF0B6F8D8F809300546CBB12178D4
:1040400006A815F0C7F8A279D8F809B0224453465B
:10405000527806A90220D84758B9D4F809309F42AF
:1040600072D13B4F97F84A30CBBB304615F0EEFF8C
:1040700060E01C220021284628F0B5F928461BF0F4
:10408000B5FA98F844302B72A5F80A90B8F8752064
:104090004FF6FF739A4217D1217805F10D0015F004
:1040A00099F803232B73A379234430465B786B750F
:1040B000284B2672AB610BF0D1F9D4F809309F423E
:1040C000CFD009B0BDE8F08F01232B73B8F875305D
:1040D000A5F80D30E7E70135C4F8095091E7B7F8C6
:1040E00075204FF6FF739A42BFD00025217806A8AD
:1040F00015F0B2F82B462A4601210095304602F011
:1041000013FBB7F875102FF0ECFB01464FF48273E8
:10411000042201F8015BCDE90232049597F844309E
:104120000193A379234406AA5B78009330460223C7
:104130002AF0DCFAA379E17907480133A3711AF078
:10414000EBFA0023E371BCE70133C4F8093050E710
:10415000C5780020F9410100214301002DE9F34118
:10416000CEB2044630460F462EF0E3FE204DC18805
:104170008046D5F845002AF055F903460DF10701B0
:10418000B8F80200A3B1FFF72FFE38BB9DF8073047
:104190000D2101FB0357214638767876B876F876FC
:1041A00038460F30BE7502B0BDE8F041FFF71CBFC6
:1041B000FFF71AFE90B99DF807300E480D2202FB5A
:1041C000035531466B7D01336B751AF0A5FA64B166
:1041D000204602B0BDE8F04115F038BF14B12046CA
:1041E00015F034FF0FB13046F3E702B0BDE8F081BF
:1041F000C5780020214301002DE9FF471C2180469E
:104200002EF0CFFF2F4B93F84320814600251C460C
:10421000954215D32C4B1B687BB928F0CDFF014686
:1042200058B904230093CDF804804FF4BA7340F2D8
:104230005B324FF0FF302FF0BDFB04B0BDE8F087DC
:10424000D97D414503F10D0311D10D2303FB054336
:1042500000274046DF752FF02AF8064648B16FF078
:1042600073036370A770E7702771012608E00135BA
:10427000CEE701236070A070E070207184F84A30AE
:104280000D2707FB054702A8F97B14F0A3FFD4F81C
:1042900009A0BAF1000F07D07B7D1F4402A9B9F82D
:1042A0000A303A7C30B2D0470D235D4362190F3596
:1042B0009369414601336019936104B0BDE8F0474A
:1042C000FFF792BEC57800209C42002038B50C460E
:1042D0000546014620462EF0F1FF8C2D19D0002D09
:1042E0000CBF002206220C4D2B7885F87820052B78
:1042F00004D100230C2120462FF0ADFB00232B70AE
:10430000202385F88A3021460448BDE838401AF059
:1043100003BA0722E7E700BFC57800209DF6020038
:104320002DE9F34105462EF004FE0DF1050140880C
:10433000FFF75AFD074600284AD19DF80530284C62
:104340000D2202FB0346717D307D884222D9314423
:10435000284691F8108003212EF03DFE03223946B5
:10436000044628F040F8F17B0DF1060014F074FFCC
:10437000BDF806301B49238084F8028028462FF0C0
:1043800039FDFF2803D129468A20FFF79FFF02B09D
:10439000BDE8F081FF21022BF1730BD803FB022053
:1043A00000F10F01C3F1030302305A4321442044BA
:1043B00027F0F7FF94F84330013BDBB284F8433039
:1043C00033B9D4F801208C2A08BF072384F8783049
:1043D000002DDCD0284602B0BDE8F04115F036BE15
:1043E000C57800202D3E01002DE9FF47394C0746D6
:1043F0002EF09FFD94F800A0BAF1040F05465ED19F
:1044000040880DF10D01FFF7EFFC814600285ED1D9
:104410009DF80D800D2606FB08460DF10E00F17B80
:1044200014F01AFF2B793375042B86F815902AD9CE
:10443000DFF8A890D9F8003003BB28F0BDFE014694
:1044400050B9337D40F25B32CDE900A34FF0FF302D
:1044500040F2B3332FF0AEFAD9F8003073B928F038
:10446000ABFE014650B90423CDE9003340F25B3284
:1044700040F2B5334FF0FF302FF09CFA0D2303FBD1
:10448000084304221A750D2202FB084302FB08446C
:10449000197D2B1DC5F1FF2505F57F050F34FC3572
:1044A000EA18914206D839460B481AF035F904B09B
:1044B000BDE8F08713F8012F04F8012FF0E76FF043
:1044C0000700394604B0BDE8F047FFF7FFBE002003
:1044D000F7E700BFC5780020214301009C4200207F
:1044E0002DE9F047644C2378042B8CB0054640F04E
:1044F000BE80D4F801301C3304D100236370A37054
:10450000E37023711B2128462EF04BFE1B2201462F
:1045100005A827F05DFFBDF8150003A915F018FAEE
:10452000064620B9554B93F8383E9B0616D5062112
:1045300028462EF036FEBDF8153043800380002358
:1045400083804F4928462FF005FCFF2803D12946D8
:104550008A20FFF7BBFE0CB0BDE8F08794F800900E
:10456000BDF815809DF81F70FF23B9F1040F1FFAE5
:1045700088FA8DF80A3075D10DF10A015046FFF71F
:1045800033FC002846D094F84330032B3CD99DF8E7
:104590000A30FF2B68D000221E4611460DF10B0396
:1045A000504615F0A9F98146002850D10D2303FB90
:1045B00006449DF80B30E3736075012305212846FE
:1045C000237527742EF007FD06460522494627F07D
:1045D0000AFFA6F8028086F80190237D3371294BEB
:1045E0001B6863B928F0E8FD014640B900904FF41C
:1045F0005F7340F25B324FF0FF302FF0DBF929465A
:1046000021481AF089F8A6E75A1C8DF80A3084F878
:104610004320C0E79DF80A30FF2B25D00D2202FB76
:104620000344237D032B15D9164B1B68B3B928F01F
:10463000C3FD014690B9237D40F25B32CDE9009382
:104640004FF0FF3040F271332FF0B4F906E0294605
:1046500000B27EE7E218013317742375284615F07F
:10466000F5FC78E76FF00706294630B271E70CB029
:10467000BDE8F04715F0EABCC5780020883300207B
:1046800089E003009C42002021430100F7B50D465C
:104690000446FF260DF1060128468DF80660FFF757
:1046A000A3FBA8B3204A92F84330032B04D88DF81B
:1046B0000630013382F843309DF80670FF2F2AD070
:1046C00000220DF10703114628468DF8072015F04A
:1046D00013F90646F8B9144B0D2202FB07330221E9
:1046E0009DF80720DA7320462EF075FC074602225B
:1046F000314627F078FE0D493D8020462FF093FB90
:10470000FF2803D121468A20FFF7E0FD03B0F0BD6A
:104710008DF80660D0E7002CF8D0204603B0BDE845
:10472000F04015F093BC00BFC5780020E9430100BC
:10473000024B93F88D00C0F380007047C5780020CD
:10474000024B93F84405C0F3800070478833002083
:10475000014B93F889007047C578002010B54A4294
:1047600004463521002312B22FF075F92146024884
:10477000BDE8104019F0D0BF9DF6020073B5284C7B
:10478000284BC4F85C3C284D064618F0CDFF0022AB
:10479000C4F85C2CB5F850104FF6FF73994204F240
:1047A000523336D005F1520015F0EEF9002394F89B
:1047B0005203019301AA012113F0B2F820B9019B21
:1047C0005A7860F384025A70B4F83C13174801AB6E
:1047D000012215F0D9F995F84F3084F8B43295F8E4
:1047E0006D3094F8D826003B18BF012363F3000214
:1047F00094F84C3584F8D82643F0010384F84C35FE
:104800002FF038F80A49304602B0BDE8704011F088
:10481000BBB8114605F1520015F038F9C6E700BFE4
:1048200088330020C1E00300C5780020C83600208E
:104830003548010010B5064B044693F8490308B902
:104840001FF068F92046BDE8104015F0FFBB00BF1F
:104850008833002030B5564C94F88A30082B85B048
:10486000054608D8082B0CD8DFE803F020272A0BD0
:104870002D0B0B0B3000402B1FD0802B29D0202B71
:104880002AD04C4B1B687BB928F096FC014658B9DE
:1048900094F877300193042300933E224FF4097378
:1048A0004FF0FF302FF086F805B030BD014642488A
:1048B00005B0BDE8304019F02FBF40482946F7E762
:1048C00001463F48F4E701463E48F1E701463E48CD
:1048D000EEE701463D48EBE794F84D30192B62D1E5
:1048E00094F87830012B08D194F88D30002262F3CF
:1048F000000384F8782084F88D302E4B1B6893B920
:1049000028F05AFC78B994F87830029394F88C30F7
:104910000193082300933E224FF4FD7301214FF0D1
:10492000FF302FF047F894F88D3094F8782094F801
:104930008C106FF3C3030D2A84F88D304FF0000301
:104940002CD16FF0480228462FF05DF82048294608
:1049500019F0E2FE94F88D309B070FD594F88C3057
:10496000062B0BD194F878101A480022F8F788F932
:1049700094F88D306FF3410384F88D3094F87830DB
:10498000002B91D194F88C305A1F012A01D90A2B9F
:104990008AD105B0BDE830402CF0EFBD5242284628
:1049A0002FF059F8D2E705B0BDE8304015F04EBB06
:1049B000C57800209C42002051540100854F010021
:1049C000215901003D4F0100914E0100654B01004E
:1049D0009DF602005D47010038B5042105462EF022
:1049E000E0FB00210446042227F0FDFC6FF00303E6
:1049F00023704FF0FF336370B423A3700123E3707F
:104A000028460249BDE838401EF0A0B861500100B8
:104A100030B50D4685B0044630B902460D4805B0A4
:104A2000BDE83040F8F72CB901A82EF049FD0AF096
:104A300077FC014601A82EF034FD02A81AF0DCFD37
:104A40002B1E18BF012301AA02A920461BF0E8FB78
:104A500005B030BD114A010073B5044628B91248AB
:104A600002B0BDE87040F8F7D7B8104D00260196A7
:104A7000B5F870000130A5F8700001A980B205F00A
:104A8000B5FA01210330204604BF85F8706085F82F
:104A900071602EF086FB01230370019A04482146C1
:104AA00019F076FF02B070BD594A0100C5780020A8
:104AB000A110030007B500236846CDE900331AF0C2
:104AC0009BFD0B490822684627F05BFC28B10020BB
:104AD00000F0010003B05DF804FB1AF0F5FE0028B9
:104AE000F5D11AF0F9FE80F00100C0B2F0E700BF86
:104AF000DE82040038B5124D95F88A4014F0DF04C8
:104B000019D195F87830012B17D085F8770085F802
:104B10008A401AF0D1FE18B91AF09CFD012038BD68
:104B20000123084885F8783085F88A4085F84D30AB
:104B3000F8F772F8F2E70020F1E72046EFE700BF50
:104B4000C578002055480100044B83F84D00044807
:104B500009B119F0E1BDF8F75FB800BFC5780020D2
:104B600055480100F0B5B44C94F84D30A3F1130250
:104B700087B005460C2A00F23481DFE812F00D0000
:104B800072007200720072002C01320132012001A9
:104B9000B900B9002501B90005F002FB05F0A8FA3B
:104BA00094F87270A54E7FBB96F8D83603F00103D7
:104BB00084F86D3013F0C4FC96F8522384F84F004B
:104BC0004FF0FF33FF2A84F8503084F851301BD067
:104BD0009B48049703A9ADF80C3014F0C1FA96F87D
:104BE000520304AA394612F09BFE68B9049B954A09
:104BF00003F1100153F8040B42F8040B8B42F9D176
:104C0000198811809B78937002218F481FF0F6FA63
:104C100094F84E30003818BF012060F3410384F847
:104C20004E300FF04BFF94F84E3096F849238748EA
:104C300003F0010313430CBF1426172684F84D60BC
:104C4000F7F7EAFF002314211A46284684F8736018
:104C50002EF001FF7E48294607B0BDE8F04019F06C
:104C60005BBD142B30D0172B19D17A4903A82EF035
:104C70004EFB0126714A92F8D83643F0010382F8C0
:104C8000D83694F84D3084F8733004A81AF0B4FC88
:104C9000334603AA04A928461BF0C2FA12E0152BDA
:104CA00024D06C4903A82EF032FB002694F84D3036
:104CB00084F873300AF0D6FA0028E6D029461D2081
:104CC000FFF742FF07B0F0BD012603A82EF0F8FB66
:104CD0005A4B93F84C23134403A893F84B2393F8AF
:104CE0004A132EF087FB002EE0D0C3E70026ECE746
:104CF00094F87330A3F11402032A06D8DFE802F017
:104D00000208424A152384F8743053482946A3E721
:104D100094F84E20920701D51623F4E7474A92F8FB
:104D20004923002A08BF172384F874300023049312
:104D3000424B93F8496396B301F014FD90F89E320C
:104D400053BB01F00FFDB0F8A66201F00BFDB0F807
:104D5000A8022EF09FFD422306445E43049694F879
:104D600072301BB93D48294619F0D6FC94F84E30F4
:104D7000049A394843F00403002184F84E3019F0B6
:104D800007FE9FE72D4B93F84933002B0CBF1723E9
:104D90001523C9E71323C7E7314B0493DFE7B4F8C2
:104DA00070000130A4F8700004A980B205F01EF96B
:104DB000033004BF84F8706084F87160CFE794F822
:104DC0004E305B073FF57EAF2946182007B0BDE89F
:104DD000F040FFF7B9BE2023014684F88A3019203D
:104DE000F4E7204E3368EBB928F0E6F9014658B9EC
:104DF00094F84D300193042300933E224FF4F16365
:104E00004FF0FF302EF0D6FD33685BB928F0D4F9AF
:104E1000014638B9009040F28A733E224FF0FF30CD
:104E20002EF0C8FD002D3FF44DAF284607B0BDE879
:104E3000F04015F00BB900BFC57800208833002082
:104E4000177900201F790020C8360020554801003E
:104E50009DF6020054380020694E01007D47010094
:104E6000000357009C420020014610B90648F7F79E
:104E7000D3BE064B93F84E2093F874006FF3820272
:104E800083F84E20FFF760BE694E0100C578002010
:104E900073B5284D95F84D30122B04460AD01C2BC3
:104EA0000ED0112B1DD10146122002B0BDE870407A
:104EB000FFF74ABE2023014685F88A301920F4E71F
:104EC0002B78042B03D0052B06D002B070BD02B0A6
:104ED000BDE87040FFF75AB802B0BDE87040FFF778
:104EE00023B8154E3368EBB928F066F9014658B976
:104EF00095F84D300193042300933E2240F2EA538B
:104F00004FF0FF302EF056FD33685BB928F054F9AE
:104F1000014638B9009040F2EC533E224FF0FF308A
:104F20002EF048FD002CD0D0204602B0BDE87040E5
:104F300015F08CB8C57800209C420020104B93F8E7
:104F40004D200F2A01460FD01A2A16D093F8782048
:104F5000012A17BF2022082283F88A20192004BFC3
:104F600083F88A20112009E093F87720500704D5B0
:104F7000042A04BF0B2283F88C201020FFF7E4BD25
:104F8000C578002013B5184C94F84D30052B014618
:104F900016D0092B1AD0154B1B687BB928F00CF9D9
:104FA000014658B994F84D300193042300933E22F2
:104FB00040F29B334FF0FF302EF0FCFC02B010BDEE
:104FC000092002B0BDE81040FFF7BEBD94F878306C
:104FD000012B17BF2023022384F88A30192004BF35
:104FE00084F88A300A20ECE7C57800209C42002033
:104FF00038B50E4D032385F878300D4B93F8393EC4
:10500000DB0604460BD51AF057FC40B1202385F887
:105010008A3021461920BDE83840FFF795BD0022AF
:1050200020461146BDE838402EF04ABEC578002023
:1050300088330020084B0A2283F87820074B93F826
:10504000392E12F01002014602D00E20FFF77CBD6F
:1050500011462EF035BE00BFC578002088330020F1
:1050600010B504462EF023F918B1064B092283F837
:1050700078202CB121460E20BDE81040FFF764BD1A
:1050800010BD00BFC57800200B46024610B90D4880
:10509000F7F7F6BDDBB20C49581E4342434191F885
:1050A0004E0063F30000002381F8703081F8713006
:1050B000802381F84E0081F88A3013201146FFF7D3
:1050C00043BD00BF89500100C578002013B50446D8
:1050D00028B91F4802B0BDE81040F7F79DBD1AF08F
:1050E000FBFBF8B90AF0A2F800BB1A4B1B685BB9CE
:1050F00028F062F8014638B9009040F678133E2255
:105100004FF0FF302EF056FC00236FF022023521C5
:1051100020462EF0A0FC1048214602B0BDE8104009
:1051200019F0FABA0AF0D4F81428DBD90B4B012293
:1051300083F87820002283F88A2021463522032034
:1051400083F88C2002B0BDE81040FFF7FDBC00BF23
:10515000CD5001009C420020855A0000C5780020F7
:1051600030B5431E85B005460C460D2B00F2CC80B1
:10517000DFE803F0072127333557595B5D5F7B9DDF
:10518000A3AE6B4B6B4893F88B20012161F30202B5
:1051900083F88B20002283F8781083F8812083F82D
:1051A000822083F8832083F88420214605B0BDE85F
:1051B000304019F0B1BA0B2005B0BDE83040FFF720
:1051C000C3BC5D4B93F818392BB1084614F03EFF71
:1051D0005A480021EAE71D20EEE71F20ECE70846C9
:1051E00014F034FF1BF0B8FF00286FD11AF0CEFF87
:1051F0004F4A92F88D30022043F0010382F88D303F
:10520000FFF778FC4C4B93F84933002B5ED104F048
:10521000D7FE00285AD04A4805B0BDE83040F7F71D
:10522000FBBC1E20C8E71B20C6E70D20C4E70C20EE
:10523000C2E73F4B93F88A20202A09D093F87820C0
:10524000032A0DD01C223F4883F84D20F7F7E4FCD9
:10525000002C3BD0204605B0BDE8304014F0F6BE2F
:105260000021364819F058FAF2E709F0FBFF002850
:10527000EED1314D95F844351A07E9D595F85535F5
:105280005B07E5D43049082205F59B6027F079F8E3
:1052900018B900201FF046F9DAE7022105F59B60F6
:1052A0001FF046F84FF6FF739842D1D1F1E7084658
:1052B00005B0BDE830400EF0E7BE02A81AF09CF938
:1052C000224A002302A920461AF0AAFF05B030BDE9
:1052D00001201CF017F9012120462DF062FF042364
:1052E000037021461A4819F017FA134B93F84943F3
:1052F000002CEBD104F064FE0028E7D00C4B83F8BF
:10530000704083F87140E1E7124B1B68002B9FD17E
:1053100027F052FF014600289AD1042300930195FB
:1053200040F61F133E224FF0FF302EF043FB8FE775
:10533000C57800202D5601008833002029FE020088
:10534000594A010055480100DE820400543800200B
:10535000A11003009C42002007B50B480DF1070285
:10536000FF2119F0DFFC9DF8070048B16FF04801FC
:105370002DF0A4FF0B209DF80710FFF7E5FB01209F
:1053800003B05DF804FB00BF4546020037B50421B9
:1053900005462DF006FF046814F1230F10D094B1D8
:1053A00014F1450F11D100232246372128462EF053
:1053B0002AFB1148294603B0BDE8304019F0ACB9CA
:1053C000FFF7CAFFA8B10024EDE70C4B1B68002BC8
:1053D000E9D127F0F1FE01460028E4D1042300932F
:1053E000019440F6D5233E224FF0FF302EF0E2FA32
:1053F000D9E76FF01404D6E7855A00009C420020DC
:1054000013B500236846CDE900331AF0F5F80F49CB
:105410000822684626F0B5FF50B11AF055FA044646
:1054200030B109F055FF14280CD8204602B010BD49
:1054300009F04EFF142801D80024F6E7002000F000
:105440000104F2E71AF048FAF9E700BFDE8204002F
:1054500037B54B4C94F84D30013B05461E2B79D89F
:10546000DFE803F010363D727878787878788B78BA
:105470007878787878787878787878787816166E7A
:105480004F594F00FFF7BCFF48B11AF015FA30B181
:105490002946042003B0BDE83040FFF755BB94F81F
:1054A0008B303848012262F3020384F88B3029469E
:1054B000002384F8782084F8813084F8823084F8DE
:1054C000833084F8843003B0BDE8304019F024B94B
:1054D0000121284603B0BDE83040FFF799BA94F89F
:1054E0008C30062B02BF94F88D3043F0020384F811
:1054F0008D3094F88D3043F0040384F88D30002112
:10550000E7E7032384F8783094F88D306FF3820353
:1055100084F88D30BCE71C4B93F849334BB904F049
:105520004FFD30B1B4F870201AB91848FF2119F0B6
:10553000F9FB1AF0E9F90028E6D10FF0BFFAE3E72A
:10554000052384F88C30A3E70123014684F88A30D0
:1055500005209FE70E4B1B687BB927F02DFE014607
:1055600058B994F84D300193042300933E2240F241
:10557000BE234FF0FF302EF01DFA03B030BD00BF48
:10558000C57800202D56010088330020A1100300AB
:105590009C420020F0B5002389B0CDE9063312F01B
:1055A000CFFF06A81AF028F8FFF72AFF054608B132
:1055B0002EF07FFB09F0BAFE012807D0184CD4F872
:1055C00079301BB909F098FEC4F87900154B1B68B7
:1055D0001BBB27F0F1FD00BB12F0B2FF12490822FD
:1055E000064606A826F0CDFE04461AF06DF90746D9
:1055F0001AF072F9003C4FF0140318BF0124CDE9F2
:1056000004700093CDE9025401964FF4AD733E222D
:1056100001214FF0FF302EF0CDF909B0F0BD00BFF1
:10562000C57800209C420020DE82040030B585B0A1
:105630000023044602A8CDE9023319F0DDFFFFF78D
:10564000A9FFFFF7DDFE60B121460220FFF77CFADB
:10565000304B0C2283F87720062283F88C2005B08B
:1056600030BDFFF727FA2C4DC0B12B685BB927F08E
:10567000A3FD014638B9009040F295133E224FF049
:10568000FF302EF097F9234B052283F88C20002C55
:10569000E5D021460420FFF757FAE0E708221F492A
:1056A0000DEB020026F06DFEF8B109F011FE142892
:1056B00013D82B685BB927F07FFD014638B90090FD
:1056C00040F29D133E224FF0FF302EF073F9214639
:1056D0000320FFF739FA0F4BBEE709F0F9FD142854
:1056E00003D91AF0F9F80028E3D12B685BB927F049
:1056F00063FD014638B900904FF4D3733E224FF05A
:10570000FF302EF057F90022114620462EF0D8FA2D
:10571000A5E700BFC57800209C420020DE8204007F
:1057200070B5082105462DF03CFD0C4E04460822BC
:10573000002126F058FED6F8811020462DF0B1FE4B
:1057400096F889302371064B064893F8242983F88C
:1057500021292946BDE8704018F0DEBFC578002039
:10576000883300204546020038B52C4C94F88B3025
:1057700003F00702012A054632D1D4F8791081B32B
:105780006FF3020384F88B3084F878201AF052FE0D
:10579000B8B1234B93F86528012A12D1D4F88110AF
:1057A00079B993F84C130B4494F88B1093F84B335E
:1057B00062F3020102FA03F3C4F8813084F88B101B
:1057C0001BB9D4F87930C4F881302846FFF7A8FF18
:1057D000D4F881201348BDE8384000212DF0AABD3F
:1057E0006AB9D4F87D3053B194F88B20032161F36A
:1057F000020284F88B20012284F87820E3E7032357
:1058000084F8783094F88B30012262F30203294641
:105810000E2084F88B30FFF797F9D9E7C578002080
:10582000883300205438002008B5214B4FF0FF3159
:1058300083F8751083F876100E2183F877106FF0D7
:105840004B01002283F885100120052183F88A206E
:1058500083F8782083F8862083F8872083F88820CF
:1058600083F87D2083F87E2083F87F2083F88020D2
:1058700083F8792083F87A2083F87B2083F87C20D2
:1058800083F8891009F0C8FCFEF71AFB094B0A4A95
:10589000C3F8C024094AC3F82829094AC3F838299B
:1058A000084AC3F83029084AC3F82C2908BD00BFAC
:1058B000C5780020883300208D530100615101001C
:1058C00031470100514701004147010010B504462E
:1058D0001AF01AF820B12046BDE8104014F0B6BB0B
:1058E00019F0EAFF28B121460B48BDE8104018F036
:1058F00013BF28F0F3FB48B9084B032283F8782044
:1059000021460E20BDE81040FFF71EB92046BDE835
:105910001040FFF729BF00BFD9490100C57800201A
:1059200037B53D4D95F84D300A3B0446152B5ED8F2
:10593000DFE803F00B273B44575D5D5D5D5D5D5D1A
:105940005D5D5D5D5D415032413495F877309A0779
:105950000BD5022B04BF0A2385F88C3095F88D30C7
:105960001B0709D50D2385F8783021460E2003B09A
:10597000BDE83040FFF7E8B803B0BDE83040FFF7BE
:10598000A5BF2DF094FC4930ECD095F87830012B70
:1059900002D121460A20EAE70323E4E701461F4833
:1059A00003B0BDE8304018F0B7BE0A23014685F8C1
:1059B00078301B48F4E719F0A7FF28B9012385F8D0
:1059C00078300FF07BF8E4E7204603B0BDE83040C4
:1059D00014F03CBB95F87830032BC6D11148002158
:1059E000DEE70423014685F88A300F20BFE70E4B1F
:1059F0001B687BB927F0E0FB014658B995F84D309C
:105A00000193042300933E2240F259534FF0FF309C
:105A10002DF0D0FF03B030BDC5780020F14F01005C
:105A20003550010029FE02009C42002010B5FF28DD
:105A300088B0044607D100F095FE0C4BC0F85C32EC
:105A4000012008B010BD1B212DF0ABFB1B2201462D
:105A500001A826F0BDFC9DF8173023B92146044863
:105A600018F05AFEECE70020EBE700BF040200202C
:105A7000BDE1030007B5054B00930023044A012153
:105A8000184629F0A4FF03B05DF804FB2D5A01006D
:105A9000B9E1030037B50146044600220F48F7F785
:105AA000EFF80546B8B10E4B1B6873B927F084FBBD
:105AB000014650B904230093019540F2B25340F6D9
:105AC0000F024FF0FF302DF075FF204603B0BDE808
:105AD000304014F0BBBA03B030BD00BF8962010092
:105AE0009C42002013B5144AD2F844391BB1D2F8B5
:105AF000483923B9012302EB8303C3F84409D2F8E0
:105B00004039BBB9C2F840090C48F7F785F804469C
:105B100080B10B4B1B686BB927F04EFB014648B9AF
:105B20000423009301947D2340F60F024FF0FF30D1
:105B30002DF040FF02B010BD883300204963010002
:105B40009C420020F8B5124BD3F8E83904460BB15B
:105B5000007898470F4E237833700025237C9D42B0
:105B600002D3FF233370F8BDD4F81130C5EB05170D
:105B70003B44D3F80B3003B19847D4F81120B4F864
:105B8000011020783A442AF085FF0135E6E700BF8E
:105B900088330020EE0400202DE9F04F464B8FB0F3
:105BA000D3F84039069393F800C000235FFA83FED0
:105BB000F4457FD99A000D92069AD2F8012052F846
:105BC00023B002EB83019BF810200C920B91002272
:105BD0000EE058F8040B0590007C0890DDE90905FB
:105BE000089C844214D80131C9B28C45F1D10132EC
:105BF0000C98D1B288425BD90131C8B2C0EB001118
:105C00000A91DDF82C800990C2EB02167146E0E79C
:105C1000DBF81140A7190797059FA45BD7F81190EF
:105C200009EB050A39F80590A1453DD1079F9AF87F
:105C300008A097F80890D14536D140F20127BC4220
:105C400006D026D8192C03D0202C01D0042C2BD11F
:105C50001A4B1B68CBB927F0AFFA0146A8B9164B0F
:105C60000D9AD3F84039D3F801309B58D3F811304E
:105C7000334440F60F021B7ACDE901430823009319
:105C80004FF0FF30D1232DF095FE00200FB0BDE87E
:105C9000F08FB4F5006FDBD04FF65747BC42D7D03A
:105CA00040F20B77BC42D2E70130C0B20F3597E724
:105CB00001337BE70120E9E7883300209C42002084
:105CC0004A2807B500F29B80072802D84FF0FF3022
:105CD0008DE0A0F10803422BF8D801A252F823F07E
:105CE000F75D0100FB5D0100655E0100615E010082
:105CF000695E0100ED5D01006D5E0100C95E01009D
:105D0000F75D0100CD5C0100CD5C0100CD5C0100C0
:105D1000CD5C0100CD5C0100CD5C0100CD5C0100DB
:105D2000F75D0100FB5D0100655E0100615E010041
:105D3000695E0100ED5D01006D5E0100C95E01005C
:105D4000F75D0100FB5D0100655E0100615E010021
:105D5000695E0100ED5D01006D5E0100C95E01003C
:105D6000F75D0100FB5D0100655E0100615E010001
:105D7000695E0100ED5D01006D5E0100C95E01001C
:105D8000F75D0100FB5D0100CD5C0100CD5C010011
:105D9000CD5C0100CD5C0100CD5C0100CD5C01005B
:105DA000FB5D0100615E0100C95E0100CD5C010088
:105DB000CD5C0100CD5C0100CD5C0100CD5C01003B
:105DC000CD5C0100715E0100715E0100855E010025
:105DD000CD5C0100CD5C0100CD5C0100CD5C01001B
:105DE000855E0100CD5C0100855E01000620C0B229
:105DF00003B05DF804FB0120F9E70220F7E700F1AA
:105E00002003DBB2112B3FF661AFE03811283FF6DB
:105E10005DAF01A353F820F0615E0100615E0100F7
:105E2000615E0100CD5C0100CD5C0100CD5C010034
:105E3000CD5C0100CD5C0100FB5D0100FB5D01005C
:105E4000615E0100CD5C0100CD5C0100CD5C010014
:105E5000CD5C0100CD5C0100C95E0100C55E0100A2
:105E60000420C4E70320C2E70520C0E70720BEE7FF
:105E700000293FF42BAF0878FF283FF427AF01300B
:105E8000C0B2B4E700234828ADF806304FF0020254
:105E900001D043280CD10DF1060026F099FABDF887
:105EA00006004FF6FF7398423FF410AF02309EE7B2
:105EB0000DF1060026F08CFABDF806309B00ADF817
:105EC0000630ECE7102092E7082090E72038C0B2B7
:105ED0000D289ABF014B185C00207047447F0400D6
:105EE00070B514490246D1F84409B0B105780023D1
:105EF0009D4208D9D0F8014054F8234026789642B4
:105F00000CD00133F4E70020D1F848492CB12578B2
:105F10000023AB4204D30146084670BD2046F3E798
:105F2000D4F8011051F823100E789642F4D00133C2
:105F3000EFE700BF8833002070B51B2188B004460E
:105F40002DF02FF91B22014601A826F041FA9DF8F9
:105F500010603046FFF7C4FF9DF81A30BDF81320DB
:105F60009DF817100546304628F063F920B9204601
:105F700014F06CF808B070BD2BF07BFD40B9D5F87B
:105F80000330EBB9204629F062FE024650B9F1E732
:105F9000BDF813002AF077FE48B19DF812301B07B8
:105FA00005D47E2201A9204629F043FFE2E7BDF88F
:105FB0001310BDF805002AF034FE0028DFD1F0E709
:105FC000074BD3F8F43B33B9D5F803302046984754
:105FD0000028D7D0CEE701A898470028D2D1F3E710
:105FE0008833002000F52D3303F2A513F0B503F03C
:105FF0000F020E4C13469E1C04EBC60595F8407923
:106000003FB904EBC60484F84009C4F83C190020E9
:10601000F0BDD5F83C59002DF3D0013303F00F0348
:106020009A42E8D16FF01500F2E700BF88330020F4
:10603000F8B500F52D3303F2A51303F00F02164E49
:10604000044613469D1C06EBC50191F84019A14278
:1060500019D120462DF02BF908B11DF0D7FC06EB25
:10606000C507D7F83C0958B1214618F055FB002068
:10607000C7F83C0906EBC505002385F84039F8BD93
:106080006FF01B00F6E7013303F00F039A42D9D1FA
:106090006FF01B00F3E700BF883300202DE9F04FBD
:1060A00085B0DFF8B890BDF83CA003908B4615464C
:1060B0001E4659F8048FB8F1000F07D0002798F852
:1060C00000309F4205D3244B9945F2D105B0BDE87D
:1060D000F08FBB000293D8F80130039A53F82700E1
:1060E0000378934235D02A46594628F0C6F900284D
:1060F000E5D05246314628F014FD04460028DED093
:10610000D8F80130BA0059469B5818780E9B009376
:106110002A463346CDF804A028F031F8D4F80630EA
:106120000E99A0780293FFF7CBFD0E9902460298D4
:1061300026F04EF9E3785B070BD5D8F80130BA00AA
:1061400059469B582A461878CDF800A0334603F0EC
:10615000BDFB0137B3E700BFD03C0020C83C0020A6
:106160002DE9F74F234E00910446904601934FF0DE
:10617000000A56F8049FB9F1000F30D099F800B02A
:10618000B4B300273A46934507F1010701D844B15B
:1061900022E0D9F8011051F822201278A242F1D160
:1061A0000024BB4518D9D9F80120B8F1030F52F8E3
:1061B000275018D100990122284628F05EF920B90D
:1061C0000222284628F059F980B10199284628F082
:1061D00029F958B195F800A0074B9E42C9D1504605
:1061E00003B0BDE8F08F00994246EAE70137D8E7EF
:1061F0002746D6E7C83C0020D03C002037B51B21FD
:1062000005462CF0CEFF037BFF2B044630D1037DE7
:10621000B0F80F10002B18BF0222B0F8113008BFE1
:1062200001220020FFF79CFF28B9284603B0BDE8F3
:10623000304013F00BBF2073002211482946F6F7B7
:106240001FFD0446D0B10F4B1B68002BEDD126F08B
:10625000B3FF01460028E8D104230093019440F2E3
:106260000C6340F60F024FF0FF302DF0A3FBDCE78C
:10627000284603B0BDE83040FFF75EBE03B030BD36
:10628000896201009C4200202DE9F041CDB2074611
:106290001B2128462CF085FF0446294638462CF061
:1062A00069FE94F80C80124E18F076F93946B0FB6E
:1062B000F6F61048324618F06BFB237DB4F80F1049
:1062C000002B14BF02220122B4F811304046FFF720
:1062D00047FF20B92846BDE8F04113F0B7BE207350
:1062E000324629460448BDE8F04118F051BB00BFD2
:1062F0007CF0C107395F0100955A01002DE9F84F84
:10630000104C06460A4604F1080A4FF0000854F8FB
:10631000047F8FB197F800B00025AB450AD9D7F8B4
:10632000013053F825903146484628F0A6F830B1A0
:1063300099F800805445EAD14046BDE8F88F013510
:10634000EBE700BFC83C002013B50446B8B91448B9
:10635000F6F762FC044680B1124B1B686BB926F05D
:106360002BFF014648B9042300930194402340F6D3
:106370000F024FF0FF302DF01DFB02B010BD0121C8
:106380002020FFF7BBFF0146204621B102B0BDE847
:1063900010402AF067B902B0BDE8104013F056BEB5
:1063A000496301009C420020F0B50E4D02460024D6
:1063B0004FF6FF7055F8041F71B10F7800239F420C
:1063C00009D9D1F8016056F8236096F800C09445C9
:1063D00005D1B6F8010004B1F0BD0124EAE70133AC
:1063E000EDE700BFC83C00202DE9F84F114C0646F0
:1063F0000A4604F1080A4FF0000854F8047F37B148
:1064000097F800B000255D4504D35445F5D14046CA
:10641000BDE8F88FD7F8013053F82590314648464B
:1064200028F02BF810B1037A934201D00135EAE746
:10643000C846EAE7C83C002038B51B212CF0B1FE65
:106440000446007BFFF74CFD257DB4F80F10002DAE
:106450000CBF0122022228F010F80F4B1B7A012BEF
:1064600002460FD0217EA37D51B17D3BD8B28AB1C7
:10647000012D09D1137A13F0020F18BF002038BD87
:106480007F3BF3E78120F2E7002DF8D1137A13F078
:10649000010FF2E7C320F2E7E03200202DE9F04FD0
:1064A0008DB00E4608931821BDF8583006939246D9
:1064B00005462CF076FE044628462CF03AFD237B58
:1064C0000593037894F80DB0B4F80A808178E77BDF
:1064D00013F0030F81460CBF0123002342465846A8
:1064E00027F0A7FEA0B9BAF1000F08D0CDE900BA95
:1064F000059B3A462146284628F0CAF8F2E028468D
:1065000013F0A4FD6FF0070630460DB0BDE8F08F24
:106510002089414628F0DFF80790B6B13146284679
:106520002CF0B4FD099028462CF00DFD099B834208
:106530000BD9314628462CF0A9FD064628462CF0FA
:1065400002FD311A28462CF03CFE012F11D0E37BCE
:10655000022B04D122884FF6F7739A4209D840469D
:106560002AF076FB28B1089B1BB9237C43F0040377
:106570002374079B1BB1237C43F00803237408F0AA
:1065800071FE064640BB2BF074FA28B340462AF051
:106590007AFB08B3082231460AA825F024FF022F0F
:1065A00006D0032F6BD0002F51D12BF062FA09E0F7
:1065B00020880AA913F0CCF9002848D12BF059FA09
:1065C000002862D102210AA81DF018FE002840D040
:1065D000237C43F0010323744146584628F031F8E8
:1065E000002869D0082200210AA825F0FCFE022F0D
:1065F00051D0032F78D0002F5AD00026484B19686D
:1066000099F802300B2B75D199F800305A0771D1E7
:1066100099F80430012B6DD191B926F0CDFD0146DA
:1066200070B9CDF8088099F80330019308230093DE
:1066300040F60F0240F634134FF0FF302DF0BAF958
:10664000002E39D0BAF1000F7FF450AF5CE72BF089
:1066500010FA334B1B687BB926F0AEFD014658B9E2
:1066600004230093CDF8048040F6D80340F60F02CF
:106670004FF0FF302DF09EF96FF02706E2E7082279
:1066800021460AA825F0A4FE98E70AA808F014FEFF
:106690000028DED096E720880AA913F059F90646AB
:1066A0000028ABD102210AA81DF0A8FD0028A4D023
:1066B000237C43F00103237451462846FFF792FCE4
:1066C00006460028BED128462CF033FC0378DB06B2
:1066D00002D401201DF04CF9069BD3B9114829467C
:1066E00018F01AF800260FE7082221460AA825F01C
:1066F0006FFED7E70029BFD1069126F05DFD069910
:106700000028B9D104230093CDF8048040F63B1350
:10671000ACE7069A0348294618F03AF9E2E700BFC9
:106720009C420020BD0F02002DE9F041069F0C465F
:1067300090461E462CF08FFC094B00F8014B93F855
:106740003C596A1C83F83C29630702D541462DF069
:10675000C8F805704670023007B13D70BDE8F081A1
:106760008833002000487047C43C00200048704730
:10677000E032002002289DBF024B187000206FF00D
:1067800005007047E0320020014B187A704700BFC7
:10679000E032002001289DBF024B187200206FF0EC
:1067A00005007047E0320020174B1B7853B3932845
:1067B00015D8802826D9A0F18103122B22D8DFE832
:1067C00003F00A0A0A0A21212121210C2121212179
:1067D0001C1E1E201E008120704700207047C2280A
:1067E0000FD006D800F14003DBB2012B98BF012087
:1067F0007047C42808BF002070477E2070470120E2
:1068000070477F20704700BFE032002010F10A0F70
:1068100010D010F1090F0ADA10F11F0F0CD0173049
:106820000CD0074B187A012818BFC02070470028E9
:10683000F7D1704785207047812070478720F8E79F
:10684000E0320020F8B5054620B9FFF78BFFFF24A2
:106850002046F8BDFFF786FF4368002BF5D00026E1
:106860000BE02F78FFF77EFF4368D3F8013053F831
:1068700026301B78BB420CD00136FFF773FF43680C
:106880001B7806EB860404EB8404B342E4B2E8D838
:106890000DE0FFF767FF4368084AD3F8013053F86B
:1068A0002630D3F81F30EB1A02FB0343DCB2FFF7AC
:1068B00059FF43681B78B342CAD8C8E7B76DDBB647
:1068C0002DE9F34707468846002A35D12CF0CEFA49
:1068D0008046384627F09EFF242140462CF061FC7C
:1068E0000446788928B3BC4204D018223946204691
:1068F00025F06EFD97F808A078883988BAF1010F65
:1069000028D18842BB793E79CAB2C5B21BD91A4494
:10691000921B521BD5B2002D00F0A4807E894FF649
:10692000FF739E4201D0012E20D10123A383238334
:10693000404602B0BDE8F087242140462CF031FCEF
:1069400004460746CDE71D44AD1AAD1BEDB24FF02E
:10695000000AE0E7451A002DB8BF6D428842EDB24B
:106960002CBF4FF0000A4FF0010AD4E706235E4324
:10697000B5424FF00003DFF8F490E38334BF2B46B9
:10698000B3B2A383D9F8003073B926F015FC0146E1
:1069900050B9A38B0193042300934FF40162E223C7
:1069A0004FF0FF302DF006F8A38B012B84BFB6FB10
:1069B000F3F39EB2D9F8003098BFB6B2268373B90C
:1069C00026F0FAFB014650B9238B01930423009370
:1069D0004FF40162EF234FF0FF302CF0EBFFA38B5D
:1069E000012B94BF2BB2B5FBF3F36383D9F80030CE
:1069F0007BB926F0E1FB014658B9B4F91A3001938E
:106A0000042300934FF40162FB234FF0FF302CF07E
:106A1000D1FFBAF1000F02D0638B5B42638318F0A1
:106A2000FBFC4FF4705358430F4BB0FBF3F07B89E2
:106A30001844D9F800302062002B7FF479AF26F09B
:106A4000BBFB014600287FF473AF236A0193042344
:106A500000934FF4016240F20B134FF0FF302CF023
:106A6000A9FF65E7A58363E7A08601009C4200209B
:106A7000F8B50546FFF776FE4368002B00F09180DD
:106A8000284627F0A1FE0646002800F08A8024212F
:106A900040792CF086FB044618F0BEFC62894FF664
:106AA000FF718A42034628D0012A26D0206A4FF47B
:106AB00070514B434149B3FBF1F3411C8B4247D228
:106AC00002EB030E218B4FF0060CB1FBFCFCAEEB8E
:106AD0000C07B8422ABF00EB0C073F1AA7EB0E07C2
:106AE000012F1DD9834234BFC31A1B1A00206381B2
:106AF000E08371790122FFF7E3FEA38B33B1012B11
:106B0000E76828D163882380002F54D131786069E9
:106B100017F002FE00237079B37113F097FA3CE08E
:106B20000620E38BB1FBF0F700FB171189B28B4213
:106B30003CBF1B18E383E38BA2EB0C0292B2628191
:106B4000A3EB01033CBF02F1FF326281E383D4E790
:106B50000123A383D1E7B4F91A202388E1881344E1
:106B6000A28893421EDB8B4221DC238037B16289ED
:106B700030782146B847A38B012BC7D9228B104808
:106B80004FF47A5143F6FF3301FB02334FF4705256
:106B90002946B3FBF2F217F0FBFEA38B0BB1013BCE
:106BA000A383F8BD0131D21A891A2180DEE75B1A6E
:106BB000013A1344D9E70022DAE700BFA0860100BA
:106BC000716A010070B50546FFF7CCFD436813B943
:106BD0000025284670BD284627F0F6FD044600280B
:106BE000F6D08379002BF3D000222946074818F00D
:106BF00099F86679242130462CF0D3FA057C30468A
:106C000013F024FA0023A371E3E700BF716A0100C7
:106C10002DE9F04F87B0054605930F469046FFF7E4
:106C2000A1FD4368002B40F0A4804FF0FF095FFAFC
:106C300089F007B0BDE8F08FFFF794FD4368D3F803
:106C4000013053F826301B78AB424FEA860B1FD138
:106C5000FFF788FD4368D3F8013053F82630D3F8A6
:106C60001FA0BAF1000F1BD1454B1B6883B926F05A
:106C7000A3FA014660B90C230093CDE9027801958F
:106C800040F29F234FF401624FF0FF302CF092FE50
:106C90000136FFF767FD43681B78B342CCD8C6E7DF
:106CA00042463946284627F0C3FDFF28044643D014
:106CB000FFF788FF204627F087FD8246049B002BC4
:106CC000E6D0059B8AF80530012218468AF8005064
:106CD000AAF80170AAF803808AF8062024212CF073
:106CE00060FA838B53B3012B2FD02146254817F030
:106CF00013FD28E0FFF736FD4268D2F8012052F874
:106D00000B20927F0134A24205D90AF1070A9AF8B2
:106D10000620002AEED1FFF725FD4268D2F80120B7
:106D200052F80B20927FA24220D98AF80050504698
:106D3000FFF788FD0446C1E70024E8E70222114876
:106D4000214617F025FEA146A2E741894FF6FF72C2
:106D5000914218BF038B43F6FF324FF47A5101FB87
:106D600003234FF47052B3FBF2F2E8E700230493DD
:106D70008EE7012304934FF0FF09002689E700BF47
:106D80009C420020716A01002DE9F04788B0074657
:106D9000ADF81E102CF05FF9082303700446FFF7CE
:106DA000E1FC0378DFF8B490DFF8B4A099F8008034
:106DB0005A1C027063700A23A3700334B8F1050FE4
:106DC00038D801223AF818301146C42027F0D4FFF1
:106DD000064620B301214CF25D2027F07CFC2146C1
:106DE00000B338462CF052F9C0F5CA630133D6F827
:106DF0000610B0789DB2FEF763FF0330854217D3CB
:106E0000318820462CF06DFDB17800F8011BD6F8D2
:106E1000062027F033FA0023044689F8003008F1F1
:106E20000108CBE738462CF031F9C0F15203DEE718
:106E300089F8008001230022CDE903324CF25D2164
:106E4000C423CDE9013100930DF11E020223214636
:106E5000384627F04BFC08B0BDE8F0875579002094
:106E6000C453040073B5254D0E46044650B92A7824
:106E7000002A40D1224801232B7002B0BDE87040A7
:106E8000F5F7FEBEFFF76EFCD0F89C305BB3342103
:106E900020468DF804602CF084F93422002125F07E
:106EA000A2FA342120462CF07CF9612303703421AE
:106EB00020462CF076F900264660342120462CF03E
:106EC00070F93421866020462CF06BF901ABC36069
:106ED000342120462CF065F90661FFF743FCD0F819
:106EE0009C3020469847002320462B7002B0BDE816
:106EF000704013F0ABB802B070BD00BF56790020EF
:106F0000656E010010B510B90F4B187010BD012847
:106F1000FCD10E4B19780129F8D10B4C2278012AAB
:106F200009D80B48F5F778FE0A48F5F775FE23787F
:106F300001332370EAE70020032220701A70BDE8B5
:106F40001040FFF78FBF00BF547900205779002011
:106F500059700100596F0100064A127803462AB1A0
:106F6000032A03D04FF6FC71FFF70EBF184613F04B
:106F70006DB800BF5779002038B5044620B9BDE888
:106F800038402148F5F748BE204D2B78A3B3032B9A
:106F900032D0012208231146C42027F0EDFED0F89C
:106FA000063019884FF6FF739942204621D1FFF72A
:106FB000D3FF00221448114617F0B4FE2B78022BA1
:106FC00021D101231A461946C42027F0D5FEB8B1B5
:106FD000D0F8063018880F3880B22CF05BFC0F30E8
:106FE00080B242224243BDE838400748002117F0F2
:106FF000CFBCFFF7C9FEDCE7204613F027F8D8E73F
:107000004FF49670E7E738BD796F0100577900209B
:10701000002208B50E48114617F084FE0D4B1B7870
:10702000022B13D101221146C42027F0A5FE50B136
:10703000D0F806301B88064842225A430021BDE89A
:10704000084017F0A5BC4FF49673F4E708BD00BFE5
:10705000597001005779002070B5044688B028B9EE
:10706000224808B0BDE87040F5F7D6BD204B1B782C
:10707000BBB3032B35D010F011FAADF81E0020463B
:107080002BF0E9FF002606700546FFF76BFB03783F
:107090005A1C027008216B70AE70E81C2CF021FCA9
:1070A00009212CF01EFC0A212CF01BFC01254CF2BE
:1070B0005D23CDE90235C4230146CDE900330DF14E
:1070C0001E0204960223204627F010FB094840F2D6
:1070D000BC72294617F05CFC08B0BDE87040FFF7B1
:1070E00097BF204612F0B2FFF6E700BF59700100CB
:1070F00057790020056F01002DE9F7430022FF2199
:107100000546364817F00EFE18F0B4FA074630B1BF
:10711000DFF8D48098F800300BB1032B05D1284656
:1071200003B0BDE8F04312F091BF4FF000092846CC
:107130002BF009FF022814D8B9F1000FEFD0284B2B
:107140000021197098F80030012BE8D1022340F299
:10715000DE32244888F8003017F01AFCFFF758FF99
:10716000DDE728462BF0E5FE04460028E4D08078D1
:10717000FFF71AFBA07008BBE078211DFEF7A0FD09
:10718000061D2846F6B22BF0DEFE28462BF0DBFE6D
:107190008642D1D8314628462BF09BFFA278002AA0
:1071A000C5D12388082B0BD101920434012200940D
:1071B0001146C42027F0C6F9B946B8E70326E4E72C
:1071C000092BF1D00A2BB2D1019204340122009490
:1071D0001146C42027F0B6F9A9E700BF056F0100EA
:1071E00054790020796F01005779002038B50546A1
:1071F0002BF09FFE90F84B30044653B901462322F2
:10720000104825F0E5F81048282204F1230125F064
:10721000DFF80C4CD4F84B0070B194F84F1017F015
:107220007BFA002384F84F3084F84B3084F84C30DC
:1072300084F84D3084F84E302846BDE8384012F0CE
:1072400005BF00BF587900207B79002070B5094C3C
:10725000D4F84B3005460E464BB907488F211AF03B
:107260001BFC18B9C4F84B6084F84F5070BD6FF028
:107270000300FBE758790020ED71010010B50749C4
:107280000446FFF7E3FF043006D121460448BDE879
:107290001040002217F07CBB10BD00BF5DEB030067
:1072A0007D72010038B5044608464A2811461D463D
:1072B00000F29080072801D8204638BD08384228BF
:1072C000FAD801A353F820F0397401004174010089
:1072D000657401004D74010071740100597401005E
:1072E0007D7401009574010039740100B9720100C8
:1072F000B9720100B9720100B9720100B9720100DE
:10730000B9720100B97201003974010041740100C1
:10731000657401004D74010071740100597401001D
:107320007D740100957401003974010041740100FD
:10733000657401004D7401007174010059740100FD
:107340007D740100957401003974010041740100DD
:10735000657401004D7401007174010059740100DD
:107360007D740100957401003974010041740100BD
:10737000B9720100B9720100B9720100B97201005D
:10738000B9720100B9720100417401004D7401002D
:1073900095740100B9720100B9720100B97201005F
:1073A000B9720100B9720100B9720100897401005B
:1073B0008974010089740100B9720100B972010079
:1073C000B9720100B972010089740100B97201003B
:1073D0008974010000F12003DBB2112B3FF66CAF82
:1073E000E03811283FF668AF01A353F820F000BF42
:1073F0004D7401004D7401004D740100B97201001B
:10740000B9720100B9720100B9720100B9720100CC
:1074100041740100417401004D740100B972010012
:10742000B9720100B9720100B9720100B9720100AC
:1074300095740100A1740100137804F8013B3BE747
:107440002046022224F0C4FF023435E720460422FD
:1074500024F0BEFF04342FE72046062224F0B8FFB4
:10746000063429E72046032224F0B2FF033423E741
:107470002046052224F0ACFF05341DE720460722F4
:1074800024F0A6FF073417E720462A4624F0A0FF81
:107490002C4411E72046082224F09AFF08340BE719
:1074A0002046102224F094FF103405E72DE9F04F18
:1074B0001B218BB080462BF074FE0546FFF752F976
:1074C00040782BF0C8FD2B7E002B0CBF18231C230B
:1074D00000F8013B2B7E1BB1B5F819102CF001FA16
:1074E0006B7D037009234370841C287BFEF7F8FC36
:1074F0002B7D0890002BB5F80F1014BF022201223B
:1075000026F0BBFF2B7E8146002B64D0B5F81930E6
:10751000079340462BF017FD022840F2D0804046EA
:107520002BF007FD002800F0CA8090F800B0B0F8FA
:1075300001A0032140462BF0CCFDB5F80F10B5F8A3
:10754000110027F0C8F8002848D0FFF70BF92146B2
:1075500040782BF09BFDC0F5CA660136B6B2032E0B
:1075600040F2AD80079A5146484627F0DAFA0746BE
:10757000002800F09980D0F80630002B00F09480AD
:10758000C3785B0740F19780089BB9F80010187822
:107590002B7E99F8082053B3B5F819300093534661
:1075A00029F051F90990002800F08780092E40F257
:1075B00086800022227084F801B0A01C51462CF075
:1075C00090F9099B0446BBF1000F13D0BBF1010FEA
:1075D0009FD1198A44E04FF6FF7399E7FFF7C2F88D
:1075E000214640782BF052FDC0F15206B6E74FF627
:1075F000FF73D3E7BA7800F8012B5A8A198A0993E6
:107600002CF07BF90446B87826F0CBFE002880D019
:10761000BA78099B203A0B2A3FF67BAF01A151F8BB
:1076200022F000BF557601005D76010079760100F9
:107630008976010013750100997601001375010028
:107640001375010055760100697601007976010015
:10765000897601001B7D04F8013B5AE7998A204690
:107660002CF03FF9044654E72046022203F11401AE
:1076700024F0AEFE02344CE72046032203F114014D
:1076800024F0A6FE033444E72046042203F114014B
:1076900024F09EFE04343CE72046062203F1140148
:1076A00024F096FE063434E78623237084F801B074
:1076B0005146A01CD4E78C23F7E78B23F5E7FFF7AF
:1076C00051F8002340780493B5F80F300393B5F8D0
:1076D000113002932B7B0193EB7A00936A1C0223F7
:1076E000214627F003F8FFF73DF880F801800BB042
:1076F000BDE8F08F2DE9F04F1B218DB007462BF030
:1077000050FD0446007BFEF7EBFB237DB4F80F1021
:10771000002B14BF0222012226F0AFFE0690FFF7D5
:1077200021F840782BF097FC237E002B0CBF182308
:107730001C2300F8013B237E1BB1B4F819102CF078
:10774000D0F8637D03704FF0000B0723DFF804A22D
:107750004370851CD84638462BF0F5FB04285AD8D0
:1077600000264FF0FF0938462BF0EDFB814500F273
:10777000CA80494638462BF0ACFC002E00F0C3808E
:10778000237E08F10108002B63D0B4F81920B6F865
:107790000110069827F0C5F93378002B5CD0237BC5
:1077A0008DF82030217CE37B43EA0123ADF82630BD
:1077B000E37A8DF82130B4F80130ADF82230A17CA5
:1077C000637CADF82C2043EA0123ADF82430237DFF
:1077D000002B14BF0223012308A930468DF828305E
:1077E00002F0F0F90028B6D0DAF8002082B907904C
:1077F00025F0E2FC079B014650B901930423009356
:1078000040F6120240F2FC434FF0FF302CF0D2F869
:107810004FF0010B29E038462BF08BFB0646002881
:107820009ED00378012B0ED0C07826F0BAFD68B147
:10783000F078FEF74BFB00F1080138465FFA81F95A
:107840002BF081FB8FE74FF005098CE74FF008091B
:1078500089E74FF6FF729AE740BB4FF6FD739942F6
:107860000CBF4FF08C0B4FF0860BB4F80F10B4F830
:10787000110026F030FF00283CD0FEF773FF2946A8
:1078800040782BF003FCC0F5CA6301339BB2032B95
:1078900009D985F800B033786B70A81CB6F80110D0
:1078A0002CF01FF805464FF0010B54E7D0F80630D6
:1078B000BBB18378412B14D003F0FD01482910D0CF
:1078C000C178490710D5F178994210D1F388002B7F
:1078D0003FF465AFB18899427FF661AF4FF0870BF7
:1078E000C3E74FF0860BC0E74FF08C0BBDE74FF0BE
:1078F0008D0BBAE7FEF736FF294640782BF0C6FB22
:10790000C0F15203C2E7B8F1000F1CD1802305F883
:10791000013BFEF727FF002340780493B4F80F30B3
:107920000393B4F811300293237B0193E37A00931D
:10793000621C0223294626F0D9FEFEF713FF47708A
:107940000DB0BDE8F08FBBF1000FE2D105F801BB2F
:10795000DFE700BF9C4200202DE9F04F89B0C38DC6
:107960000093C3880279894605464188407827F00C
:10797000F1F990F803A048462BF06DFB0AF02006C1
:10798000CAF3401A4FEA8A0343F00803044603701F
:10799000002E78D0444B1B687BB925F00DFC0146C6
:1079A00058B9EB8D01930423009340F612024FF473
:1079B000AC634FF0FF302BF0FDFFE98D601C2BF026
:1079C00090FF0446FEF7CEFE03785A1C0270237027
:1079D0000A23637002342E4640F2516BF78DF38810
:1079E000327971887078009727F0B4F971888046F1
:1079F000B08D26F070FE214600284ED048462BF070
:107A000045FBABEB0007D8F8061098F80200FEF72C
:107A100057F9BFB2C21C974207901FD3B8F80010A5
:107A200020462BF05EFF98F8021000F8011B079B20
:107A3000D8F80620FFF736FC41460446304628F0C9
:107A4000E8FF337A23F0160343F0200333725146E4
:107A5000284628F055FF06460028BFD1134B049353
:107A60006B880393AB8D02936B78019395F82A3062
:107A7000009305F1280200232146484626F036FEF1
:107A800009B0BDE8F08FFEF76DFE03785A1C027056
:107A900063700A23A37003349DE748462BF0F6FA7F
:107AA000C0F15207AFE700BF9C420020099D0100D2
:107AB00037B51B2104462BF074FBC37C0546162BFF
:107AC00063D8DFE803F00C113939283941284565BE
:107AD0003D4D49656262625B6560654965002046AF
:107AE00027F020F9012054E0324BD3F8F83BB3B92A
:107AF000B5F80F300A2B04D1204602F0EDFF002824
:107B0000F0D11B2120462BF04CFBB0F811204CF299
:107B10005D239A4208D0204612F098FAE2E7204608
:107B200098470028E4D0DDE7B0F80F30012BF2D100
:107B30002046FFF7E1FAD5E7204627F025F9D1E7FF
:107B4000204628F0EFFFCDE72046FFF7D3FDC9E739
:107B50002046FFF7ABFCC5E7204626F0B7FEC1E79D
:107B60001B2120462BF01DFBB0F80F30192BD2D172
:107B7000204628F056F80028B4D1CCE70121204651
:107B800027F095FAAEE70021F9E70B4B1B6813B11C
:107B9000002003B030BD25F00FFB01460028F7D1CF
:107BA000009040F24B7340F612024FF0FF302BF082
:107BB00001FFEDE7883300209C420020054B9842EE
:107BC00006D030B1093B98420CBF89200120704794
:107BD0008B2070475BFBFFFF30B50D468BB01B2140
:107BE00004462BF0DEFA1B22014603A824F0F0FB2A
:107BF000ADBB20462BF0A7F901283CD920462BF03D
:107C000098F90146002836D0022202A824F0E0FBB1
:107C1000BDF80830013B9BB24FF6F67293422FD964
:107C20002D4B1B6863B925F0C7FA014640B9009097
:107C30004FF4BC7340F613024FF0FF302BF0BAFE46
:107C4000002D47D19DF8193013F00C0F3ED1BDF82F
:107C50000830872203A9204627F09DFB32E09DF8DB
:107C6000180000F037FB02460028C2D103A92046C5
:107C700027F0D6FB26E04FF6FF73ADF80830CFE7CC
:107C800020462BF0E8F9082120462BF08AFABDF8AF
:107C9000083003809DF818308370002343609DB93D
:107CA0009DF8193013F00C0F01D10C4B43601B21D0
:107CB00020462BF090F91B2203A924F089FB2046D3
:107CC00019F0AEF80BB030BD054BEFE7204612F0CF
:107CD000BDF9F7E78722C9E79C420020EDF30300D6
:107CE000A3F403002DE9F041FF288EB0044608D12B
:107CF000FEF738FDC04BC0F85C3201200EB0BDE885
:107D0000F0811B212BF04DFA057D002D40F0A5815F
:107D1000C37C052B00F2A581DFE813F006000B0001
:107D20008600110178019D0100212046FFF754FFD4
:107D3000E3E71B2120462BF034FA1B22014607A85B
:107D400024F046FB20462BF0FEF8012822D92046DD
:107D50002BF0EFF80146E8B1022206A824F038FB28
:107D6000BDF81830013B9BB24FF6F672934216D91C
:107D7000A24B1B6863B925F01FFA014640B9009079
:107D800040F2D11340F613024FF0FF302BF012FEF9
:107D9000872521E04FF6FF73ADF81830E8E720465D
:107DA0002BF059F90A2120462BF015F90023012266
:107DB000027143718371C371BDF818300381904B18
:107DC0000360204608F014F8182120462BF0E9F94A
:107DD0000369002B08BF8B2520462BF03CF91923A3
:107DE00003709DF83130437001238370C570BDF876
:107DF000181004302BF075FD0146002301F8013BFB
:107E00000493BDF82B300393BDF82D3002939DF8F9
:107E1000283001939DF8273000930DF11D020223B5
:107E2000204626F063FC68E71B2120462BF0B9F9B9
:107E30001B22014607A824F0CBFA20462BF083F83A
:107E400068BB002520462BF006F9192303709DF826
:107E500031304370022306468370471D002D59D0F0
:107E6000D8F81430C370D8F81030037100253846A4
:107E7000D8F810309D4247D300230493BDF82B302F
:107E80000393BDF82D3002939DF8283001939DF89F
:107E9000273000930DF11D0202230146C0E7204662
:107EA0002BF047F805460028CBD0067820462BF06B
:107EB0004AF876000136F6B28642C2D8FEF752FC86
:107EC00040782BF0C8F8FEF74DFC29784078043153
:107ED00049002BF080F829462B78436011F8012BDC
:107EE00006465200083024F073FA454B3360FEF723
:107EF00039FC407807F07CFFFEF734FC182140780D
:107F00002BF04FF980469DE738F815102BF0E9FC6F
:107F10000135ADE7394B1B6863B925F04DF948B918
:107F2000009540F23D2340F6130229464FF0FF3002
:107F30002BF040FD0023F370337138469CE71B2182
:107F400020462BF02EF91B22014607A824F040FA08
:107F500020462AF0F8FF012830D920462AF0E9FF10
:107F6000014658B3022206A824F032FA20462BF02C
:107F700072F81B2120462BF02EF81B2207A924F0B3
:107F800027FABDF81830013B9BB24FF6F6729342C8
:107F900019D8082120462BF004F9BDF818100180EB
:107FA0009DF828308370054600221648F4F768FED5
:107FB000154B6B60204618F039FF9EE64FF6FF73B5
:107FC000ADF81830D2E70D4B1B6863B925F0F4F813
:107FD000014640B9009040F2AD2340F613024FF045
:107FE000FF302BF0E7FCBDF81830872207A92046A8
:107FF00027F047F981E600BF140200209C420020D0
:1080000081F2030095190400D1F203001B212046E0
:108010002BF0C7F81B22014607A824F0D9F9204607
:108020002BF019F81B2120462AF0D5FF1B2207A9A7
:1080300024F0CEF9082120462BF0B3F89DF8283023
:10804000037005460848F4F7E7FD084B6B602046CF
:1080500018F0F2FE51E6012167E6204611F0F6FF26
:108060004BE600204AE600BF071A040005F30300B0
:1080700007B5054B0093054A00230121042027F092
:10808000A6FC03B05DF804FBE57C01007DF2030073
:1080900038B5062104462BF084F8037923B1204635
:1080A000BDE8384011F0D2BF182120462BF079F8F6
:1080B000054620462AF03DFF18220146284624F0B6
:1080C00087F920460249BDE838402BF0CEBD00BFFD
:1080D000D3F4030010292DE9F74304460D46164654
:1080E00040F091802AF0C2FE2B460122B4F80F1016
:1080F0000746207B26F040FE1821804638462AF0AD
:108100006AFF05461822002105F10D0924F06BF9DC
:10811000B4F80100494611F01BFC10F11C0F19D1F5
:10812000B4F801100DF107030122304611F02CFDC7
:1081300008223146484624F04BF9314698F80200AF
:10814000D8F80690FDF7BCFD31460246484624F0BB
:1081500018F90DE00028EBD1314698F80200FDF740
:10816000AFFD31460246484624F00BF90028E4D022
:10817000207B27F0B7F9064600283DD1B4F80F1050
:10818000207B4EF20103012226F0F6FDD0F80630E6
:10819000E27A1A70B4F80F10207B4EF2020301222B
:1081A00026F0EAFDD0F80630B4F801201A802846FF
:1081B00017F01CFA237B2B72E37A6B75B4F80F303F
:1081C0006B8103232B7317F063FA0821E88238468A
:1081D0002AF0E7FF08220546314624F004F9B4F8F6
:1081E0000F306B80FF232B70084B6B60384603B059
:1081F000BDE8F04307F0E6B82FB1384603B0BDE85C
:10820000F04311F023BF03B0BDE8F083918001007B
:1082100038B5012200230321054626F0ADFDC0B18B
:10822000D0F80630ABB11C8844B1013C1C80294613
:108230000848BDE83840422216F0AABB2846FDF7A0
:108240004FFED0F8070020B12146BDE8384016F0B7
:1082500063BA38BD1182010007B5054B0093054A8A
:10826000054B0121032027F0B2FB03B05DF804FBAE
:108270002585010009F5030079F5030038B50122D1
:108280000D4600230321044626F076FDE8B1D0F820
:108290000630D3B11A881D80D0F806301B8893B100
:1082A0008AB921460A4816F03DFD42222146084877
:1082B00016F06EFB2046FDF713FED0F8070010B154
:1082C000012116F029FA002038BD8620FCE700BF06
:1082D0001182010007B5F0B100230122032126F02D
:1082E0004BFD40B1D0F806301888003818BF012087
:1082F00003B05DF804FB094B1B6863B924F05CFF15
:10830000014640B900904FF4C07340F264624FF0F0
:10831000FF302BF04FFB0020EAE700BF9C4200201B
:1083200070B51B2190B004462AF03BFF1B2201468A
:1083300009A824F04DF89DF83730012B44D0402B8C
:1083400000F08F80002B40F0E5809DF838509DBBF9
:1083500020462AF0F8FD01280BD86F4B1B68BBB1F3
:1083600080252A4609A9204627F0DBFC012010B011
:1083700070BD20462AF0DDFD0222014608A824F047
:1083800027F8BDF820109DF83000FFF777FFE8E7E9
:1083900024F012FF05460028E2D120462AF0D3FD42
:1083A00004230190009340F26462BD2329464FF0FC
:1083B000FF302BF0FFFAD3E7584BD3F8FC3B002BF0
:1083C000D4D020469847D1E7534B1B685BB924F0C3
:1083D000F3FE014638B90090D22340F264624FF0B8
:1083E000FF302BF0E7FA9DF83000FFF773FF0246ED
:1083F00090B30122002303219DF8300026F0BCFC3D
:10840000064620462AF027FE192303709DF83930CE
:10841000437000258570D6F80630033019882BF09C
:1084200060FA9DF83130C3F34013CDE904530323C0
:108430000393BDF8353002939DF8303001939DF8D9
:108440002F3000930146CDE9065502230DF1250298
:10845000204626F07DF989E709A9204627F0A2FCED
:1084600084E720462AF06FFD01281BD920462AF018
:1084700060FD0222014608A823F0AAFF1D21204624
:108480002AF08FFE09A905461B2223F08AFF9DF8DA
:108490002030EB769DF821302B772146204816F0CE
:1084A0003BF963E71C4B1B688BB924F085FE05463E
:1084B00068B920462AF047FD04230190009340F25A
:1084C0006462F12329464FF0FF302BF073FA204607
:1084D0002AF0C1FD182303709DF8393043700B2337
:1084E00083704023C3708023037100220323CDE9EE
:1084F0000332BDF8353002939DF8303001939DF87A
:108500002F300093411D02230DF12502204626F055
:10851000EDF82BE700202AE79C420020883300205A
:108520000DF50300FF2808B503D0BDE80840FFF7AC
:10853000F7BEFEF717F9024BC0F85C32012008BD08
:108540002402002037B5002301220321044626F02F
:1085500013FC0546A0B100222146124816F0E2FBAA
:10856000D5F8063000251D802046FDF7B9FCD0F86F
:108570000700A8B1294603B0BDE8304016F0CCB8DA
:10858000094B1B6863B924F017FE014640B90090FF
:1085900040F2A71340F264624FF0FF302BF00AFA6A
:1085A00003B030BD118201009C42002007B5054B8D
:1085B0000093054A00230121082027F008FA03B0A0
:1085C0005DF804FB51890100A9F503002DE9F04194
:1085D00004468AB010468846164627F05BF80546E2
:1085E00020462AF0B0FC02284AD920462AF0A1FCF5
:1085F0000746002844D0411C02220DF10D0023F053
:10860000E7FE3B788DF80C30032120462AF061FD0F
:108610003146204627F05FF8002844D0304627F046
:1086200016F8BDF80D304FF6FF72002B08BF134649
:10863000ADF81A302B78214AADF810309DF80C3087
:1086400085F80280ADF812306B7009921C4A0792CF
:108650004FF47F02002305924146324604A88DF86C
:1086600020308DF8183027F0A9F8E0B90023E97917
:10867000204643EA012127F077F80AB0BDE8F081EF
:10868000104B1B68002BF1D124F096FD0146002809
:10869000ECD100904FF4E27340F618024FF0FF3037
:1086A0002BF088F9E2E7AB7A0BB90123DFE7002C66
:1086B000E3D0204611F0CAFCDFE700BFABF60300B1
:1086C000C9F503009C420020F0B504468BB010466B
:1086D0000F46164626F0DEFF054620462AF033FCFC
:1086E00001286BD920462AF024FC0146002865D0D9
:1086F000022203A823F06CFE022120462AF0E9FCA6
:108700003146204626F0E7FF002864D0304626F0A8
:108710009EFF9DF80C20012A3DD882F001025242B2
:10872000D2B26A709DF80D10AF70FF292ED02B7851
:108730009B1A002BB8BF5B429BB20A225343B3FB88
:10874000F1F333B39BB2ADF81A302B78274AADF86A
:1087500010306B780992264A07924FF47F02ADF8E9
:108760001230059200233246394604A88DF8203095
:108770008DF8183027F022F868BB0023E9792046ED
:1087800043EA012126F0F0FF0BB0F0BD4FF6FF7376
:10879000D9E71346D7E7174B1B68002BEDD124F020
:1087A0000BFD01460028E8D100904FF4147340F609
:1087B00018024FF0FF302BF0FDF8DEE70D4B1B6881
:1087C000002BDAD124F0F8FC01460028D5D1009026
:1087D00040F25723EBE7AB7A0BB90123CEE7002C2D
:1087E000D2D0204611F032FCCEE700BFABF603003A
:1087F000C9F503009C420020F0B505468BB0104639
:108800000F46164626F046FF044628462AF09BFBF4
:1088100003287FD928462AF08CFB00287AD00378D9
:108820008DF80C30022243788DF80D3081180DF14F
:108830000E0023F0CDFD042128462AF04AFC3146E3
:10884000284626F048FF002871D0304626F0FFFE6B
:108850009DF80C1001294AD8A770BDF80E301BB93D
:108860004FF6FF73ADF81A3023789DF80D200029DC
:1088700033D19918FF2936D9FF22DB436270DBB26E
:10888000BDF80E2053439DF80D20B3FBF2F30133E6
:108890009BB2ADF81A3023782A4AADF810306378CD
:1088A0000992294A07924FF47F02ADF812300592DF
:1088B00000233246394604A88DF820308DF8183050
:1088C00026F07CFF002832D10023E179284643EAD4
:1088D000012126F049FF0BB0F0BD991A002902DAF8
:1088E00000226270CCE76170BDF80E30D1E7174B03
:1088F0001B68002BE8D124F05FFC01460028E3D17F
:1089000000904FF4337340F618024FF0FF302BF015
:1089100051F8D9E70D4B1B68002BD5D124F04CFC46
:1089200001460028D0D1009040F2D323EBE7A37A90
:108930000BB90123C9E7002DCDD0284611F086FBE5
:10894000C9E700BFABF60300C9F503009C42002055
:10895000FF2808B503D0BDE8084026F07CBFFDF72E
:1089600001FF024BC0F85C32012008BD3402002038
:10897000F7B50C461C2106462AF013FC0546304686
:108980002AF0E1FA074630462AF0D3FA037813F0CA
:10899000040F0CBF032305239F4212D22F4B1B68E9
:1089A0005BB924F009FC014638B90090DA2340F69F
:1089B0001A024FF0FF302AF0FDFF8025284603B051
:1089C000F0BD00232370B5F80130A4F801302B7AF4
:1089D000E372B5F80330A4F80930EB7923732B78F0
:1089E00063732B7DA27BC3F3C00363F3C302A27343
:1089F000B5F80930A4F80F30B5F80B30A4F81130F1
:108A000030462AF096FA057805F00303013B18BFBB
:108A10000123A3750378C3F3C003237503780146CC
:108A2000C3F30013E37511F8013B15F0020518BFFD
:108A30008525C3F380025B0706460CD50123237608
:108A4000022204F1190023F0C3FCF11C0B786375BA
:108A50004B78E374B2E72276F8E700BF9C4200202F
:108A6000F0B5194B1B684E1E85B005460C4618BF65
:108A700001267BB924F0A0FB014658B908230093D6
:108A8000CDE9015440F2D71340F61A024FF0FF30FF
:108A90002AF090FFFDF766FE00EB06103701B0F8F4
:108AA0003832AB4202D0002005B0F0BDFDF75AFECF
:108AB000384490F83A32A342F5D1FDF753FE00EB6B
:108AC0000610D0F84002EFE79C420020F0B5194BA9
:108AD0001B684E1E85B005460C4618BF01267BB9A3
:108AE00024F06AFB014658B908230093CDE90154EC
:108AF0004FF4F47340F61A024FF0FF302AF05AFF99
:108B0000FDF730FE00EB06103701B0F83832AB420B
:108B100002D0002005B0F0BDFDF724FE384490F8E7
:108B20003A32A342F5D1FDF71DFE00EB0610D0F856
:108B30004402EFE79C42002030B589B0182302AA16
:108B400012F080FF054600287DD101214FF4A0607E
:108B5000FDF7D4FB0446002862D0102301224FF415
:108B6000A06126F009F908220DEB0201D0F80600F9
:108B700023F02EFC2B4601224FF4A061204626F064
:108B8000FBF8D0F806309DF811201A704FF4A06160
:108B900011230122204626F0EFF8D0F806309DF888
:108BA00014201A704FF4A0614EF2010301222046F6
:108BB00026F0E2F8D0F806309DF810201A704FF435
:108BC000A0614EF202030122204626F0D5F8D0F82B
:108BD0000630BDF812201A804FF4A0614FF46043B4
:108BE0000122204626F0C8F89DF81F30D0F8062054
:108BF0001370ABB1204626F075FC044680B1134BD0
:108C00001B686BB924F0D8FA014648B904230093D5
:108C10000194832340F608024FF0FF302AF0CAFE89
:108C200001212020FDF76AFB68B14EF6FE73012298
:108C3000202126F0A1F8D0F80630BDF816201A80C1
:108C40009DF815209A7009B030BD00BF9C420020ED
:108C50002DE9FF411B2104462AF0A3FA90F80C806D
:108C60000023012206210546404626F085F844F2FD
:108C70000103074601220621404626F07DF844F212
:108C80000203012206210646404626F075F8D7F871
:108C90000630D0F806201B78014633B313880BB199
:108CA000013B9BB2ADF80E301380D6F80620138836
:108CB0000BB1013B9BB2ADF80E301380E3B9D1F894
:108CC000062013800DF10E02287B019300920621ED
:108CD0000122ADF80E3025F035FCFDF743FDD0F84C
:108CE0009C309BB904B0BDE8F08113880BB1013B07
:108CF0009BB2ADF80E301380BDF80E30002BF1D0D2
:108D000007222146054815F043FEEBE79DF80E20AB
:108D1000297B204627F020FCE4E700BF518C0100AE
:108D200010B50B46044628B90246BDE81040074876
:108D3000F3F7A6BF1B21D8B22AF033FA002201466E
:108D40002046BDE8104026F0ECBF00BF218D010099
:108D500070B51D218AB005462AF023FA1B22C37E76
:108D6000067F8DF80B30014603A823F031FBFDF799
:108D7000F9FCD0F89C403CB19DF80B209DF81810F0
:108D8000284627F0E9FB04460DF10B020023009270
:108D90009DF8180001930122062125F0D3FB9EB116
:108DA0001B2128462AF0FDF91B2203A923F010FB02
:108DB0000A480722294615F0EBFD1CB92946204632
:108DC000FFF7AEFF0AB070BD2046FDF71FFD03A9F7
:108DD0000246284626F0A5FFF4E700BF518C0100AB
:108DE00007B5054B0093054A00230121062026F014
:108DF000EEFD03B05DF804FB5D9301001305040074
:108E00002DE9F04188461D2117461E4605462AF0E9
:108E1000C8F9044641461B2223F0C3FAE7762677B9
:108E200029460248BDE8F04115F076BC518D01009D
:108E30002DE9F0471B2198B004462AF0B2F91B2215
:108E400001460AA823F0C4FA9DF83B50402D00F0DB
:108E500049810CD8012D00F08480022D00F00181A1
:108E6000002D00F0D980002018B0BDE8F087412D1A
:108E700000F0C881422DF6D11B2120462AF091F93D
:108E8000057B0023012206210746284625F074FFB2
:108E900044F20103012206218046284625F06CFF9A
:108EA00044F20203064601222846062125F064FF0B
:108EB0000546002E00F02F81002800F02C8120466E
:108EC0002AF041F8042840F2568120462AF031F871
:108ED0000146814611F8013B8DF8443002220DF124
:108EE000450023F075FA09F1030102220DF1470054
:108EF00023F06EFA9DF84430D90704D5D8F806302F
:108F00001B78002B6BD0FF21BC48002215F00AFF14
:108F1000D5F806100B88002B00F0FB81D8F806204E
:108F20001278002A40F0F581BDF8470082B29342E2
:108F30004FF6FF7200F2E881934200F0EC80D6F821
:108F400006301A884FF6FF739A4200F0E4802146FB
:108F50000722AA4815F01CFD21460020FFF7E0FE7D
:108F60004AE11B2120462AF01CF9067B00232A46F1
:108F700006210746304625F0FFFE44F201038246F3
:108F80002A460621304625F0F7FE44F202032A461F
:108F900006218146304625F0EFFE4FF480432A46F5
:108FA00080460621304625F0E7FEDAF80630064610
:108FB0001A78B9F1000F25D0B8F1000F22D0D9F8F6
:108FC00006301B88F3B9D8F806301A8872B1013A16
:108FD0001A8020B1D0F806301A7802B91D709DF8B9
:108FE0003F30002B40F07681002596E08348FF213A
:108FF00015F098FE26B1D6F806301A7802B91D7021
:109000000023A2E12EB1D6F80630197809B9012162
:109010001970002AE3D1F3E71B2120462AF0C1F89A
:1090200090F80C802B46012206210646404625F08A
:10903000A3FE44F20103074601220621404625F023
:109040009BFED7F806301B7810B1D0F806201580AB
:10905000002BC4D000231A4631462046FFF7D0FE2D
:10906000CAE01B2120462AF09CF890F80C800023CF
:10907000012206210546404625F07EFE44F201030A
:10908000074601220621404625F076FE01220646CB
:1090900044F202030621404625F06EFED7F8062072
:1090A0001778B6B1A8B1D6F80620C7B9128882B928
:1090B000D0F8062013883BB1013B138021460722DC
:1090C0004E4815F065FC8AE74C483A46FF2115F0FA
:1090D00029FEB7FA87F2002352092946BDE700238B
:1090E0001380F6E71B2120462AF05BF8067B44F24A
:1090F0000103012206210546304625F03DFE4FF4CE
:109100008043804601223046062125F035FE064682
:10911000B8F1000F28D14FF0FF35204629F09BFF12
:10912000182303709DF83D3043700B2383709DF826
:109130003B30C370002D14BF852300230371002230
:109140000623CDE90332BDF8393002939DF834305F
:1091500001939DF833300093411D02230DF1290244
:10916000204625F0C3FA47E00028D4D0204629F055
:10917000EAFE012802D86FF00905CEE7204629F063
:10918000D8FE0222014607A823F022F9D6F80630BD
:109190001B78012B1DD100271B212046ADF8207024
:1091A0008DF8227029F0FDFF1B22014611A823F043
:1091B0000FF911AA08A9204628F03BFB1B2211A990
:1091C000284623F005F9D6F806301F70D8F8063087
:1091D0001F801D21204629F0E4FF294606461B2258
:1091E00023F0DFF89DF81C30F3769DF81D3004481D
:1091F0003377214615F090FA012035E6518C0100B5
:10920000870504001B21204629F0CBFF057B0023A6
:10921000012206210646284625F0AEFD44F2010350
:10922000814601220621284625F0A6FD44F20203CC
:10923000012206218046284625F09EFD4FF48043FA
:10924000074601222846062125F096FDD9F806306A
:1092500005461B78B8F1000F3FF4C1AE002F3FF474
:10926000BEAE00283FF4BBAED8F806201288002A14
:1092700047D1D7F806301A8882B3013A1A803648A7
:109280000722214615F084FBD5F806301D78002D05
:109290007FF4A5AE0022ADF820208DF82220012217
:1092A0001A701B21204629F07CFF1B22014611A8C1
:1092B00023F08EF811AA08A9204628F030FB1B22C3
:1092C00011A9304623F084F89DF83F30002B3FD0A1
:1092D000002D91D1204610F0B9FE8DE71E48FF21E8
:1092E00015F020FD0023012231462046FFF788FDBE
:1092F000D5F806301A78002A7FF47EAF6FF00305A8
:10930000C8E7002BEED1BFE70880D5F806301B88F0
:1093100012E6D6F80630BDF84520188891B288428A
:1093200038BF1A80D5F80630BDF847201A80D5F826
:1093300006301B884FF6FF7293423FF461AED6F8B9
:1093400006301B889B1A18BF01230122394684E688
:1093500004353FF451AF47E6518C0100FF2808B5B2
:1093600003D0BDE80840FFF763BDFDF7FBF9024BF2
:10937000C0F85C32012008BD4402002010B50C4644
:1093800008B110F063FE074B074843F6FF3203FBBA
:10939000042300214FF47052BDE81040B3FBF2F2F9
:1093A00015F0F6BA90D00300419501002DE9F04F79
:1093B000062189B0064629F0F4FE0121044620204A
:1093C000FCF79CFF002301222021074625F0D4FC56
:1093D000D0F80630D3F800902379002B6AD000250E
:1093E000012220214EF6FE733846ADF81E5025F0BE
:1093F000C3FCD0F80680D8F80030DB4333F07F435D
:109400001EBFB8F8003098F802B0ADF81E303046F4
:1094100014BF0225AB4629F01EFE19230370044633
:10942000FDF7A0F903785A1C02704FF0000A637030
:10943000224B84F802A0202204934FF48273CDE9DA
:109440000232E11C2B460DF11E02CDE900B7304679
:1094500025F04CF998F803301948012262F3030310
:1094600088F803304FF4FA72394615F091FA4FF448
:10947000F0501AF00DFB50461AF03EFAFDF772F963
:10948000D0F8A03033B1FDF76DF95146D0F8A00007
:1094900015F042F90B4A0C4843F6FF3302FB09333F
:1094A00000214FF47052B3FBF2F209B0BDE8F04F67
:1094B00015F06EBA304610F0C9FDEBE7CD9401000F
:1094C0002906040090D0030041950100F8B5102151
:1094D000044629F066FE012107462020FCF70EFF16
:1094E0004EF6FE7301222021054625F045FC3F681B
:1094F000D0F806606FB93A4629460F4815F012FCBD
:1095000038461AF035FA0C484FF4FA72294615F02D
:109510003FFAF37803F00F03012B08D907482146DF
:1095200015F0FAF8F3786FF30303F370F8BD2046F3
:1095300010F08CFDF6E700BF2906040041950100FC
:1095400070B5012104462020FCF7D8FE002301223B
:109550002021054625F010FCD0F8063020211E6899
:1095600001224EF6FE73284625F006FCD0F80610C0
:1095700056B1CB781A070DD003F00F02012A03D899
:10958000013262F30303CB708CB12046BDE870401A
:1095900010F05CBD24B9BDE870400548F3F73CBB52
:1095A0002046044ABDE87040FF2127F046B870BD50
:1095B00041950100AD93010013B5FDF7D3F80822E2
:1095C0000021A43022F00FFF10F0F4FC044680B11B
:1095D000FDF7C8F880F8AA400022FE210E4815F0D9
:1095E000A1FB0E480022FE2102B0BDE8104015F09C
:1095F00099BB0B4B1B68002BEED123F0DDFD014620
:109600000028E9D1009092234FF402624FF0FF301E
:109610002AF0D0F9E0E700BFF1970100D9960100E8
:109620009C420020F8B5054620B9FDF79BF8FF24C1
:109630002046F8BDFDF796F84368002BF5D00026CC
:109640000BE06F78FDF78EF84368D3F8013053F8DC
:1096500026301B78BB420CD00136FDF783F84368F7
:109660001B7806EB860404EB8404B342E4B2E8D82A
:109670000EE0FDF777F84368D3F8013053F8263051
:10968000D3F81A00064B281A001103FB0040C4B29D
:10969000FDF768F843681B78B342C9D8C7E700BF35
:1096A000ABAAAAAA10B50446FFF7BCFF00220146E8
:1096B000084815F037FB238A5BB12046FFF7B2FF5D
:1096C000238A42220146BDE8104002485A4315F061
:1096D0005FB910BDD996010038B5054627F071F87D
:1096E0000446FDF73FF8D0F8983043B1FDF73AF85B
:1096F000E288D0F89830618894F82A009847FDF7FE
:1097000031F8B0F8A43043B1238A044842225A43C6
:109710002946BDE8384015F03BB938BDD99601005F
:109720002DE9F04700252C462F466FF00049FDF744
:1097300019F843681B78AB4214D8002F53D015F0AA
:109740006BFEFE2105460022284815F0EBFA2B1B84
:109750006FF000418B423CD2BDE8F0472348002126
:1097600014F0DABFFCF7FEFF4368D3F8013053F87A
:109770002530D3F81A304FEA850AA3B1FCF7F2FF7F
:109780004368D3F8013053F82530D3F81A604FF00E
:109790000008FCF7E7FF4368D3F8013053F80A30BC
:1097A0005B7E434501D80135C1E7337A03F00902F6
:1097B000012A07D1DB0605D5F3683FB1E21A4A4515
:1097C00038BF1C46303608F10108E2E71C46174650
:1097D000F8E7621B8A4228BF1A46BDE8F0470348F3
:1097E000002115F0D5B8BDE8F08700BFF197010062
:1097F0002DE9F04715F010FE4FF0000906464D46E2
:109800006FF00047FCF7AEFF43681B784B4509D863
:109810001DB12D48002114F07FFFBDE8F047002066
:10982000FFF77EBFFCF79EFF4368D3F8013053F883
:109830002930D3F81A304FEA8908A3B1FCF792FF18
:109840004368D3F8013053F82930D3F81A404FF069
:10985000000AFCF787FF4368D3F8013053F808305B
:109860005B7E534502D809F10109CBE7237A03F067
:109870000902012A18D1D80616D5E268B21ABA42EE
:1098800012D259071AD443F0040222729A0702D561
:109890000135EDB208E0628A52B1238AD21A92B23F
:1098A000422303FB0262E26030340AF1010AD0E78E
:1098B00023F0100343F004032372F5E723F01003B1
:1098C00043F002032372E3E727070400F0B585B0F5
:1098D000BDF82840009426F0B6FF0446002859D071
:1098E000E58DC388027941884078009525F032FAE9
:1098F000054600284ED0807824F053FD002800F063
:10990000AA80237A590615D523F040032372237ABF
:109910005A0740F1AF8023F0100343F00203237293
:109920000021564814F0F8FE002005B0BDE8F040D4
:10993000FFF7F6BEAA78D5F80630203A0B2A00F2D7
:109940008A80DFE802F00610296088708888061A8D
:109950003C68227F1B789B1A002BB8BF5B42227D9C
:10996000DBB29A4229E01B88A28B9342B5BFD21A80
:109970009B1A93B29BB2A28AF3E7B4F91C20B3F905
:1099800000309B1A002BB8BF5B42B4F914201BB205
:109990009A42BCDD05B0F0BDA27DA18A987801EBAA
:1099A00002411A88A38B02EB0042A07F03EB004325
:1099B0009A428CBFD31A9B1A9942A8D9EAE793F925
:1099C000025094F91E0094F916101B88A28B002DEA
:1099D000B4BF4FF07F4700270028B4BF4FF07F4649
:1099E0000026002993DB43EA054342EA0042324362
:1099F0003B439B1AA28A002BB8BF5B4242EA01425A
:109A00009342C7DB83E71A68E3699A428CBFD31A93
:109A10009B1A6269A5E7E2691B689B1A002B6269C1
:109A2000B8BF5B42ECE71868029002AA9B88ADF8C9
:109A30000C30104604F11C0129F0A8F9BDF80C20E7
:109A4000238B9A4202D03FF662AFA3E76369029A82
:109A50009A42F8D15BE7D5F80610A878FCF730F900
:109A60000146D5F80600E66914F0AAFD86427FF4A7
:109A70004EAF8FE743F0020323728BE72707040002
:109A800073B5054640780E46FCF72AFA2B790BB9D8
:109A900001232B712A79698824F0EFFCEA8DE9888B
:109AA00025F03FF8002870D0EB8D0093EB882A79E1
:109AB0006988687826F0C7FE044620B14EB96FF079
:109AC0001A0002B070BD687826F0DCFD044600285C
:109AD00046D0E38C13B1A28C9A426BD8302229462F
:109AE000204622F075FC636A236101232372082259
:109AF0004FF0FF3104F11C0022F075FC237823BBEA
:109B0000628A4FF6FF739A4204BF092323722B4BDC
:109B100093F8713C1B0702D5032014F0D5F9207A85
:109B200010F008050FD1204626F072FE2846FFF7F8
:109B3000F7FD638A3BB1E388227961886078E48D20
:109B40000094FFF7C3FE0020BBE72046FFF7AAFD05
:109B5000238A002BF7D1237A23F001032372F2E743
:109B6000174B1B6813B16FF01500AAE723F024FB15
:109B700001460028F7D100904FF49F734FF4026222
:109B80004FF0FF3029F016FFEDE70D4B1B6813B1C6
:109B90006FF01B0095E723F00FFB01460028F7D17B
:109BA00000904FF4A2734FF402624FF0FF3029F09F
:109BB00001FFEDE76FF0090083E700BF8833002065
:109BC0009C42002073B50E468B890093B0F801309B
:109BD0000A7AC9880546307826F035FE044680B9F1
:109BE000307826F04FFD044638B9464B1B68002BF1
:109BF00079D06FF0150002B070BD3022002122F044
:109C0000F2FB412323722B78237032786270F28842
:109C10006280327A2271B5F80120E2807288228552
:109C2000727884F82A20B288A285002B4CD1AB88A8
:109C30004FF6FF7299B291421ED1EE88E6B9636A7F
:109C40002361E87824F0ADFB40B1E878FCF73EF9F9
:109C50003146024604F1140022F0C5FB618A237AE2
:109C60004FF6FF7291421AD143F00803237203208A
:109C700014F02AF90020BEE72382EB886382E8789B
:109C800024F08FFB0028E9D0E878FCF71FF905F1F4
:109C90000801024604F1140022F09AFBDEE723F0EB
:109CA00008032372204626F0B3FD0020FFF738FD9D
:109CB000638A002BDBD0E388227961886078E48DA9
:109CC0000094FFF703FED2E7B5F803302382204665
:109CD000FFF7E8FCB5F80330002BCBD1237A23F053
:109CE00001032372C6E723F067FA0146002880D1FA
:109CF00000904FF405734FF402624FF0FF3029F0EB
:109D000059FE76E79C4200202DE9F04110210646DD
:109D100029F047FA0024FCF725FD43681B789C4294
:109D20000FD30020FFF7FCFC304629F094F9FCF734
:109D300019FD80F8AA60BDE8F0411B48002114F02D
:109D4000EBBCFCF70FFD4368D3F8013053F8243027
:109D5000D3F81A304FEA84080BB90134DBE7FCF77B
:109D600001FD4368D3F8013053F82430D3F81A507A
:109D70000027FCF7F7FC4368D3F8013053F80830AC
:109D80005B7E9F42E9D22B7A03F02102212A07D180
:109D90001A0705D423F020032B72284626F038FD3D
:109DA00030350137E5E700BF2707040008B5FCF7A9
:109DB000D9FC90F89E32013380F89E32BDE808400D
:109DC0000148F2F729BF00BFD5A1010008B5FCF793
:109DD000C9FCD0F8A2328BB1FCF7C4FCD0F8A23297
:109DE000094842225A43002114F0D2FDFCF7BAFC84
:109DF0000023A0F8A232A0F8A43208BDBDE80840B4
:109E00000248F2F709BF00BFCD9D0100C9A20100C1
:109E10002DE9F0430D4687B0044630B9024630487C
:109E200007B0BDE8F043F2F72BBF01214FF65740D2
:109E3000FCF764FA5D210746E8B229F0B2F906465C
:109E4000204629F076F81D2341F2172100F8013B46
:109E500029F047FD0546FCF785FC90F89C322B70F5
:109E600009236B70204629F064F88046204629F0CB
:109E700060F80378B27913F0040F0CBF03230523B5
:109E800008EB030508F803200135316892002846E5
:109E900022F087FAB37905EB8305FCF763FC0646ED
:109EA000FCF760FC90F861923846FCF77DFA4FF0C1
:109EB00000084FF65743CDE90338CDE9017002237E
:109EC00006F262222946CDF80090204624F00EFCCE
:109ED000FCF748FC80F89D8207B0BDE8F08300BF26
:109EE000119E010010B5044627F0C3FD08B90120FA
:109EF00010BD09481123012200784FF6574124F084
:109F00003BFFD0F806301A78FF2AF0D001239340A7
:109F10001B1B58425841EBE7A979002010B50446B5
:109F200027F0A7FD08B9012010BD0948122301221E
:109F300000784FF6574124F01FFFD0F806301B88F9
:109F40004FF6FF729342EED01B1B58425841EBE78D
:109F5000A979002008B527F08CFD70B108480723C7
:109F6000007801224FF6574124F006FFD0F8063062
:109F70001878003818BF012008BD0120FCE700BF99
:109F8000A979002008B527F074FD98B10A480C2380
:109F9000012200784FF6574124F0EEFED0F806304B
:109FA000064A1B7843F6FF3002FB03004FF4705360
:109FB000B0FBF3F008BD00BFA979002040420F00BC
:109FC00008B527F056FD68B107480B230078012239
:109FD0004FF6574124F0D0FED0F8063018780038FC
:109FE00018BF012008BD00BFA9790020F8B52D4F8A
:109FF000FB7A05460E469BB1FCF7B4FBFCF7B2FBBF
:10A00000B0F8AA42FCF7AEFBFA7AB0F8AC32B4FB77
:10A01000F3F301339BB26C1E94FBF3F4A4B22AB9A0
:10A020004EF608036FF002003360F8BDB5FBF3F2A3
:10A0300003FB1255ADB23DB1FCF794FBB0F8AC3266
:10A04000422253430020EFE7FCF78CFBB0F8AE321E
:10A05000002BE5D0FCF786FBB0F8B23273B1FCF709
:10A0600081FBB0F8B232A34208D8FCF77BFBB0F812
:10A07000B222B4FBF2F302FB13439CB2FCF772FB77
:10A08000B0F8AE3203FA04F43460FCF76BFBB0F8BE
:10A09000B0329C4204D9FCF765FBB0F8B0323360B3
:10A0A0003368CDE70452002010B50446FCF75AFB94
:10A0B00090F8B432DB0709D5042C08D1FCF752FB29
:10A0C00090F8B4326FF3420380F8B43210BD2146E9
:10A0D0000022054814F026FE2146044A0248BDE845
:10A0E000104014F055BC00BFD10C04000003570011
:10A0F00010B50E4C00221146204614F013FE00222B
:10A100000221204614F00EFEFCF72CFB90F8B4322E
:10A110006FF3420380F8B432FCF724FB90F8B432BA
:10A120006FF3000380F8B43210BD00BFD10C0400FF
:10A1300038B505F09FF8012105464FF65740FCF76A
:10A14000DDF848B3062301224FF6574124F014FEF0
:10A15000D0F806301B78012B1ED115F035FAD8B196
:10A16000FCF700FB90F8A032B3B9FCF7FBFA90F8CB
:10A170009E32022B10D105F083F8044660B94FF6E9
:10A18000FF739D4208D0FCF7EDFA80F89E42BDE8CF
:10A1900038400248F2F740BD38BD00BFD5A10100EC
:10A1A00010B5FCF7DFFA0024A0F8A242A0F8A44200
:10A1B000FCF7D8FA80F8A042FCF7D4FA022380F822
:10A1C0009E3222460248BDE81040FE2114F0AABD8E
:10A1D000CD9D010073B5054605F04CF80646FCF729
:10A1E000C1FA90F89E32022B61D00C21284628F04B
:10A1F000F2FE012383710023C3710680468004466A
:10A20000FCF7B0FA90F89E32ABB1012B1FD02B4B6C
:10A210001B6863B922F0D0FF014640B9009040F2BC
:10A22000BF7342F634724FF0FF3029F0C3FB0023B6
:10A23000D3F81530FFDE02212520FCF7D5F870B9E0
:10A24000FCF790FA90F89E32013380F89E3202219A
:10A250000020FCF7C9F80028D9D0002300E025230E
:10A260002381D0F81530B3F80130A380FCF77AFAD7
:10A2700013490446284629F0EFFD84F89F02FCF7B5
:10A2800071FA90F89F32FF2B08D00E484FF4A56268
:10A29000002102B0BDE8704014F07ABBFFF780FFE8
:10A2A0000021284602B0BDE87040FAF7EDBE28460E
:10A2B00002B0BDE870400FF0C9BE00BF9C42002054
:10A2C00095A40100AD9D01002DE9F04188B005463F
:10A2D00004F0D0FFADF81E00FCF744FA90F8A0326D
:10A2E0000BB1FCF73FFAFCF73DFA90F89E4224B31D
:10A2F000012C62D06FF00304FCF734FA90F8A1321D
:10A30000013380F8A132FCF72DFA90F89E32002B31
:10A310007ED0FCF727FA90F89E32012B05D1FCF78E
:10A3200021FA90F8A132002B79D1002C00F0818025
:10A330002946414814F0F0F97BE0284628F08BFECE
:10A3400004700646FCF70EFA03785A1C0270214688
:10A350007370B470F01C29F0C4FA012129F0C1FA1D
:10A36000022106462520FCF73FF80746FCF7FAF9DC
:10A370003F7890F8A0823846FCF716F8CDE90087C0
:10A380002523CDE90203049402230DF11E02314678
:10A39000284624F0ABF904460028ADD1FCF7E2F9D9
:10A3A0000678FCF7DFF9013E80F89F6240F2522206
:10A3B0002146224814F0ECFAA5E7284628F04BFE87
:10A3C000002606700446FCF7CDF903785A1C02708B
:10A3D0004FF6FD716370A670E01C29F082FA02212D
:10A3E00004463046FCF700F80746FCF7BBF93F7817
:10A3F00090F8A0823846FBF7D7FFCDE90366CDE998
:10A400000170CDF8008002230DF11E022146BFE746
:10A41000FCF7A8F990F8A132022B7FF67AAFFFF78C
:10A42000BFFE002C4FF0000114BF28460846FAF783
:10A430002BFE08B0BDE8F081C9A20100990D04000F
:10A4400038B5FCF78FF990F89E32022B1ED0FCF73E
:10A4500089F990F8A032CBB10022FE210C4814F00B
:10A4600061FCFCF77FF9B0F8A642FCF77BF9B0F885
:10A47000A80229F00FFA0546FCF774F92C44C0F83D
:10A48000A242BDE838400020FFF7A0BC38BD00BFA5
:10A49000CD9D0100F8B5054628F04BFD46780446F1
:10A4A000A6B90778FCF75EF990F89F32BB420DD150
:10A4B00023795BB1FCF756F9637980F8A032324614
:10A4C000FE21054814F02EFCFFF7BAFF2846BDE830
:10A4D000F8400FF0BBBD00BFAD9D010007B5054BB7
:10A4E0000093054A00230121052025F070FA03B0EE
:10A4F0005DF804FBB9AA0100D91704002DE9F04169
:10A500001B2190B0044628F04CFE1B22014609A8EE
:10A5100021F05EFF9DF83860002E40F0BB809DF872
:10A520003730062B0AD8013B052B19D8DFE813F08A
:10A530001E002400B400F2006601C601412B00F0A9
:10A540000E82422B00F00D82402B00F00682AA4BB7
:10A550001B68002B00F09B82002010B0BDE8F0814A
:10A56000002209A9204627F013F893E0002209A948
:10A57000204627F0CCF88DE0FF23002620468DF8FA
:10A580001B60ADF81C308DF81E3028F0DCFC022872
:10A5900001D885228DE1204628F0CBFC0146002819
:10A5A000F7D007AD0322284621F012FF34212046C0
:10A5B00028F0F7FD3422314621F015FF34212046E2
:10A5C00028F0EFFD4F2303703421204628F0E9FDE9
:10A5D0004FF0FF3343603421204628F0E2FD09AB01
:10A5E00083603421204628F0DCFD3421C5602046FC
:10A5F00028F0D7FD0DF11B030361FCF7B3F8D0F889
:10A600009C302BB1FCF7AEF8D0F89C302046984730
:10A610003421204628F0C5FD4368002B40F03582E8
:10A620009DF81B3063B99DF830000122052124F00C
:10A63000A3FB28B1D0F8063013B11A78013A1A708A
:10A64000204628F008FD192303709DF83930437027
:10A65000022585709DF81B30C370BDF81C100430B6
:10A6600029F03FF901469DF81E3001F8013B052312
:10A670000020CDE90330BDF8353002939DF830302D
:10A6800001939DF82F3000930DF1250202232046FF
:10A6900024F02CF8012060E7204628F054FC012823
:10A6A0007FF677AF204628F044FC014600283FF4AF
:10A6B00070AF022207A821F08BFE09AA07A9204645
:10A6C00027F0F2F834210546204628F06AFD436859
:10A6D000002B40F0DA815DB99DF830002B46012255
:10A6E000052124F049FB18B1D0F8063003B11D70E4
:10A6F000204628F0B0FC192303709DF839304370D0
:10A7000003238370C570BDF81C10043029F0E9F8EC
:10A710000146ACE7204628F016FC02287FF639AF48
:10A72000204628F006FC204628F003FC03210546BD
:10A73000204628F0CEFC002D3FF42BAF032301224E
:10A7400005219DF8300024F017FBD0F806300022D8
:10A750001A7029460322064607A821F039FE09AAE5
:10A7600007A9204627F065F834210546204628F041
:10A7700018FD436813F11B0F11D0002B40F08581A9
:10A780006DB99DF830002B460122052124F0F4FA22
:10A7900028B1D0F8063013B11A7801321A70204669
:10A7A00028F059FC192303709DF8393043700423B5
:10A7B0008370C570BDF81C10184429F092F801464A
:10A7C0009DF81E3001F8013B00220523CDE903323C
:10A7D000BDF8353002939DF8303001939DF82F304D
:10A7E00000930DF125020223204623F07FFFD6F8C7
:10A7F000063001221A704DE79C420020204628F0C6
:10A80000A2FBC5B2022D7FF6C4AE204628F091FB14
:10A8100000283FF4BEAE204628F08BFB204628F0EF
:10A8200088FB29460646204628F053FC002E3FF4BC
:10A83000B0AE2A46314607A821F0CAFD042D98BFC4
:10A840004FF0FF3309AA07A920469CBF8DF81F309F
:10A850008DF8203027F063F834210546204628F093
:10A86000A0FC4368002B40F0108102230122052147
:10A870009DF8300024F080FAD0F80630BDF81C2096
:10A880001A8001231A4605219DF8300024F074FA3D
:10A89000D0F806309DF81E201A709DF83000032372
:10A8A0000122052124F068FAD0F8063001221A703E
:10A8B0002A4609A9204625F0EDF9EBE6204628F0C6
:10A8C00042FB01287FF665AE204628F032FB0146A8
:10A8D00000283FF45EAE07AD0222284621F078FD45
:10A8E0003421204628F05DFC3422002121F07BFD3C
:10A8F0003421204628F055FC522303703421204691
:10A9000028F04FFC4FF0FF3343603421204628F0FD
:10A9100048FC09AB83603421204628F042FC3421F6
:10A92000C560204628F03DFC00230361FBF71AFFB9
:10A93000D0F89C302BB1FBF715FFD0F89C302046A7
:10A9400098473421204628F02CFC4368002B40F027
:10A950009C8020460FF07AFB9CE6012201E6012252
:10A9600005E64FF0FF35FF2320468DF81B608DF87C
:10A970001D508DF81E608DF81F50ADF820308DF8F9
:10A98000225028F0E0FA062823D8852209A920467B
:10A9900025F080F93421204628F003FC4368002B81
:10A9A00073D19DF81B20002AD3D09DF830000122DE
:10A9B000052124F0E1F90028CBD0D0F80620002AA8
:10A9C000C7D015789DF81B302B44102B41DC137039
:10A9D000BFE7204628F0ADFA07460028D5D0FBF7A0
:10A9E000C1FED0F89C30002BD4D00DF11C080722FA
:10A9F0003946404621F0ECFC3421204628F0D1FBBA
:10AA00003422314621F0EFFC3421204628F0C9FBE6
:10AA1000552303703421204628F0C3FB34214560C0
:10AA2000204628F0BEFB09AB83603421204628F085
:10AA3000B8FB3421C0F80C80204628F0B2FB0DF1A1
:10AA40001B030361FBF78EFED0F89C30204698472D
:10AA5000A0E7184B1B68002B7FF47BAF22F0ACFB08
:10AA6000014600287FF475AF1023CDE902539DF80D
:10AA70001B3001930C23009340F6210240F27A43ED
:10AA80004FF0FF3028F096FF63E7012211E722F034
:10AA900093FB014600287FF45FAD9DF837300193AA
:10AAA0000423009340F62102F1234FF0FF3028F0F9
:10AAB00081FF51E59C420020FF2808B503D0BDE886
:10AAC0000840FFF71BBDFBF74DFE024BC0F85C32A0
:10AAD000012008BD540200202DE9F74F1B21054637
:10AAE00028F05FFBB0F80F300A2B814640F0B980A8
:10AAF0005D4B93F800A0BAF1000F35D0284628F03E
:10AB000022FA022840F28F80284628F012FA0446E2
:10AB1000002800F088808078FBF746FEA07038BBE4
:10AB2000E078211DFBF7CCF8061D2846F6B228F088
:10AB30000AFA284628F007FA864274D83146284691
:10AB400028F0C7FA002C6ED000273E464FF0FF38A1
:10AB5000A3789BB3284628F0F6F9022806F10106EF
:10AB600008D8F6B2002E61D0504603B0BDE8F08F91
:10AB70000326DEE7284628F0DCF904460028F0D05A
:10AB80008078FBF711FEA070A8B9E078211DFBF7D3
:10AB900097F800F1040B28465FFA8BFB28F0D3F9F5
:10ABA000284628F0D0F98345DBD85946284628F0B6
:10ABB00090FAF6B2CCE74FF0030BF1E72388012BB4
:10ABC00025D12779284628F0BEF90228CAD9284677
:10ABD00028F0AFF904460028C4D08078FBF7E4FDE4
:10ABE000A070E8B9E078211DFBF76AF800F1040BCA
:10ABF00028465FFA8BFB28F0A6F9284628F0A3F92F
:10AC00008345AFD85946284628F063FAA0E723B910
:10AC1000201D23F032FD8046D4E70136F6B2D1E79D
:10AC20004FF0030BE9E700274FF0FF3807F0090367
:10AC3000092BB9F801200ED1002A0CBF04210321F1
:10AC40000A4B1C68002C8FD099F80B30CDF800808F
:10AC50000020A04788E7FB0754BFC7F3400102214B
:10AC6000EEE74FF0000A7FE7AA790020EC320020DF
:10AC700008B5084A084B93420AD9084908481722E0
:10AC800020F0FBFE0548172120F0EEFE1433F2E71A
:10AC9000FCD308BD204B0400304A0400527F04005E
:10ACA000A9540400F7B504460D46EFF3118740237D
:10ACB00083F31288BFF36F8F1F4A042898BF1F4B7E
:10ACC0009668127C94BF53F820301D4B00924521AA
:10ACD00002461C4821F092F93DB1EB69C3F3080329
:10ACE0001BB11948452121F089F936B1304626F0CB
:10ACF000B3FF034608B1027802B9144B1448324638
:10AD0000452121F07BF929462046F0F76FFB042C02
:10AD100008D110491048862220F0AFFE0D48862148
:10AD200020F0A2FE87F31188BFF36F8F304603B087
:10AD3000BDE8F040ECF746BFF0320020D4510400EB
:10AD4000757F0400837F0400B07F0400AF6A0400B5
:10AD5000D67F0400F37F0400A954040038B5094BE2
:10AD600053F82040013053F82050A54200D838BD98
:10AD7000636823B1204626F09EFE0834F5E7236879
:10AD80009847FAE7E851040070B5344B344C354D20
:10AD9000012286B003201A70FFF7E0FFECF7A4FA57
:10ADA0000420FFF7DBFFAC42264624D92E492F486A
:10ADB000432220F062FE43212B4820F055FE54F838
:10ADC0000C3C059354F8103C049354F8143C039342
:10ADD00054F8183C029354F81C3C019354F8203C5E
:10ADE000009354E90A2354E90C0101F0A7FA54F83E
:10ADF000303C5E65D7E7AE4204F13004DFD302F0A9
:10AE00000DF8174C1A4EAC421BD917491748672248
:10AE100020F033FE6721CFE7D4E90A23B3F1FF3FE7
:10AE200008BFB2F1FF3F05D052EA0301206803D109
:10AE300026F014FF3034E6E73146183002F0F8FB14
:10AE4000F8E7E9D302F038F8EAF7AAFE094A137BDB
:10AE500023F00103137306B070BD00BFAB7900206F
:10AE6000204B0400204B04005F800400A954040020
:10AE7000D31C0400C821002008B50348034A002160
:10AE8000121A26F030FE08BD80090020CC7900207F
:10AE900070B5164E164D1749C82386B003FB0066E1
:10AEA00001220023CDE904230F22CDE902320193D0
:10AEB000182303FB005504464FF4C07000FB041137
:10AEC0000D4B00954FF4A072304601F037FA737BBA
:10AED0000A4AEE6023F0040373734FF4086304FB23
:10AEE000033313442C746B6006B070BD0021002046
:10AEF000F03200200096002071B30100808D002008
:10AF0000BFB50020FFF72AFF2E4B83F308882E4C95
:10AF10002E4E63692E4F43F400736361E02384F87F
:10AF2000223000252023E37725766576A57684F800
:10AF30002050636A43F4E023636284F82350ECF703
:10AF4000AFFDEDF735F84FF0FF33A362E362214C1C
:10AF5000EDF72AF9EDF750F840F201132046A381EE
:10AF6000C4E91A5503F0E2F8B460FFF781FE01204E
:10AF7000FFF7F4FE0220184CFFF7F0FE01F0F8FF97
:10AF8000164BB46101220593072315490095CDE9BD
:10AF90000332CDE901553B464FF40062204601F0F3
:10AFA000CDF9627B064622F004022046627301F06E
:10AFB0001DFC2846FFF76CFF3A4631462046ECF769
:10AFC000CDFF00BF0096002000ED00E0F032002031
:10AFD00089AD010078230020C82100208080040072
:10AFE0008097002038B50B4C0B4DAC420FD90B4964
:10AFF0000B48192220F041FD0848192120F034FDAA
:10B00000D4E90112204626F072FD1834EDE7F7D39B
:10B01000002038BD680700208007002088800400D9
:10B02000A95404002DE9F04F89B09046DDE91223C0
:10B03000064606A899460591174626F064FEDDE906
:10B04000063406F11405CDE90234EFF311844023F0
:10B0500083F31288BFF36F8F284602F05DFA38B988
:10B060002E492F48882220F008FD88212B4829E00E
:10B07000284602F075FAEFF30583CBB906F10C0A06
:10B080004FF0400B059942463046EAF7E3FE03468F
:10B09000D0B12846029302F04DFA029BB0BB1F4983
:10B0A0001F4840F2311220F0E8FC40F23111DDE798
:10B0B00057EA0903E2D01B4919484B2220F0DDFC76
:10B0C00018484B2120F0D0FC57EA0907E1D0DDE910
:10B0D000022306A826F03BFEDDE906232146CDE942
:10B0E0000023174628465246994601F06DFCEFF3BF
:10B0F00011848BF31288BFF36F8F284602F00CFA8D
:10B100000028ADD0284602F02BFABBE784F3118863
:10B11000BFF36F8F184609B0BDE8F08F11570400D8
:10B12000A954040088800400F8B504460E4600F1D6
:10B130001405EFF31187402383F31288BFF36F8F59
:10B14000284602F0E9F940B916491748882220F04C
:10B1500094FC8821134820F087FC284602F000FA6E
:10B1600020463146EAF73CFE04F10C0026F0B5FD1E
:10B1700028B139462846BDE8F84001F0C3BD28464D
:10B1800002F0D8F940B90749074840F2311220F0DF
:10B1900074FC40F23111DDE787F31188BFF36F8F44
:10B1A000F8BD00BF11570400A954040038B50B4C7A
:10B1B0000B4D0020AC420FD90A490B48952220F0D4
:10B1C0005CFC0848952120F04FFC204626F098FCB6
:10B1D000002802DB2034EDE7F7D338BD2807002034
:10B1E00068070020AA800400A95404002DE9F74351
:10B1F00004460D4690461F4600F10806EFF31189FC
:10B20000402383F31288BFF36F8F304602F084F936
:10B2100040B91F491F48882220F02FFC88211C4874
:10B2200020F022FC304602F09BF923699BB12B6091
:10B230001B682361E3690133E3610024304602F0B7
:10B2400079F900BB1249134840F2311220F015FC85
:10B2500040F23111E3E758EA070203D12B606FF0A7
:10B260000B04EBE72246CDE900874946304601F062
:10B27000ABFB044618B9084B9B685B692B60204602
:10B2800003B0BDE8F08389F31188BFF36F8FF6E751
:10B2900011570400A9540400F03200202DE9F041B8
:10B2A00004460D4600F10806EFF31187402383F3AF
:10B2B0001288BFF36F8F304602F02EF938B9294952
:10B2C0002948882220F0D9FB882126481BE03046F7
:10B2D00002F046F9E368AB420CD8A169EA1AB2FB66
:10B2E000F1F001FB10222AB96269013A01FB023335
:10B2F0009D420AD91D491C4840F2011220F0BDFBB5
:10B300001A4840F2011120F0AFFBD4F81080B8F1D8
:10B31000000F0ED1204601F0FDFB50B1C0F87C803B
:10B32000456101F063FA39463046BDE8F04101F06D
:10B33000E9BC23692B60E3692561013BE361304689
:10B3400002F0F8F840B90749074840F2311220F0FE
:10B3500094FB40F23111B8E787F31188BFF36F8F88
:10B36000BDE8F08111570400A9540400AA8004002C
:10B3700008B50C4B9B6893F90E30002B09DB402479
:10B38000EFF3118384F31288BFF36F8F20F0B0FFC7
:10B39000F6E7054905482A2220F06FFB02482A21DA
:10B3A00020F062FBF0320020CF800400A95404009A
:10B3B0002DE9F7430446894690461D46EFF3058381
:10B3C00053B152EA050307D0424943487E2220F098
:10B3D00054FB7E213F4813E004F10806EFF3118788
:10B3E000402383F31288BFF36F8F304602F094F846
:10B3F00040B93A493848882220F03FFB8821374835
:10B4000020F032FB304602F0ABF8626A23699A42C0
:10B4100047D2204601F07EFB054688B1E2684069CC
:10B420004946002420F0D4FF2846EC6701F0DEF9FD
:10B430003946304601F066FC204603B0BDE8F08393
:10B44000206A6369984202D3A369984206D32149CE
:10B450002148982220F011FB9821BBE7E268494679
:10B4600020F0B6FF236AE2681344A2692362934284
:10B4700004BF63692362636A0133636204F12800D5
:10B48000102102F0A5FD0024304602F053F8D8B98F
:10B490001249114840F2311220F0EFFA40F2311116
:10B4A000ADE758EA05030CD00D4B9B682246C3F864
:10B4B00014903946CDE90085304601F085FA0446FE
:10B4C000BAE76FF02204DFE787F31188BFF36F8FCD
:10B4D000B2E700BFF0800400A95404001157040033
:10B4E000F03200202DE9F7430446884617461D46F2
:10B4F000EFF3058353B152EA050307D045494648A7
:10B50000DA2220F0BAFADA21424813E004F1080600
:10B51000EFF31189402383F31288BFF36F8F304616
:10B5200001F0FAFF40B93D493B48882220F0A5FAD6
:10B5300088213A4820F098FA304602F011F8636A00
:10B54000002B42D0E268E169404620F041FFE36908
:10B55000E2681344A269E361934204BF6369E36153
:10B56000636A013B6362204601F0D4FA0546002875
:10B570003DD0206A6369984202D3A369984206D3FA
:10B5800024492548F32220F078FAF321BCE76969C1
:10B59000E26820F01DFF236AE2681344A269236277
:10B5A000934204BF63692362636A013363620024C8
:10B5B0002846EC6701F01AF94946304601F0A2FB33
:10B5C0002546284603B0BDE8F08357EA05030CD0B2
:10B5D000134B9B682246C3F814804946CDE9007599
:10B5E000304601F0F1F90546EBE76FF022053046F1
:10B5F00001F0A0FF40B90949074840F2311220F09C
:10B600003CFA40F2311194E789F31188BFF36F8F50
:10B61000D7E700BFF0800400A954040011570400CC
:10B62000F0320020F8B504460E4600F10805EFF3AD
:10B630001187402383F31288BFF36F8F284601F0F0
:10B640006BFF40B914491548882220F016FA88216A
:10B65000114820F009FA284601F082FF636A93B18D
:10B66000E268E169304620F0B3FE0024284601F08C
:10B6700061FF58B90849094840F2311220F0FDF93C
:10B6800040F23111E4E76FF02204EFE787F311880D
:10B69000BFF36F8F2046F8BD11570400A954040072
:10B6A0002DE9F341044617461E46EFF3058545B1E3
:10B6B000514952486F2220F0E0F94F486F2120F0A5
:10B6C000D3F9EFF31188402383F31288BFF36F8F10
:10B6D0004B4801F021FF38B94A494848882220F0F8
:10B6E000CCF988214748EAE7454801F039FFE3688B
:10B6F000454A9BB1A0689168884224D057EA060366
:10B7000029D13F4801F016FFA0B188F31188BFF39B
:10B710006F8F6FF00F0002B0BDE8F081916891F972
:10B720000E10374821610133E3609368A36001F094
:10B7300001FF50B93349314840F2311220F09DF9F0
:10B7400040F23111CEE72169EBE788F31188BFF3AE
:10B750006F8F0020DFE791F90E1090F90E309942BB
:10B76000A8BF19466FF07E029142B8BF11468B42C6
:10B7700002DD26F0EAF90546CDE9007620482246AA
:10B78000414601F021F90028E3D0EFF31186402370
:10B7900083F31288BFF36F8F194801F0BDFE0028B4
:10B7A0009AD0174801F0DCFEA068C0B12368216977
:10B7B0009C420AD04BB193F90E309942A8BF19466A
:10B7C0006FF07E039942B8BF194626F0BEF930B13A
:10B7D0000B48314601F096FA6FF00A009BE7002D06
:10B7E000F6D1074801F0A6FE0028A3D086F3118801
:10B7F000BFF36F8FF0E700BF12810400A95404006B
:10B800001833002011570400F032002070B50446B0
:10B81000EFF3058646B131493148D72220F02DF9A2
:10B82000D7212E4820F020F98368002B4FD02D4AD5
:10B83000926893424ED1C36833B928492848EF2211
:10B8400020F01BF9EF21ECE7012B03D0013BC36093
:10B85000002070BDEFF31185402383F31288BFF3FE
:10B860006F8F214801F058FE38B920491C488822C2
:10B8700020F003F988211D48D4E71B4801F070FE31
:10B880002169A06826F061F9204601F043F9A06023
:10B8900050B190F90E202261C66700F0A7FF124850
:10B8A000294601F02FFAD3E7E0600F4801F042FE8D
:10B8B00040B90E490A4840F2311220F0DEF840F259
:10B8C0003111D8E785F31188BFF36F8FC0E76FF0B0
:10B8D0001500BEE74FF0FF30BBE700BF1281040048
:10B8E000A9540400F032002018330020115704003E
:10B8F0002DE9F04704469DF820A00D469046994654
:10B9000000F10806EFF31187402383F31288BFF399
:10B910006F8F304601F000FE40B938493848882220
:10B9200020F0ABF88821354820F09EF8304601F031
:10B9300017FEBAF1000F00D0656804F10C0001F0A9
:10B94000E9F858B10023C367C0F8148000F04EFF37
:10B950003046394601F0D6F9002019E0B9F1000F60
:10B9600028D0082102F0E8FBA0B9304601F0E2FD42
:10B9700040B92249224840F2311220F07EF840F2CC
:10B980003111D0E787F31188BFF36F8F6FF00B0091
:10B99000BDE8F0870122C0F804800260016801F070
:10B9A00003015DB922680A430260626820606AB9D7
:10B9B00060600BE0C8F800904046EFE72A68032A71
:10B9C00010D80160616839B9C4E90000042104F1AC
:10B9D000140002F0FDFABBE70A6802F0030202431A
:10B9E0000A60E5E722F003020A4302602A6802F0D7
:10B9F000030240EA02032B60E8E700BF115704008E
:10BA0000A95404002DE9F743054690461F4600F16E
:10BA10000806EFF31189402383F31288BFF36F8F79
:10BA2000304601F079FD40B91F492048882220F0B6
:10BA300024F888211C4820F017F8304601F090FDCA
:10BA40002C68CCB123686A6823F003039442204633
:10BA50002B6008BF6B60012126F086F80446304653
:10BA600001F068FDC0B91049104840F2311220F0D1
:10BA700004F840F23111DDE758EA0703EFD0CDE9D1
:10BA8000008705F10C024946304600F09DFF38B9A9
:10BA9000074B9B685C6903E089F31188BFF36F8FE4
:10BAA000204603B0BDE8F08311570400A9540400F8
:10BAB000F032002038B50446EFF31185402383F3BC
:10BAC0001288BFF36F8F154801F026FD40B9144965
:10BAD000144888221FF0D1FF114888211FF0C4FFAD
:10BAE0000E4801F03DFD204601F014F848B1002257
:10BAF000C26700F07BFE29460848BDE8384001F0E7
:10BB000001B9D4E902329A4218BF0133A36002217D
:10BB100004F1100002F05CFAEDE700BF1C330020D6
:10BB200011570400A9540400F7B5044616461D46F3
:10BB3000EFF305835BB152EA050308D02649274895
:10BB400088221FF09AFF244888211FF08DFFEFF311
:10BB50001187402383F31288BFF36F8F204801F0D1
:10BB6000DBFC38B91F491D4888221FF086FF882159
:10BB70001C48EAE71A4801F0F3FCA368ABB1013BAB
:10BB80001748A36001F0D6FC40B91649134840F2AB
:10BB900031121FF072FF40F23111E9E787F311888B
:10BBA000BFF36F8F002003B0F0BD56EA05030BD141
:10BBB0000B4801F0BFFC0028E7D087F31188BFF3E2
:10BBC0006F8F6FF00F00EEE7CDE900652246394632
:10BBD000034800F0F9FEE6E734810400A9540400AC
:10BBE0001C3300201157040070B50446EFF3118593
:10BBF000402383F31288BFF36F8F134801F08CFC4E
:10BC000040B91249124888221FF037FF0F48882197
:10BC10001FF02AFF0C4801F0A3FC6FF00A06204633
:10BC200000F078FF18B1C66700F0E0FDF7E7A0600C
:10BC3000022104F1100002F0CBF929460248BDE8C8
:10BC4000704001F05FB800BF1C33002011570400A2
:10BC5000A95404001FB5094A92E8030002AB83E827
:10BC600003004FF404620093054906484FF0FF3388
:10BC700000F00AFA002005B05DF804FB004C040057
:10BC800000A00020902200202DE9F043674E684F6D
:10BC900085B00546EFF31188402383F31288BFF384
:10BCA0006F8F304601F038FC40B962496248882203
:10BCB0001FF0E3FE88215F481FF0D6FE304601F0FA
:10BCC0004FFCD5F8C840A4B9022105F1E00025F0E9
:10BCD00089FF90BB002302934FF0FF324FF0FF33F8
:10BCE000CDE90023414605F1D002304601F040FB8A
:10BCF000D0E7D5F8CC202368C5F8C830944208BFF7
:10BD0000C5F8CC30D5F8E03043F00203C5F8E03098
:10BD1000E368D4F8049023F0040343F00103E360E4
:10BD2000304601F007FC90B94249434840F23112D5
:10BD30001FF0A3FE40F23111BDE705F1D804002247
:10BD40000121204601F0C8FA0028F8D1C2E788F3A3
:10BD50001188BFF36F8FB9F1000F09D13749364809
:10BD600040F2AF221FF089FE344840F2AF21A3E732
:10BD70002046C847EFF31188402383F31288BFF3AE
:10BD80006F8F304601F0C8FB00288ED0304601F09E
:10BD9000E7FBE368D90623F0010231D4E260E368EF
:10BDA0009A0716D5386823F00203E36088B1036868
:10BDB000002170B14268944230D1036841BB7A6877
:10BDC0003B60824200D17B60002340F8083BFFF7D4
:10BDD00071FED5F8E03023F00203C5F8E0303046BC
:10BDE000C3F3002401F0A6FB00289DD088F311883E
:10BDF000BFF36F8F002C7FF44DAF01F0C1F849E71E
:10BE000023F01103E36004F11000FFF753FEC6E7CF
:10BE10000B607B68834208BF7960D5E723B11A685D
:10BE2000014618461346C4E71A46F9E728330020AE
:10BE30002033002011570400A95404005D81040040
:10BE4000F8B5C3689A0704460F46C3F3400638D4D2
:10BE50005B0724D40B680BB983680B60E368DD07CC
:10BE600020D5A36853B9284928484FF4AF721FF072
:10BE700004FE25484FF4AF711FF0F6FD3B6002262B
:10BE80003D68002D3CD0224B9B68AB420CD0D5F8CE
:10BE9000E030D807C3F3800216D46FF012060023F7
:10BEA0003B6027E00126EBE725F0CDFED5F8E0303A
:10BEB0000028EED1D907C3F3C002EED552B15B071B
:10BEC00008D46FF00F06EAE7002AFAD1C3F3C003E3
:10BED000002BF6D100232360D5F8CC3063B9C5E937
:10BEE0003244284625F098FEE36843F00403E360FB
:10BEF0003B68A3603046F8BD1C60C5F8CC40F0E755
:10BF00006FF01506CBE700BF5D810400A954040063
:10BF1000F032002073B50446EFF31185402383F31C
:10BF20001288BFF36F8F194801F0F6FA40B918492B
:10BF3000184888221FF0A1FD882115481FF094FDA4
:10BF4000124801F00DFB00230321201F0193A4F1EF
:10BF5000100625F047FE28B1A369019301A93046D8
:10BF6000FFF76EFF094801F0E5FA40B908490948B2
:10BF700040F231121FF081FD40F23111DDE785F30F
:10BF80001188BFF36F8F02B070BD00BF283300204F
:10BF900011570400A954040038B50D46044640B9B1
:10BFA0000B490C4899221FF068FD992108481FF0A1
:10BFB0005BFD31B9064907489A221FF05EFD9A21C0
:10BFC000F4E71022002120F00EFA656038BD00BFB2
:10BFD0005D810400A954040037B50C46019051B9A5
:10BFE000224923484FF4C2721FF047FD4FF4C2713B
:10BFF0001E481FF039FD4B6843B91C491C4840F2EC
:10C0000085121FF03AFD40F28511F1E7EFF311853B
:10C01000402383F31288BFF36F8F164801F07CFA38
:10C0200038B91549124888221FF027FD8821124887
:10C03000DFE7104801F094FA204601A9FFF700FF5E
:10C0400004460C4801F076FA40B90B49084840F222
:10C0500031121FF012FD40F23111E8E785F311882B
:10C06000BFF36F8F204603B030BD00BF5D81040079
:10C07000A954040028330020115704000146014848
:10C0800025F0D1BD90220020F0B589B004460E9D68
:10C0900050B92D492D4840F2DF221FF0EEFC40F24E
:10C0A000DF2129481FF0E0FC41B9274927484FF418
:10C0B00038721FF0E2FC4FF43871F2E7D0F8E0007C
:10C0C00010F0010008D02049204840F2E1221FF082
:10C0D000D4FC40F2E121E4E7C4E9320004F1D000ED
:10C0E000C4E9340004F1D800C4E936004DB328791E
:10C0F000002840F2011008BF0120C4F8E000002031
:10C100004FF0FF364FF0FF37CDE90330CDE90100A6
:10C11000CDE906670E4B0094204600F067F955B153
:10C12000296811B1204625F094FD6B791BB1237B62
:10C1300043F001032373204609B0BDE8F04025F029
:10C140008DBD0120D9E700BF5D810400A954040022
:10C1500089BC010038B50D46044650B90E490F4858
:10C1600040F25B321FF089FC40F25B310A481FF05D
:10C170007BFC41B9084909484FF457721FF07DFC18
:10C180004FF45771F2E73022002120F02CF94FF4E0
:10C1900080736560E36038BD5D810400A9540400CC
:10C1A000F7B5164601901D460C4651B92849294855
:10C1B00040F2D5321FF061FC254840F2D5311FF026
:10C1C00053FCEFF31187402383F31288BFF36F8F83
:10C1D000214801F0A1F938B920491E4888221FF0F2
:10C1E0004CFC88211D48EAE71B4801F0B9F9E368D7
:10C1F00013F01E0F22D155EA060211D1204601A9E3
:10C20000FFF71EFE0446144801F094F9C0B9134923
:10C21000104840F231121FF030FC40F23111E1E7DA
:10C2200043F00803E360019BA36204F110000C4992
:10C2300032462B4601F0FCF90124E4E70024E2E752
:10C2400087F31188BFF36F8F204603B0F0BD00BFA6
:10C250005D810400A9540400283300201157040014
:10C2600015BF010001460148FFF79ABF9022002048
:10C27000F7B5164601901D460C4651B92749284886
:10C2800040F2F9321FF0F9FB244840F2F9311FF077
:10C29000EBFBEFF31187402383F31288BFF36F8F1B
:10C2A000204801F039F938B91F491D4888221FF08C
:10C2B000E4FB88211C48EAE71A4801F051F92046BE
:10C2C00025F09BFC55EA060311D1204601A9FFF792
:10C2D000B7FD0446134801F02DF9B8B912491048CA
:10C2E00040F231121FF0C9FB40F23111E2E7E3687E
:10C2F0000E4943F00803E360019BA36204F11000C0
:10C3000032462B4601F094F90124E3E787F31188C4
:10C31000BFF36F8F204603B0F0BD00BF5D81040006
:10C32000A9540400283300201157040015BF010050
:10C3300001460148FFF79CBF90220020F0B585B070
:10C3400004460D9D0F2D3AD1244883423BD107323C
:10C3500022F00702BF320E9E267304F1580022F02D
:10C360007F02C4E91600042600203F2AC4E9060023
:10C37000A0606673A573E07301F1400CA2F1400761
:10C3800005D880F31188BFF36F8F304602DF8D1818
:10C3900000260C9A2667C4E91AC702920B9A0192EA
:10C3A0000A9A009220462A46EBF730FD0C4B666550
:10C3B0009B6803B15B6F6367284605B0F0BD05F16C
:10C3C00010001E28C3D9074907484FF403721FF015
:10C3D00054FB04484FF403711FF046FB71B3010096
:10C3E000F03200207E810400A9540400F0B587B02B
:10C3F000DDE912760446EFF3058555B11749184873
:10C4000040F296221FF039FB144840F296211FF0AB
:10C410002BFB0595109D04950F9D03950E9D029590
:10C420000D9D01950C9D0095FFF788FFB6F1FF3F2C
:10C4300008BFB7F1FF3F05D056EA070305D12046F4
:10C4400000F098FC204607B0F0BD06493A46334656
:10C4500004F1180001F0ECF8F4E700BF7E8104005D
:10C46000A9540400D31C040038B5124D2B4653F8D0
:10C470001C4F9C4200D004B9EC68AB6888B943B942
:10C480000D490E48C8221FF0F8FA0B48C8211FF0CA
:10C49000EBFA5A7BD20604D1A26912B9DA897F2A53
:10C4A00005D89C4202D0204600F0BCFF2346AB6179
:10C4B00038BD00BFF0320020A1810400A95404005F
:10C4C00008B590F90D20437B002A014610DA03F0ED
:10C4D0007F0343730B4B984208D10B490B488022D2
:10C4E0001FF0CBFA084880211FF0BEFA25F0B8FBF8
:10C4F000074B9868431A58425841BDE80840FFF777
:10C50000B3BF00BF00210020CD810400A954040066
:10C51000F032002008B5836853B90A490A4840F24E
:10C520002E221FF0AAFA074840F22E211FF09CFA93
:10C5300025F096FB437B23F00203437300238360C3
:10C5400008BD00BFCD810400A954040070B590F966
:10C550000D30427B002B37DBD30635D18369002BAE
:10C5600032D162F07F024273184A904208D11849D2
:10C57000184879221FF081FA154879211FF074FAC2
:10C5800015490A4652F81C4F944218BF23460C6ABC
:10C5900023B9C0E90024206008620CE090F90E5035
:10C5A00093F90E60B5420BD0AE4209DD5A68C0E97E
:10C5B000003210605860BDE870400020FFF754BFA3
:10C5C000A342E6D01B68E3E770BD00BF0021002056
:10C5D000CD810400A9540400F03200202DE9F84375
:10C5E000171E427B0E4614BF08211021114204463B
:10C5F0000FD141EA0203D20923D14373082931D074
:10C600000120FFF731FFBFF35F8F637B23F06003EF
:10C610006373454B9B68A34273D1EFF30583002BF3
:10C620006FD1424800F086FF00285DD14049414863
:10C6300040F26B121FF021FA40F26B113C481FF0E0
:10C6400013FA03F07F0343733B4B984207D13B49F6
:10C65000384880221FF011FA80213848EFE725F092
:10C66000FFFACBE7A36813B12046FFF753FF04F1AD
:10C67000180001F089F804F158084FF00009A56D81
:10C68000454500D065B9DFF8A080D8F808309C4255
:10C6900013D00120FFF7E8FE2046EBF73BFCB2E7A2
:10C6A0002846FFF737FF05F1180001F06DF8C5F8CF
:10C6B0007C902846FFF74AFFE1E7EFF30583002B64
:10C6C000E7D001201E4DFFF7CFFE2046EBF722FCFE
:10C6D00040F20113AB8128460023C5E91A3301F06B
:10C6E00025FDC8F808508EE73046EBF781FACFB148
:10C6F0001249104840F2E5121FF0BFF940F2E5116F
:10C70000ABE70A4800F016FF40B90949094840F272
:10C7100031121FF0B2F940F231118FE786F3118820
:10C72000BFF36F8FBDE8F883F03200202C33002078
:10C7300011570400A954040000210020CD810400F9
:10C740007823002070B590F90D20437B234C002AFC
:10C7500001460FDA03F07F03A042437308D120495A
:10C76000204880221FF089F980211D481FF07CF9A4
:10C7700025F076FA4B7BA14263F07F034B7306D121
:10C780001749184879221FF078F97921EDE7164A00
:10C790001046146A50F81C3F834208BF002323B997
:10C7A000C1E90004216011620CE091F90E5093F987
:10C7B0000E60B5420ED0AE420CDD5868C1E90030C3
:10C7C000016059609068431A5842BDE87040584172
:10C7D000FFF74ABE9C42E3D01B68E0E7002100203F
:10C7E000CD810400A9540400F032002038B504467D
:10C7F000EFF31185402383F31288BFF36F8F124844
:10C8000000F08AFE40B91149114888221FF035F91D
:10C8100088210E481FF028F90B4800F0A1FE2046A1
:10C82000FFF794FE084800F085FE40B90749084824
:10C8300040F231121FF021F940F23111E9E785F39E
:10C840001188BFF36F8F38BD2C33002011570400BF
:10C85000A954040038B50446183000F095FFEFF3F2
:10C860001185402383F31288BFF36F8F154800F0C2
:10C8700053FE40B91449154888221FF0FEF888215C
:10C8800011481FF0F1F80F4800F06AFE627B12F0C9
:10C89000100211D00B4800F04DFE40B90A490B4878
:10C8A00040F231121FF0E9F840F23111E8E785F368
:10C8B0001188BFF36F8F38BD29462046BDE8384048
:10C8C000FFF78CBE2C33002011570400A95404003C
:10C8D00038B50446EFF31185402383F31288BFF384
:10C8E0006F8F134800F018FE40B912491248882291
:10C8F0001FF0C3F888210F481FF0B6F80C4800F06D
:10C900002FFEA36813B12046FFF704FE084800F08D
:10C9100011FE40B90749084840F231121FF0ADF846
:10C9200040F23111E7E785F31188BFF36F8F38BD0F
:10C930002C33002011570400A954040070B504469C
:10C940000D46EFF31186402383F31288BFF36F8FF8
:10C950001A4800F0E1FD40B919491A4888221FF031
:10C960008CF8882116481FF07FF8144800F0F8FD75
:10C97000637B13F0280F0CD1A36813B12046FFF797
:10C98000C9FD637B95B903F0FB0363732046FFF792
:10C99000DDFD0A4800F0CEFD58B90949094840F2CA
:10C9A00031121FF06AF840F23111DBE703F0EB03BC
:10C9B000EBE786F31188BFF36F8F70BD2C33002037
:10C9C00011570400A95404002DE9F047DFF8C8A06E
:10C9D0002B4F2C4B1646B842DAF808201A60DDE9D6
:10C9E000089804460D460AD12749284840F2A32258
:10C9F0001FF043F8244840F2A3211FF035F8EFF36D
:10CA00001183402383F31288BFF36F8F384600F001
:10CA100083FD38B91E491D4888221FF02EF8882151
:10CA20001B48EAE7384600F09BFDDAF8087031460B
:10CA3000384625F01DF9B8F1FF3F08BFB9F1FF3FB7
:10CA400006D014494A46434607F1180000F0F0FDAD
:10CA5000204600F06FFD40B90D490C4840F26B12C2
:10CA60001FF00BF840F26B11DAE7054800F062FDA9
:10CA70000028F1D02846BDE8F047EBF7B9B800BF71
:10CA80002C33002030330020CD810400A954040051
:10CA900011570400D31C0400F032002070B5054685
:10CAA000EFF31186402383F31288BFF36F8F16488C
:10CAB00000F032FD40B91549154888221EF0DDFF0F
:10CAC000882112481EF0D0FF0F4800F049FD2C6865
:10CAD000A54210D014B12046FFF71CFD0A4800F013
:10CAE00029FD50B909490A4840F231121EF0C5FF2C
:10CAF00040F23111E5E70024F0E786F31188BFF337
:10CB00006F8F204670BD00BF2C33002011570400EA
:10CB1000A954040070B50546EFF31186402383F352
:10CB20001288BFF36F8F184800F0F6FC40B9174920
:10CB3000174888221EF0A1FF882114481EF094FF98
:10CB4000114800F00DFD2C68A54214D034B12046E8
:10CB5000FFF7E0FC04F1180000F016FE0A4800F0B0
:10CB6000E9FC50B909490A4840F231121EF085FF2C
:10CB700040F23111E1E70024F0E786F31188BFF3BA
:10CB80006F8F204670BD00BF2C330020115704006A
:10CB9000A954040038B50446EFF31185402383F30C
:10CBA0001288BFF36F8F164800F0B6FC40B91549E4
:10CBB000154888221EF061FF882112481EF054FF9C
:10CBC0000F4800F0CDFCA36813B12046FFF7A2FC8C
:10CBD0000B4800F0AFFC40B90A490B4840F2311253
:10CBE0001EF04BFF40F23111E7E785F31188BFF3E8
:10CBF0006F8F04F11800BDE8384000F0C5BD00BFDC
:10CC00002C33002011570400A95404002DE9F041F1
:10CC100004460E46EFF31188402383F31288BFF3D6
:10CC20006F8F324800F078FC074638B930493148F8
:10CC300088221EF022FF88212D4814E02B4800F0A6
:10CC40008FFC637BDA0610D1A56975B903F07F0309
:10CC50006373294B9C4218D12849264880221EF034
:10CC60000CFF264880211EF0FFFEA67300271F48F8
:10CC700000F060FC002832D11D491E4840F23112FC
:10CC80001EF0FBFE40F23111D6E7204624F0E8FF0B
:10CC9000637B1B4A63F07F03637371B21346A17316
:10CCA00053F81C0F984218BF0546106A25B9C4E90D
:10CCB0000030046014620AE095F90E60B1420AD0B7
:10CCC0008E4208DD6B68C4E900531C606C60012073
:10CCD000FFF7CAFBCBE7A842E9D02D68E6E788F367
:10CCE0001188BFF36F8F3846BDE8F0812C330020E8
:10CCF00011570400A954040000210020CD81040034
:10CD0000F032002038B503460C46D1B9EFF3058563
:10CD1000BDB9154A91699268914212D000F00AFC9F
:10CD200050B91249124840F26B121EF0A6FE40F2B2
:10CD30006B110E481EF098FE2846BDE83840EAF711
:10CD400057BF184600F0F6FB40B90849084840F2C2
:10CD500031121EF092FE40F23111EAE784F311889D
:10CD6000BFF36F8F38BD00BFF032002011570400B1
:10CD7000A954040038B50446EFF31185402383F32A
:10CD80001288BFF36F8F184800F0C6FB40B91749EF
:10CD9000174888221EF071FE882114481EF064FE98
:10CDA000114800F0DDFB637B5A0711D40E4800F0F8
:10CDB000C1FB40B90D490E4840F231121EF05DFE34
:10CDC00040F23111E9E785F31188BFF36F8F38BD69
:10CDD00023F0040320466373FFF7B8FB294602489B
:10CDE000BDE83840FFF78EBF2C33002011570400F8
:10CDF000A9540400034648B9EFF3058232B9064A44
:10CE000091699268914201D0EAF7F2BE83F31188EA
:10CE1000BFF36F8F704700BFF032002010B5EFF303
:10CE20001184402383F31288BFF36F8F1D4800F0F5
:10CE300073FB38B91C491D4888221EF01EFE88214C
:10CE400019480CE0174800F08BFBEFF3058343B162
:10CE5000174916488B221EF010FE8B2114481EF035
:10CE600003FE144B9A68D37B012B06D110490F485F
:10CE70008C221EF002FE8C21F0E7013BD37309489F
:10CE800000F058FB40B90849084840F231121EF042
:10CE9000F4FD40F23111D3E784F31188BFF36F8FB3
:10CEA00010BD00BF2C33002011570400A95404000A
:10CEB000EF810400F032002038B5EFF311854024F3
:10CEC00084F31288BFF36F8F244800F025FB38B934
:10CED0002349244888221EF0D0FD882120480FE0F5
:10CEE0001E4800F03DFB204B9A68D37B53B91F4985
:10CEF0001C4840F231321EF0C0FD40F231311B4877
:10CF00001EF0B2FDEFF3058040B11849154840F21C
:10CF100032321EF0B2FD40F23231F0E70133D3730A
:10CF2000FFF7A2FA0D4800F005FB40B90C490D4887
:10CF300040F231121EF0A1FD40F23111CEE785F32F
:10CF40001188BFF36F8FEFF3118084F31288BFF362
:10CF50006F8FBDE83840FFF74DBF00BF2C33002076
:10CF600011570400A9540400F0320020CD810400C0
:10CF7000024B03F11C02C3E907227047F032002084
:10CF8000F8B5EFF305834BB139493A4840F23642E0
:10CF90001EF073FD40F23641354811E0EFF3118584
:10CFA000402383F31288BFF36F8F334800F0B4FA45
:10CFB00040B932492F4888221EF05FFD88212F4852
:10CFC0001EF052FD2C482E4C00F0CAFA2D498868FC
:10CFD000437BA04203F07F03437306D124492548D5
:10CFE00080221EF04AFD8021D6E724F039FE8B68AE
:10CFF0005A7BA34262F07F025A7306D11C491D4836
:10D0000079221EF03AFD7921C6E708460C6A50F8ED
:10D010001C2F824208BF002222B9C3E9000423600A
:10D020000B620CE093F90E6092F90E70BE4216D0BE
:10D03000B74214DD5168C3E900210B605360012041
:10D04000FFF712FA0C4800F075FA60B90B4909486D
:10D0500040F26B121EF011FD40F26B11AFE7A242DD
:10D06000DBD01268D8E72846BDE8F840EAF7C0BD33
:10D07000CD810400A95404002C3300201157040072
:10D0800000210020F03200202DE9F04105460E4637
:10D09000EFF305834BB13649364840F251421EF05A
:10D0A000ECFC40F2514132481FE050EA010303D149
:10D0B000FFF766FF002059E0821C71F1FF3316DB99
:10D0C00024F01BFE2C18EFF31188402383F3128801
:10D0D000BFF36F8F284800F01FFA60B92749254831
:10D0E00088221EF0CAFC882124481EF0BDFC6FF087
:10D0F0000104241AE7E7224F1F4800F031FA214BC0
:10D10000B8681860FFF7DCF9B8681F492A4633464B
:10D11000183000F08DFABA681748537B43F01003BB
:10D12000537300F007FA40B91449124840F26B12E9
:10D130001EF0A3FC40F26B11D6E74046EAF758FD1B
:10D14000BB685B7BDB0608D509490A4840F26D42A3
:10D150001EF093FC40F26D41A5E724F0CEFD201AAD
:10D1600063EB0303012873F10003A3DBBDE8F08147
:10D17000CD810400A95404002C3300201157040071
:10D18000F032002030330020D31C040010B5EFF340
:10D19000058454B11149124840F27B421EF06DFCE7
:10D1A0000E4840F27B411EF05FFCB1F1FF3F08BF2B
:10D1B000B0F1FF3F06D10B4B9868FFF74BFB4FF0E8
:10D1C000FF3010BDFFF760FF4FF47A7247F6FF7330
:10D1D000C0FB0234D80B40EA4440F2E7CD810400A2
:10D1E000A9540400F03200200C490D4A38B500243F
:10D1F0004FF400458C462146C0FB05C10023604624
:10D20000E3F710F8C117FFF73FFF054A47F6FF7332
:10D21000C0FB0234DB0B43EA444038BD3F420F0001
:10D2200040420F00014B9868704700BFF032002069
:10D2300038B50446EFF31185402383F31288BFF31A
:10D240006F8F214800F068F940B9204920488822B2
:10D250001EF013FC88211D481EF006FC1A4800F041
:10D260007FF9237BDA071AD5174800F063F940B934
:10D270001649174840F231121EF0FFFB40F23111FF
:10D28000E9E785F31188BFF36F8F124910484FF417
:10D29000AE621EF0F2FB0F484FF4AE61DCE7637B39
:10D2A0001B0709D5084800F045F90028E0D085F3B0
:10D2B0001188BFF36F8F38BD294620460122BDE893
:10D2C0003840FFF78BB900BF2C3300201157040002
:10D2D000A9540400CD8104002DE9F8430646884690
:10D2E0001746EFF31189402383F31288BFF36F8F42
:10D2F0001C4800F011F9054640B91B491B4888221B
:10D300001EF0BBFB882118481EF0AEFB154800F04C
:10D3100027F93468A6421AD0DCB12046C4F87C80D4
:10D320006761FFF7F7F804F1180000F02DFA2046C6
:10D33000FFF70CF90B4800F0FDF860B90A490B48FB
:10D3400040F231121EF099FB40F23111DBE700256B
:10D35000F0E72546EEE789F31188BFF36F8F284683
:10D36000BDE8F8832C33002011570400A9540400B1
:10D37000D3B5DDE90667089CCDE90067FFF724FB1C
:10D380001CB1034B9B685B69236002B0D0BD00BF3A
:10D39000F032002008B568B10E4B98420AD303F171
:10D3A0001802904206D2C01A1822B0FBF2F302FB18
:10D3B000130343B10849094838221EF05EFB0648B2
:10D3C00038211EF051FB064BC0105843054B01227B
:10D3D0001A5408BD402400201A820400A9540400F5
:10D3E000ABAAAAAAAC790020C3897F2B12D80A4B1A
:10D3F0001B6863B1094B90F90E201B689A4209DB48
:10D40000437BDB0606D1064BC31A18BF012303F08A
:10D41000010070470023FAE738330020343300203E
:10D420000021002070B50E4B0E4C1E7C06EB46030F
:10D4300004EBC3040546204600F0A6F90A4B00227F
:10D4400028469A55FFF7D0FF48B1084B08491A689B
:10D45000013A2046D317BDE8704000F0E9B870BD2E
:10D46000F032002040240020AC7900203833002026
:10D4700095D3010038B5EFF31185402383F312886B
:10D48000BFF36F8F1E4800F047F840B91D491E4892
:10D4900088221EF0F2FA88211A481EF0E5FA184890
:10D4A00000F05EF8194B1A4A9C681068A0420ED131
:10D4B000FFF7B8FF124800F03DF8E0B911491248F3
:10D4C00040F231121EF0D9FA40F23111E4E70021A6
:10D4D0001B7C11600F4AD35C002BEBD02046FFF77A
:10D4E00083FF0028E6D0637BDB0602D12046FFF7EE
:10D4F00029F92046DCE785F31188BFF36F8F38BD2B
:10D500002C33002011570400A9540400F0320020ED
:10D5100030330020AC790020006838B1044B1B7C0C
:10D5200000F00300C01A18BF0120704701207047A7
:10D53000F0320020002302680360EFF30581074BFF
:10D5400019B19968497BC90706D4197C98680843C2
:10D55000831A58425841704701207047F03200202A
:10D56000024B1A7C9B68134303607047F032002023
:10D5700008B50648064A0749121A24F0B6FABDE86B
:10D580000840054A0549064824F0AFBA00000020CB
:10D5900024090020348304000000000034830400C8
:10D5A00000000020034B1B680BB9EDF7EFBE002015
:10D5B000704700BF3C33002030B570B10B4B5B6847
:10D5C00098420AD0036843B1D3E90421D0E9044565
:10D5D000121941EB0501C3E90421D0E900321360BF
:10D5E0005A600023C0E9003330BD00BF6402002050
:10D5F00010B50E4B1C689C4204D1FFF7D3FF6FF0AF
:10D60000004010BDFFF7CEFF002CF8D0D4E9043263
:10D610001B1A62EBE072B3F1004F72F10001EEDA17
:10D62000002AACBF18460020EBE700BF64020020D0
:10D63000B3F1FF3F08BFB2F1FF3F2DE9F0470446C9
:10D6400092461D4600F08F80066846B1474948481B
:10D650006E221EF012FA45486E211EF005FA816016
:10D66000EFF31187402383F31288BFF36F8F414894
:10D67000FFF752FF38B940493D4888221EF0FDF9B6
:10D6800088213D48E9E73B48FFF76AFFBAF1FF3FD1
:10D6900075F1FF3323DA3949D1E900206FF0010336
:10D6A0009B1A4FF0FF3262EB0000B3EB0A0360EB12
:10D6B0000500012B70F1000201DA01233046C4E9B4
:10D6C00004302F4B1A68D3F804C09A4218BF16468C
:10D6D00086B9C4E9003CCCF800405C601CE0FFF770
:10D6E00061FF1AF1010845F1000518EB000345EB55
:10D6F000E070E4E7D6E90415D4E904208A4270EB2F
:10D70000050E23DA891A726865EB0005C6E904156F
:10D71000C4E90062146074601A689A4209D09442A5
:10D7200007D1184B1C6824B9FFF762FF2146EDF7BB
:10D73000FFFD1048FFF7FEFE88B90F490C4840F284
:10D7400031121EF09AF940F231119AE7521A60EB49
:10D7500005006645C4E90420BBD03668B8E787F306
:10D760001188BFF36F8FBDE8F08700BF42820400CD
:10D77000A95404004033002011570400582400200D
:10D78000640200203C33002038B50446EFF31185D5
:10D79000402383F31288BFF36F8F1648FFF7BCFE58
:10D7A00040B91549154888221EF067F988211248AA
:10D7B0001EF05AF90F48FFF7D3FE236883B12046C5
:10D7C000FFF7FAFE00240B48FFF7B4FE58B90A49E8
:10D7D0000A4840F231121EF050F940F23111E6E7EA
:10D7E0006FF01504EFE785F31188BFF36F8F2046C4
:10D7F00038BD00BF4033002011570400A954040075
:10D800002DE9F84F0446EFF31187402383F3128884
:10D81000BFF36F8F4248FFF77FFE40B9414942484E
:10D8200088221EF02AF988213E481EF01DF9DFF8F3
:10D830000091DFF800813A483C4EFFF791FEC8F8AE
:10D840000040D9F800404FF0000A4C4508BF0024C2
:10D850004FF0000BD6E9002CD8F80030002C44D053
:10D86000D4E90451D817AB4270EB010E05DAED1A7A
:10D8700061EB0001C4E9045137E0AA184CEBE573F1
:10D880002046C4E904ABC6E90023FFF795FE24480F
:10D89000FFF750FE40B92349234840F231121EF0F1
:10D8A000ECF840F23111BFE787F31188BFF36F8FB7
:10D8B000A36820469847EFF31187402383F312882B
:10D8C000BFF36F8F1648FFF727FE0028A6D0144835
:10D8D000FFF746FED8F80030D9F800405B1B4C45F6
:10D8E000C8F80030B6D1D6E9002C9A184CEBE37397
:10D8F0000024C6E90023C8F80040FFF779FE21465E
:10D90000EDF716FD0648FFF715FE0028C3D087F394
:10D910001188BFF36F8FBDE8F84FFFF7ABBD00BFB5
:10D920004033002011570400A9540400582400205B
:10D93000640200203C33002070B5EFF311864023D1
:10D9400083F31288BFF36F8F1548FFF7E5FD40B9E9
:10D950001449154888221EF090F8882111481EF0BD
:10D9600083F80F48FFF7FCFDFFF71CFE0F4AD2E9D2
:10D970000045041945EBE0750948FFF7DBFD40B9A8
:10D980000849094840F231121EF077F840F231118F
:10D99000E4E786F31188BFF36F8F2046294670BDF8
:10D9A0004033002011570400A954040058240020DB
:10D9B000F8B50446EFF31187402383F31288BFF3D1
:10D9C0006F8F4A48FFF7A8FD40B949494948882266
:10D9D0001EF053F8882146481EF046F84348FFF7EA
:10D9E000BFFD22686AB14148FFF7A4FD002877D146
:10D9F0003F49404840F231121EF03FF840F23111E9
:10DA0000E9E7D4E90A36581C46F10001022871F111
:10DA1000000127D3012B76F10001BCBF012316467C
:10DA20005D1E46F1FF3624F06CF9013041F1000132
:10DA3000401946EB0101012871F100014BDB24F094
:10DA400060F9013041F100016FF00102401946EB2D
:10DA50000103121A4FF0FF3161EB03032649204600
:10DA6000FFF7E6FD236B01332363236AD3B11F481D
:10DA7000FFF760FD0028BBD087F31188BFF36F8FDD
:10DA8000236A20469847EFF31187402383F31288D7
:10DA9000BFF36F8F1548FFF73FFD002895D013485F
:10DAA000FFF75EFD54F8185FA5429CD0002D9AD078
:10DAB0002846FEF70DFF00230C48EB67FFF73AFD01
:10DAC000002895D087F31188BFF36F8F2846BDE8F3
:10DAD000F840FEF78BBE6FF001024FF0FF33BDE759
:10DAE00087F31188BFF36F8FF8BD00BF4433002068
:10DAF00011570400A9540400B1D901002DE9F843DD
:10DB0000064614461D4691469846EFF3118740237A
:10DB100083F31288BFF36F8F2348FFF7FDFC40B9F2
:10DB20002249234888221DF0A8FF88211F481DF0A4
:10DB30009BFF1D48FFF714FDB5F1FF3F08BFB4F18F
:10DB4000FF3F0CD11848FFF7F5FC38BB17491848C0
:10DB500040F231121DF091FF40F23111E6E7631CF3
:10DB600075F1FF330ADB012C75F100032246BCBFBF
:10DB70000122002512F1FF3945F1FF383046FFF749
:10DB800003FEDDE90823C6E90A23002333630949BC
:10DB90004A4643463046FFF74BFDD3E787F31188EB
:10DBA000BFF36F8FBDE8F8834433002011570400A2
:10DBB000A9540400B1D901002DE9F84314233F4FC3
:10DBC00015460C4603FB010000264FF040080CB937
:10DBD000BDE8F88310F8073C40F80C6C03F03F03F5
:10DBE000A0F11409082B30D8DFE803F03F1B052F04
:10DBF000112F2F2F250050F8043C6BBB30493148C2
:10DC0000B7221DF03AFFB7212D481DF02DFF50F827
:10DC1000043C0BBB2A492B48BB221DF02EFFBB2125
:10DC2000F2E750F8043CBBB925492648BF221DF055
:10DC300024FFBF21E8E750F8043C6BB92049214894
:10DC4000C3221DF01AFFC321DEE71D491D48D02263
:10DC50001DF013FFD021D7E750F8143C2BB150F83A
:10DC6000102C13605A6040E905663846FFF762FCE5
:10DC700048B91549134840F231121DF0FEFE40F23A
:10DC800031111148C1E785F31188BFF36F8FEFF3AE
:10DC9000118588F31288BFF36F8F3846FFF73CFC7D
:10DCA000013C30B90849074888221DF0E6FE88216A
:10DCB000E7E73846FFF754FC484688E7483300203A
:10DCC00066820400A9540400115704002DE9F74F9F
:10DCD0000025DFF88C8100911446019307462E46FB
:10DCE0004FF0400AA946009B9D4203DB304603B03B
:10DCF000BDE8F08FEFF3118B8AF31288BFF36F8FBB
:10DD00004046FFF709FC38B95249534888221DF0B4
:10DD1000B4FE88214F4854E04046FFF721FC7B7B4E
:10DD200003F03F03082B45D8DFE803F0263805440D
:10DD3000234444443E003B699B68EBB10223FA68EC
:10DD4000C7F80890C2F38630034363F39432FA6055
:10DD500084F800904046FFF7EDFB1437002872D19D
:10DD60003C493D4840F231121DF087FE40F231112E
:10DD7000D0E73B691B6833BB019B002BEAD12378BA
:10DD8000002BE7D07B7B03F03F03082B54D8DFE860
:10DD900003F02A3A1C532D53535346003B699B68AA
:10DDA000002BE9D00123CAE73B695B6A002BE3D073
:10DDB0001023C4E72949284864221DF05EFE64212F
:10DDC00026481DF051FE0423B9E7386930B92349CC
:10DDD00021488E221DF051FE8E21F1E72246394660
:10DDE000103023F0F1FFBC600136B3E7386930B979
:10DDF0001A49194892221DF040FE9221E0E722467E
:10DE000039461430EDE7386930B914491248962282
:10DE10001DF033FE9621D3E722463946E1E7386903
:10DE200030B90E490C489A221DF027FE9A21C7E707
:10DE3000224639462830D4E708490748A7221DF072
:10DE40001CFEA721BCE78BF31188BFF36F8F013550
:10DE500049E700BF11570400A9540400668204007A
:10DE6000483300202DE9F04F1E46534B9C68012398
:10DE7000174685B0054604F1600284F8603084F8E6
:10DE80006130EFF3058BBBF1000F0AD04B494C48D2
:10DE90004FF495721DF0F1FD4FF4957147481DF058
:10DEA000E3FD40B94549464840F22B121DF0E5FD1F
:10DEB00040F22B11F2E7002908DA404940484FF4BC
:10DEC00096721DF0DAFD4FF49671E7E757EA060304
:10DED0000CBF01230023FFF7F9FE8046EFF3118901
:10DEE0004FF0400A8AF31288BFF36F8F3548FFF76F
:10DEF00013FB38B93449324888221DF0BEFD882111
:10DF00003148CCE72F48FFF72BFB94F86030E3B99A
:10DF10004A46414628460393FFF74EFE2948FFF73D
:10DF200009FB039B40B92849254840F231121DF0F6
:10DF3000A4FD40F23111E3E789F31188BFF36F8F3D
:10DF40001C46204605B0BDE8F08F57EA060384F86A
:10DF500060B00BD11B48FFF7EDFA0028E3D089F33E
:10DF60001188BFF36F8F6FF00A04EAE7CDE90076FE
:10DF7000164A14484946FEF727FD0446EFF311867A
:10DF80008AF31288BFF36F8F0E48FFF7C5FA002897
:10DF9000B0D00C48FFF7E4FA284632464146FFF776
:10DFA0000BFE0848FFF7C6FA0028BCD086F311889C
:10DFB000BFF36F8FC5E700BFF03200206682040018
:10DFC000A954040048330020115704006C020020BB
:10DFD00070B504460D46EFF31186402383F3128893
:10DFE000BFF36F8F1748FFF797FA40B916491748E4
:10DFF00088221DF042FD882113481DF035FD11488F
:10E00000FFF7AEFA2068844209D0D0E900321360ED
:10E010005A600023C0E90033294623F006FF09486F
:10E02000FFF788FA40B90849084840F231121DF05C
:10E0300024FD40F23111DFE786F31188BFF36F8FC3
:10E0400070BD00BF4833002011570400A9540400DC
:10E0500070B504460D46EFF31186402383F3128812
:10E06000BFF36F8F1C48FFF757FA40B91B491C4894
:10E0700088221DF002FD882118481DF0F5FC164885
:10E08000FFF76EFA2068E56001218442A1600CD19F
:10E090001148FFF74FFAC0B91049114840F2311248
:10E0A0001DF0EBFC40F23111E6E7D0E900321360DD
:10E0B0005A600023C0E9003323F0B7FE314604461E
:10E0C0000548FEF71FFE204670BD86F31188BFF39A
:10E0D0006F8F0024F7E700BF48330020115704007A
:10E0E000A9540400F7B5043205460C4617D20026A1
:10E0F0000027CDE9006741F00401FCF793FF70B100
:10E1000040F8045B64B1013C204209D0054906484F
:10E1100025221DF0B2FC034825211DF0A5FC00209E
:10E1200003B0F0BD87820400A9540400014B43678B
:10E13000704700BF6807002038B504460D4623F03D
:10E1400082FD20B9064B9B685B6F0BB938BD054B50
:10E150002A4621461846BDE83840FFF7C3BF00BF36
:10E16000F032002068070020036803F01F025B09FB
:10E17000026004D0012B034818BF002070474FF005
:10E18000A04070470003005010B40A4C23683BB114
:10E190000B600023236000785DF8044B23F0A4BEDD
:10E1A0000B68C3F30F22D2019B1A22600B605DF84B
:10E1B000044B70474C33002042684378D2F8101566
:10E1C0001B01CB40D2F8001241F00101C2F800124D
:10E1D000C2F84035C3789B0003F1804303F5C04388
:10E1E000D3F8101541F00301C3F8101581780448E5
:10E1F000012303FA01F1C0F80415D36013607047DE
:10E2000000F00140D0F8003223F00103C0F80032E2
:10E210004FF48033C0F8083301230361024B93F9B4
:10E2200000001FF044B800BFAD7900204368D3F868
:10E230001015D3F8002242F0010210B5C3F80022F5
:10E24000F022CA40C3F840254FF48032C3F80423BB
:10E25000054B044693F900001FF027F8636801227C
:10E26000DA601A6010BD00BFAD790020436873B555
:10E27000D3F8002222F00102C3F8002201254FF456
:10E280008032C3F808231D610678044623F05FFE40
:10E290000196D8B901A8FFF767FF019B05FA03F3C0
:10E2A000C0F80C35E3789B0003F1804303F5C043CD
:10E2B000D3F8102522F00302C3F81025A278012319
:10E2C0009340064AC2F8083502B070BD01A8FFF7B6
:10E2D0004BFF019B9D40C0F80855E3E700F001406B
:10E2E00010B500F0F1F850B1054C2378012B06D1A0
:10E2F000044B00221A70FFF75FFF0223237010BD4A
:10E30000AF790020AE79002010B500F0DDF830B113
:10E310000C4C2378022B0FD002D8012B08D010BD53
:10E32000033B012BFBD84068FFF76CFF01232370F0
:10E33000054B00221A70F2E7FFF798FF01232370C4
:10E34000EDE700BFAF790020AE79002038B500F0CE
:10E35000BBF8044650B1064D2B78022B06D1FFF7CF
:10E3600085FF2046FFF762FF03232B7038BD00BFF7
:10E37000AF79002010B500F0A7F830B10B4C23782E
:10E38000022B0ED003D8012B08D0002010BD033B78
:10E39000012BFAD84068FFF735FF04E0044B1878EA
:10E3A000F4E7FFF763FF01232370EEE7AF79002066
:10E3B000AE79002010B50A4B1B7813B1012B04D0A5
:10E3C00010BD084B02221A70FAE7074B054C1B7868
:10E3D0001BB123F0BCFD2070F2E702232370EFE7AE
:10E3E000AF79002017050020AE79002038B500F085
:10E3F0006BF8044688B10D4D2B78012B0ED0033BF2
:10E40000012B0AD84068FFF7FDFE094B00221A7065
:10E410002046FFF7D1FE02232B7038BD044B1A783B
:10E42000002AFAD000221A70F3E700BFAF7900206B
:10E43000AE79002070B5054600F046F8044630B1CC
:10E44000104E3378022B19D002D8012B0ED070BD9C
:10E45000033B012BFBD84068FFF7D4FE0A4B002298
:10E460001A70012333702946204603E0064B002230
:10E470001A702946BDE87040FFF786BEFFF7F6FE2A
:10E48000EFE700BFAF790020AE790020024B18689B
:10E49000003818BF012070474C330020014B002288
:10E4A0001A6070474C330020054B1B78012B05D1B7
:10E4B000044B1878022801D023F02ABD704700BF12
:10E4C000AF79002017050020034B04481B78002B70
:10E4D00008BF0020704700BFB079002050330020F3
:10E4E00018B1012804D000207047024B18787047FB
:10E4F000014BFBE7B4790020B379002018B1012863
:10E5000004D002207047024B18787047014BFBE79C
:10E51000B2790020B1790020014B1860704700BF2C
:10E520005833002010B506490246002351F8040B69
:10E53000046C944203D00133042BF7D1002010BDAA
:10E540005C330020EFF3108272B6054B996981426B
:10E5500000D008B90021996182F31088704700BF8C
:10E560006024002010B50346EFF3108272B6104805
:10E5700084691CB182F31088002010BD836182F38E
:10E580001088022202774FF0FF32596B4262D3E9C2
:10E590000A23521843F10003C0E9042300F0B6FA3D
:10E5A00018B12046FFF7CEFFE6E70120E5E700BF00
:10E5B000602400202DE9F8432A4D2B4E284623F0F5
:10E5C00045FE002845D03778DFF8A48023F09AFD77
:10E5D0000022944658F8049BD9E90A3499F838E0A7
:10E5E00099F83A90B9F1010F09D1B3F5F07344F1FC
:10E5F000FF34984271EB040438BF4FF0000E7245AF
:10E600000CF1010C38BF7246BCF1040FE2D1174B7C
:10E61000DFF860801C78944238BF1446E4B2A74209
:10E620000CD03470BCB9EFF7C5FB204688F8004029
:10E6300000F0AEFCE5F7F4F888F8014098F80130F6
:10E6400013B1204600F0A4FC284623F00EFE00285B
:10E65000B4D1BDE8F883002FF0D1EFF781FBE5F7E7
:10E6600053F9EBE76C330020B8790020B77900202C
:10E670005C330020B979002010B58469FFF79AFF58
:10E68000D4E90A23C4E904230A4A226294F8302018
:10E69000A4610123237742B184F849302046FFF773
:10E6A00061FF10B9042384F849302046BDE81040CA
:10E6B00000F02CBA25200400F8B5E5F77BF82348D4
:10E6C000234D244E23F0BFFD234823F0BCFD234BF4
:10E6D0002348306000241C70224B80F838401C70A6
:10E6E000214B80F848401C70204B02224FF0FF372E
:10E6F0001C7007645C709A7023F00BFD284685F847
:10E7000038402F6485F84840756023F002FD05F11C
:10E710005000B06085F88840C5F8907085F8984042
:10E7200023F0F7FC1248F06080F83840076480F866
:10E73000484023F0EEFC0F4823F0EBFC2046FFF7A7
:10E7400001FFBDE8F84000F017BC00BF70330020A7
:10E75000D82400205C3300206C330020BC790020DA
:10E7600078250020B7790020B8790020B9790020F9
:10E770008824002060240020074B10B500241C7062
:10E7800023F0E8FC054B1A7822B11C70BDE810405C
:10E79000E5F76AB810BD00BFB5790020B679002052
:10E7A00038B51C4D1C4C284623F050FD18B3237877
:10E7B000032B98BF207863788CBF0420C0B29842A6
:10E7C00088BF6078A37888BFC0B28342134B38BF3C
:10E7D000A0781A7838BFC0B282420DD01870104AA3
:10E7E000B0FA80F35B09137000F024F9284623F097
:10E7F0003CFD0028D7D138BD1B78002BF6D1084B43
:10E800001B78002BF2D1074B1B78002BEED0FFF7C3
:10E81000B3FFEBE770330020B9790020BC7900200A
:10E82000B5790020B679002008B5054B1870BFF304
:10E830005F8FFFF7BFFEBDE80840FFF7B1BF00BF25
:10E84000B77900202DE9F041437C012B074638D0F1
:10E85000022B39D0002B63D13D48012123F0A4FBCA
:10E86000044600285CD0002380F8493097F81280D5
:10E87000B8F1000F56D0B8F1010F4DD123F042FC92
:10E88000D7E90032B3F5F07E42F1FF3C704571EB01
:10E890000C051CD23E460FCE04F128050FC596E8A4
:10E8A0000F0085E80F00C4E904EC2A4BA46184F84A
:10E8B0001C802362204600F029F968BB0120BDE8D6
:10E8C000F08125480221C9E724480121C6E7244DEB
:10E8D0002D780DB3984291411ED23E460FCE04F1E1
:10E8E00028050FC596E80F0085E80F00D7E900233B
:10E8F000C4E904231B4B2362A46184F81C80FFF746
:10E9000059FE94F83030002BD4D084F8498020464A
:10E91000FFF728FE0028CDD10121204623F05FFB20
:10E920000020CCE73E4600F128050FCE0FC596E843
:10E930000F0085E80F00D7E90023C4E90423012371
:10E940002377084BA4612362FFF734FEB2E700BFD0
:10E950007825002079E60100D824002088240020B2
:10E96000B8790020252004000146094810B58469C3
:10E970004CB194F84930022B05D123F0D1FB20B1E2
:10E98000052384F84930002010BD0120FCE700BFBA
:10E9900060240020034B185C884234BF0020012013
:10E9A000704700BFB979002008B500F019FB054B8E
:10E9B00004225A70FFF7FEFDFFF7F2FEBDE80840A3
:10E9C000FFF7F8BDB9790020034B01221A70034B01
:10E9D00000225A70FFF7E4BEB6790020B979002012
:10E9E00008B5044B04221A70FFF7E4FDBDE80840A7
:10E9F000FFF7D6BEB979002008B5044B04229A70FF
:10EA0000FFF7D8FDBDE80840FFF7CABEB97900207E
:10EA100008B5044B02229A70FFF7CCFDBDE8084010
:10EA2000FFF7BEBEB9790020014BFF221A70704774
:10EA3000BD79002037B5114D2B681B6804469847F7
:10EA40000F4B58B11A78FF2A08D12046F0F74CF83E
:10EA50002B685B6803B0BDE830401847D3E84F2F00
:10EA6000D2B28DF807209DF80720C3E8424F002A54
:10EA7000F4D10028ECD103B030BD00BF58330020E2
:10EA8000BD790020064AFF23D2E84F0FC2E8413F7C
:10EA90000029F9D1C0B2FF2801D0F0F725B870479E
:10EAA000BD790020024B1878FF3818BF012070474D
:10EAB000BD79002038B50C4CA4F10805204623F0A0
:10EAC000C5FB60B1284623F0BCFB48B1D0E900018A
:10EAD000EFF7FCFA204623F0C8FB0028EED138BD42
:10EAE000EFF7FCFAF6E700BF7C33002010B5064CC8
:10EAF000204623F037FB04F1080023F0A4FBBDE817
:10EB00001040EFF797BA00BF7433002010B50446E9
:10EB100040B3037FDA0701D5036A1BB3BFF35F8FEE
:10EB200000232372BFF35F8F0122D4E904011EF09A
:10EB3000E7FB0B460246C4E90023237F9B0707D56A
:10EB4000626AEFF735FB01280ED002280ED078B9A3
:10EB50000848094B0C22214623F008FBFFF7AAFFC7
:10EB6000002010BD0120FCE70220FAE70320F8E7AF
:10EB70000420F6E774330020CB20040010B50446CF
:10EB800070B101460C22084823F018FB50B1237FD6
:10EB90009B0701D5EFF7A0FBFFF78CFF002010BD0E
:10EBA0000120FCE70520FAE77433002037B50F4A4F
:10EBB000CDE900016B460E480C2123F01FFB0446F3
:10EBC000FFF778FF7CB1257FAA0707D5BFF35F8FDA
:10EBD00001232372BFF35F8FEFF77EFBEB0702D5B4
:10EBE000236A2046984703B030BD00BFEF200400E1
:10EBF00074330020F0B5430B164D43EAC1434E0B6E
:10EC0000A3FB053405FB06441B0F43EA0413240F42
:10EC1000650243F6095C45EAD3555E02A3FB0C3757
:10EC2000C01A0CFB04740C4B61EB040440F231413C
:10EC3000414303FB0411A0FB03030B4422B1013841
:10EC400047F6FF7243EB0203DB0B981945F1000115
:10EC5000F0BD00BFD07B63087B2DE8BD084A08B536
:10EC600000231370074A1360074A1370EFF752F935
:10EC7000064AD2F8083843F48043C2F8083808BD81
:10EC8000C079002080330020BE79002000F00140D0
:10EC900010B5EFF781FA0446EFF75CF90A4B4FF431
:10ECA0000052C3F87845C3F87C05C3F80425074B28
:10ECB00000221A70EFF742F9EFF750F9EFF750FA28
:10ECC000034B01221A7010BD00F00140BF790020F3
:10ECD000C079002010B50B4B00241C70EFF734F9FD
:10ECE000EFF754FA084B4FF40052C3F88045C3F8CD
:10ECF0008445C3F84849C3F80825C3F87845C3F8E4
:10ED00007C4510BDC079002000F0014038B50A4CA8
:10ED10000023C4F88035C4F88435C4F84839056840
:10ED2000EFF74AF9054BC4F88055C4F88405C4F8D8
:10ED300048390123236138BD00F0014014F001403F
:10ED4000274B1B782DE9F041064603F0FF08002B06
:10ED500037D0244FEFF734F9BB68C51A224B187827
:10ED600028B3224B1968CB1711F58002A5FB01ECE3
:10ED700005FB03CC43F1000311F5800FACBF00216C
:10ED80000121B1EBDC7F4FEAD3741DD0A41843F10D
:10ED90000001640844EAC17464424FEA610161EB16
:10EDA000410114EB0E004CEB0101E1F7EBF9D7E95F
:10EDB0000023AD1843F100032D1A63EBE073C6E99D
:10EDC00000534046BDE8F081A41843F100016408F7
:10EDD00044EAC17414EB0E004CEB6101E5E700BF9F
:10EDE000BF790020C8250020BE7900208033002094
:10EDF0002DE9FF476D461022002128461DF0F3FA49
:10EE0000404B1B78002B77D002A8EFF7B7F800280B
:10EE100075D03D4E3D4C3378002B0CBF4FF480072E
:10EE20004FF08077EFF7BEF91EF06CFADFF8E4C020
:10EE30009CF80030CDE900012BB32268A168C2F52F
:10EE4000001E521A02990A448644101A90EA9E52F1
:10EE50004FEA9E534FEADE5E4BBFA0EB0E008644A6
:10EE600090FBF3F09EFBF3F03378294A43B113682B
:10EE7000C3EBC30318182BD5031F48BFC31CD810FE
:10EE80000123106033704FF000088CF80080BFF34E
:10EE90005F8F95E80F0084E80F00BFF35F8F4FF09E
:10EEA00001098CF80090EFF759F823F02BF9D4E919
:10EEB0000032B0EB030A61EB02051EF033FAA7EB58
:10EEC0004007574578EB050505D2EFF749F913E000
:10EED0000430C010D4E73378D4E90001002B0CBF14
:10EEE0004FF480034FF08073C0184A4641F100018F
:10EEF0001EF006FAEFF742F904B0BDE8F087EFF72D
:10EF00002DF8E2E7C0790020BE790020C825002056
:10EF100080330020BF79002073B50023134D144CBB
:10EF2000144E8DF80730284623F090F9A0B10DF16A
:10EF30000700E4F75DFB9DF8073013F004030DD0E4
:10EF4000237823B9012330782370FFF755FD284635
:10EF500023F08BF90028E6D102B070BD2278002A98
:10EF6000F5D030782370FFF753FDF0E784330020AD
:10EF7000C1790020C279002008B5034823F063F965
:10EF8000024B00221A7008BD84330020C179002092
:10EF9000032807B5114A09D801280BD81BD0002334
:10EFA000137003B05DF804EBE4F71CBB0428F6D142
:10EFB000022301E001230220137001238DF80400D5
:10EFC0008DF8053001A800238DF80630E4F704FB26
:10EFD00003B05DF804FB0346EEE700BFC2790020F2
:10EFE00008B50448E4F70AFBBDE808400020FFF735
:10EFF00093BF00BF19EF01002DE9F0410D4698467F
:10F0000006461746AD0008F0D1FA254C012E45EA18
:10F01000C8158CBF0023012340F2516245EAC705A1
:10F0200045EA4305A4F8A6273423A4F8AA2700221A
:10F0300084F8A33784F8AC27122394F8382E84F888
:10F04000A437002E4FF06C0384F8A53742F64143F5
:10F0500018BF4FF43053D206A4F8A83744BFC3F307
:10F060000803A4F8A837B4F8A01794F83A3E84F837
:10F07000A25713F0600F21F0070118BFB4F8A837AA
:10F0800041EA060101F0E70141EAC02118BF23F47B
:10F090005643A4F8A01718BFA4F8A837BDE8F0811C
:10F0A0008833002070B5144D144E4FF400630024D3
:10F0B000A5F8B437092385F8AF47C5F8B04785F8F8
:10F0C000B63785F8FC4705F2AF75E1B236F8022B8A
:10F0D0002846013423F0E2F8082CF6D1084D094EF9
:10F0E00000242146013415F8012B3046E4B223F008
:10F0F000E5F8092CF5D170BD88330020D053040009
:10F10000AB820400373B0020054B93F84923003ABB
:10F1100018BF0122012311460220FFF76DBF00BF77
:10F120008833002013B5134C94F8FC37072B09D80B
:10F130005A1C84F8FC2704EB8304C4F8DC07002085
:10F1400002B010BD0C4B1B6883B91EF035F80146A8
:10F1500060B994F8FC370193042300934FF449629B
:10F1600040F243134FF0FF3024F024FC6FF01C00FA
:10F17000E6E700BF883300209C42002073B5F6F715
:10F18000B1FCF7F7EFFA43681D78224B1B6893B97F
:10F190001EF012F878B9F7F7E5FA43681B78019387
:10F1A000042300934FF4496240F2551301214FF0BC
:10F1B000FF3024F0FFFB0024A5420BD8F6F7ECFC4F
:10F1C00028BB40F25D114FF4496002B0BDE87040C9
:10F1D0000BF0CEBAF7F7C6FA4368D3F8013053F80C
:10F1E0002430D3F81500A600FFF79CFF28B140F2A9
:10F1F00059114FF449600BF0BBFAF7F7B3FA4368C3
:10F20000D3F801309859F6F79DFC0134D4E702B0E9
:10F2100070BD00BF9C420020034B93F8442560F36F
:10F22000C30283F84425704788330020024B93F8CB
:10F230005605C0F34000704788330020034B93F815
:10F24000552560F3C30283F85525704788330020A5
:10F25000034B93F855256FF3C30283F85525704788
:10F2600088330020024B93F85505C0F3C000704767
:10F270008833002001480AF06BBC00BF60380020D2
:10F2800008B50449044808221DF07BF8B0FA80F064
:10F29000400908BDDE8204006038002008B504493A
:10F2A000044808221DF06DF8B0FA80F0400908BD4E
:10F2B000D682040060380020014608B508220348C1
:10F2C0001DF05FF8B0FA80F0400908BD60380020FA
:10F2D000014B93F80405704788330020014924F05E
:10F2E00016B800BF543800200A460146014824F0F1
:10F2F00021B800BF543800200146014824F033B83B
:10F300005438002038B5054D0446284624F0D8F876
:10F3100021462846BDE8384024F0C3B854380020C0
:10F32000014824F0C2B800BF54380020014824F03E
:10F33000BFB800BF5438002008B5431EDBB2EF2B26
:10F3400008D8F6F7CDFD38B9044B93F83A0EC0F360
:10F35000C00008BD0020FCE70120FAE78833002048
:10F360002DE9FF47164D074688469146002695F839
:10F370005C35F4B2A34204D8FF24204604B0BDE8B3
:10F38000F0873946684609F025FFD5F8643502A8AC
:10F3900013F8241009F01EFF08220DEB0201684645
:10F3A0004FEA840A1CF0EDFF40B9D5F864355344A8
:10F3B0005A78424502D15B884B45DED00136D6E70C
:10F3C00088330020F0B5082185B0044623F0E9FE1B
:10F3D000082201460DEB02001CF0FAFF0621204630
:10F3E00023F0DFFE1B4ABDF80A609DF8085092F832
:10F3F0005C35D2F86415002293420FD80570934211
:10F40000BDF80A10418094BF0023012303710398C3
:10F4100078B121460FF080F905B0F0BD4F88B742B2
:10F4200004D14F78AF42E9D0FF2DE7D0013204314B
:10F43000E2E7094B1B68002BEED11DF0BDFE014633
:10F440000028E9D10090822364224FF0FF3024F09D
:10F45000B1FAE1E7883300209C4200202DE9F04F0B
:10F460001C218BB0074623F09CFE002201210DF1E8
:10F47000160305468DF817200AF008FB014660B117
:10F48000384623F01BFFA869002800F01E8139468A
:10F490000FF042F90BB0BDE8F08F284600F02AFDCE
:10F4A00010F12B0F014601D00028E9D16A89297A91
:10F4B0009DF81600874CFFF753FFFF28804694F80D
:10F4C000082E08BF94F85C8594F85D35424501D854
:10F4D0008149D5E794F8092E9A42F9D92B7B032B61
:10F4E0005AD101210DF11703002205F10D000AF098
:10F4F000CDFA01460028C3D194F85C35434563D169
:10F50000D4F864259DF816100FFA88F34FF001091E
:10F5100002F82310D4F86425297A02EB8302517093
:10F52000D4F86425698902EB8302518094F85C3534
:10F53000013384F85C352A7BD4F86835032A40F01F
:10F540008D809DF8173095F815B003930026D4F8F8
:10F55000682502EBC6024FEAC60A9279032A36D121
:10F56000039906A809F036FED4F86825524408A885
:10F57000117909F02FFE082208A906A81CF001FF46
:10F5800028BBD4F868255244517959451FD1D27906
:10F5900042451CD1F6B222E0012BADD04F4B1B6887
:10F5A0000BB14F496CE71DF007FE01460028F8D16A
:10F5B0002B7B01930423009364224FF4BB734FF021
:10F5C000FF3024F0F7F9ECE74FF00009B3E794F8C7
:10F5D0005D150136F2B29142B9D894F85D6594F8A0
:10F5E0005D35B34258D1297BD4F8682503294FEA09
:10F5F000C60302EBC60246D19171D4F868259DF886
:10F6000017101A441171D4F86825697D1A44517194
:10F61000D4F868251A44002182F8078094F85D35F3
:10F620003846013384F85D3523F048FE9DF8160016
:10F6300009F0E6FE20B14FF4DF7164200BF098F87A
:10F640002B7B032B2FD19DF8170009F0D9FE50B367
:10F6500040F2C31164200BF08BF824E0B5F80D00E4
:10F6600094F85D1500269A79012A05D19A8882427C
:10F6700002D1DA7942458DD00136F2B2914203F1DE
:10F680000803F0D8A9E701219171D4F86825B5F8ED
:10F690000D101A449180BBE70021384623F00EFE7E
:10F6A000B9F1000FC2D10CF045F80B200EF00CFCA4
:10F6B0000F200EF009FC0CF04BF8D4F82836002B84
:10F6C0003FF4E1AE30469847DDE638460AF0BEFC2E
:10F6D000E0E600BF8833002052FBFFFF9C42002081
:10F6E0005CFBFFFFF7B52A4D002695F85C35F4B2B8
:10F6F000A34234D8274F00243B68A34231D840228C
:10F70000002125481CF06FFE00200BF057F80CF08C
:10F7100011F80B200EF0D8FB0F200EF0D5FB03B034
:10F72000BDE8F0400CF014B8D5F8683503EBC2031F
:10F73000DA79A2420BD19A79032A08D1187909F013
:10F7400029FFD5F8643513F8240009F023FF0137A9
:10F7500095F85D35FAB29342E6D80136C5E7002741
:10F76000F6E7D5F89C6504EBC40033181B7A1F2B11
:10F770000BD90022305A0DF1070311460AF0BCF8EC
:10F7800018B99DF8070009F005FF0134B4E700BF80
:10F790008833002078000020E43800202DE9F84F5D
:10F7A000091A8618154FDFF858900446F6B2CDB204
:10F7B0006119B442C9B201D1BDE8F88FD7F8680524
:10F7C0000FFA81FA50F834B000EBC101082200EBC7
:10F7D000C4001CF0FDFD0FFA84F8D7F8683599F8DD
:10F7E000002043F838B0D7F86835013453F83A10A0
:10F7F00053F838001CF0ECFDE4B2D9E78833002060
:10F80000E80400202DE9FF41654C0646002594F8E8
:10F810005D35AB4213D84FF0000894F85C35434592
:10F8200044D8002594F85C25AA4240F2AC80D4F874
:10F83000680594F85D650023194607308CE0D4F81C
:10F84000683503EBC503EF009B79032B2CD13146C0
:10F85000684609F0BFFCD4F868353B4402A8197922
:10F8600009F0B8FC08220DEB020168461CF089FD86
:10F87000D0B9D4F868353B441879DF7909F08AFEAD
:10F88000D4F8643513F8270009F084FE94F85D2558
:10F89000013AE8B2D2B284F85D25411C121AD2B204
:10F8A000C9B2FFF77BFFB2E70135B0E731466846E2
:10F8B00009F090FCD4F8643502A813F8281009F078
:10F8C00089FC08220DEB020168461CF05AFD4FEA44
:10F8D000880708F101030546B0BB94F85C25D4F80D
:10F8E0006405013AD2B284F85C25391DA2EB080206
:10F8F0000144920038441CF054FDD4F8683503EB01
:10F90000C503DA79424519D1187909F043FED4F8D4
:10F910006435D85D09F03EFE94F85D25013AD2B217
:10F92000E8B284F85D25411C121AD2B2C9B2FFF7C1
:10F9300035FF94F85D359D42DFD36EE784BF02F159
:10F94000FF32DA710135F4E7984666E710F8313096
:10F950005F1B7B427B410131B14203D2002BF5D0CA
:10F9600001355FE7002BFBD1013AD4F86435A800DC
:10F97000D2B284F85C25011D521B92001944184430
:10F980001CF00FFD4EE70BF0D5FE0B200EF09CFA9D
:10F990000F200EF099FA04B0BDE8F0410BF0D8BE8C
:10F9A000883300202DE9F0431C2185B0064623F062
:10F9B000F8FB00220DF10E03114605468DF80E20CE
:10F9C0008DF80F200AF062F80446002840F0C78046
:10F9D0006A89297A9DF80E00FFF7C2FCFF280746C6
:10F9E00001D164490FE02B7B032B19D121460DF186
:10F9F0000F03224605F10D000AF048F810F11C0F24
:10FA00000146EED018B3304623F058FCA869002810
:10FA100000F0AC8031460EF07FFE05B0BDE8F0830B
:10FA2000012B14D0544B1B68002BDAD11DF0C4FB02
:10FA300001460028D5D12B7B019304230093642237
:10FA40004FF43D734FF0FF3023F0B4FFC9E7284671
:10FA500000F050FA10F12B0F014615D00028D2D13A
:10FA6000DFF818810C468946D8F8683503EBC903DE
:10FA7000DA79BA4205D12A7B032A07D0012A60D05D
:10FA8000012409F101091CE00021E9E79A79032A20
:10FA9000F6D118799DF80F209042F1D15A796B7DFB
:10FAA0009A42EDD198F85D25013A5FFA89F0D2B219
:10FAB00088F85D25411C121AC9B2D2B2FFF76EFE5A
:10FAC000012198F85D354B45CED8002C43D198F8EC
:10FAD0005C25D8F86405013A3BB2D2B29B0088F8A5
:10FAE0005C25191DD21B0144920018441CF059FCDE
:10FAF000D8F8683503EBC4030134DA7997423CBF88
:10FB000002F1FF32DA7198F85D35A342F0D8002196
:10FB1000304623F0D3FB9DF80E0009F03BFD2B7B14
:10FB2000032B03D19DF80F0009F034FD0BF002FE0A
:10FB30000B200EF0C9F90F200EF0C6F90BF008FEED
:10FB400064E7987901289BD19A88B5F80D309A42DC
:10FB5000A8D0044695E700293FF443AFD7E710F15A
:10FB60001C0F14BF6FF03D0101464CE730460AF010
:10FB70006DFA52E75CFBFFFF9C42002088330020B7
:10FB80000A460146014800F0FBB900BF2C390020AD
:10FB90000A460146014800F05BBA00BF2C3900203C
:10FBA00038B50C4C04F21465D4F8102622B9BDE81F
:10FBB0003840094822F09CBBD4F80836E85C013391
:10FBC000013A03F00703C4F81026C4F808360AF017
:10FBD0003DFAE9E7883300202C39002037B50821A9
:10FBE000054623F0DEFA0822014668461CF0F0FBC9
:10FBF0009DF80200FFF7A0FB28B3BDF80000431EEC
:10FC00009BB24FF6F67293421DD89DF80210FFF793
:10FC1000B7FF104B9842044603D013200EF054F95E
:10FC200000240821284623F0BCFABDF800300380E8
:10FC30009DF8023083704460019830B129460EF07F
:10FC40006BFD03B030BD044CEBE728460AF0FEF92B
:10FC5000F7E700BF52FBFFFF5AFBFFFF37B5082154
:10FC6000054623F09EFA0822014668461CF0B0FBC8
:10FC70009DF80200FFF760FB10B3BDF80000431EC3
:10FC80009BB24FF6F67293421AD89DF80210FFF716
:10FC90007FFF044610B913200EF016F908212846FC
:10FCA00023F07FFABDF8003003809DF802308370A6
:10FCB0004460019830B129460EF02EFD03B030BDEE
:10FCC000024CEBE728460AF0C1F9F7E75AFBFFFFC1
:10FCD0002DE9F04F082187B0064623F062FA08228A
:10FCE000014604A81CF074FB9DF81000FFF724FBEC
:10FCF000804600286ED03B4FDFF8ECA097F8044612
:10FD00004FF00C0909FB047505F299550023BCB9A5
:10FD1000002B5BD1344B1B68002B49D0334C08219E
:10FD2000304623F03EFA9DF8103003704460059889
:10FD3000002852D031460EF0EFFC07B0BDE8F08F3E
:10FD4000697A9DF81000013C2A464FF0000B594596
:10FD500029D912F801CF844527D1DAF8003073B9D8
:10FD60001DF02AFA014650B908230093CDE9014B52
:10FD700040F2314364224FF0FF3023F01BFE97F82E
:10FD80000426531EA34208D9121B09FB02F20C3AA7
:10FD900005F10B01681E1CF004FB97F80436013BCB
:10FDA00087F8043643460C3DB1E70BF1010BCEE773
:10FDB0001DF002FA0028B1D1009440F242436422BF
:10FDC00021464FF0FF3023F0F5FDA7E713200EF09A
:10FDD0007BF8A4E76FF01604A1E730460AF036F985
:10FDE000ABE700BF883300209C4200205BFBFFFF95
:10FDF0000146014822F0A6BA2C39002010B5094B63
:10FE000093F8041600228A4201D3002010BDB3F8F3
:10FE1000A445844203F10C0301D00132F3E7012031
:10FE2000F4E700BF88330020F0B50E4C94F85E551F
:10FE3000002326460C27AB4201D3FF200EE094F8A6
:10FE40006CC584450BD107FB036CBCF86DC58C45B4
:10FE500005D194F86FC5944501D1D8B2F0BD0133F6
:10FE60000C34E8E7883300202DE9F7431F4D95F85F
:10FE70005E45032C8146884617461E4615D91C4B05
:10FE80001B6823B16FF0400003B0BDE8F0831DF0A4
:10FE900093F901460028F5D100903D2340F65A021F
:10FEA0004FF0FF3023F086FDECE7FFF7BDFFFF28A2
:10FEB00019D084420BD10C2303FB0053013483F887
:10FEC0006C95A3F86D8583F86F7585F85E450C23F6
:10FED0004FF4AE6213FB00203146082228441CF088
:10FEE00077FA0020D0E72046E5E700BF88330020FE
:10FEF0009C42002038B5012241890446007AFFF770
:10FF000093FFFF2833D01B4B93F85E2582422ED0FF
:10FF10004FF4AE620C2515FB00251D44164908223E
:10FF200028461CF02EFA08B9282038BD13490822AB
:10FF300028461CF026FA0028F6D0237B032BF3D1A9
:10FF40000D340D49082220461CF01BFA0028EBD086
:10FF50000A49082220461CF014FA0028E4D008229E
:10FF6000294620461CF00DFA0028DED0DCE76FF0B1
:10FF70002A00DAE788330020DE820400D6820400FB
:10FF8000F7B590F8605000230C269D420CD8082B42
:10FF90004DD00C246343C418C15201231D44A270E8
:10FFA000A37280F8605014E006FB03F4075B8F42F5
:10FFB0003BD1011901348D7A044400218D420AD8C5
:10FFC00008290ED00C2404FB0303194401358A7060
:10FFD0009D72002409E014F8016F9642F9D00131B6
:10FFE000ECE7194B1B689BB1184C174B1B6863B9A6
:10FFF0001DF0E2F8014640B904230093019449231F
:020000040002F8
:1000000065224FF0FF3023F0D5FC204603B0F0BD51
:100010001DF0D2F801460028E6D100903523652274
:100020004FF0FF3023F0C6FCDEE70133ADE7064BAF
:100030001B68002BD8D11DF0BFF801460028D3D192
:1000400000904523EBE700BF9C42002052FBFFFFDE
:100050002DE9F043002390F86050044685B08846AF
:1000600091460130AB4205D3284B1B68002B3DD095
:10007000274822E030F8012C424504D1477A024655
:100080000026BE4202D301330C30EBE712F8011F09
:10009000494529D1012F13D00C255D43E91CA81C2B
:1000A0007A1E254431443044921B214420441CF0E4
:1000B00078F9AB7A013BAB72002005B0BDE8F08364
:1000C0006A1E9A420AD90C2101FB03F0EA1A4A433C
:1000D00041180C3A214420441CF063F994F8603034
:1000E000013B84F86030E7E70136CAE71DF064F8A9
:1000F00001460028BCD108230093CDE9018974236F
:1001000065224FF0FF3023F055FCB1E79C42002000
:100110005BFBFFFF084B094AD3F8603512781A449D
:10012000934201D10020704713F8011B8142F7D19F
:100130004FF0FF30704700BF88330020E9040020F3
:100140000B4A30B500231546C3EB03142C44B4F816
:100150002C46844203D192F82E468C4206D00133BD
:10016000032B02F10F02EFD1FF2030BDD8B2FCE724
:10017000883300201049F0B50023A1F5C6654FF67D
:10018000FF76C3EB03122A44B2F82C26B24209D000
:100190000C46082214F8017F87420AD0013A12F077
:1001A000FF02F7D10133032B01F10F01E9D1FF2049
:1001B000F0BDD8B2FCE700BFB8390020F7B54FF06A
:1001C000FF3301931D4B057993F84045C378611EB9
:1001D000CA18B2FBF4F2013AD2B2954203BF03F15E
:1001E000FF33B3FBF4F204FB1233CAB208BFDAB236
:1001F000002101AD012750FA81F4CBB2647954B9E2
:10020000DE0803F0070355F8264007FA03F324EA53
:10021000030445F826400131CBB29A42EBD2827BEF
:10022000074B02F01C02D340DB0744BF4FF0FF3303
:1002300001939DF8040003B0F0BD00BF8833002097
:100240000001110010B5084B002293F84045031D32
:10025000D1B28C4201D8002004E013F8010F013222
:100260000028F5D010BD00BF88330020084BD3F81C
:100270009C3500EBC0000344187A00F0E000202811
:1002800004D0A0F140035842584170470120704704
:100290008833002038B50C4B1C680C4BD3F89C55A8
:1002A00001460022D0B2A04201D3002038BD00EBAD
:1002B000C0032B44DB798B4203D1FFF7D7FF002823
:1002C000F4D10132EEE700BF78000020883300202F
:1002D0000D4BD3F8D006A8B193F8872692B993F8BE
:1002E0008A267AB9D3F8C82603F2D4610138895C2A
:1002F000C3F8D006013202F001020448C3F8C82650
:100300000EF00ABA704700BF88330020BD0F02000C
:10031000F7B52B4D002206460F46B5F83C030DF10C
:100320000703114609F0E8FA0446E8B9397AB7F844
:1003300009209DF80700FFF713F8FF28014613D0A6
:10034000204F2346FF22A4463878DCB2A0420DD8C5
:10035000FF2A09D0DFF870E0C2F3C704002095F847
:100360005D65C3B29E420CD803B0F0BDD5F8600500
:1003700010F804E0B64504BF00F804C0224601337B
:10038000E2E7D5F8686506EBC30C9CF807C08C451E
:1003900013D197F800C094450FD99EF800C0A4452A
:1003A0000BD956F833C002F0070301269E401CF813
:1003B000043023EA06030CF804300130CFE700BF15
:1003C00088330020E9040020E8040020F8B56FF02D
:1003D0000404084E451D241A002796F84025631989
:1003E0009A4200D8F8BD287810B109F02FFE2F707E
:1003F0000135F2E7883300202DE9F843124E00253D
:10040000A6F22C674FF6FF78C5EB05143C44B4F810
:100410002C36434510D094F83A36C3F38203052BAB
:100420000AD1737B43B93046FFF7D0FF4FF0FF335B
:1004300084F82C3684F82D360135032D06F10F068D
:10044000E2D1BDE8F88300BFB439002010B5144CE8
:10045000D4F89C2500EBC0031A440146107A6FF3D0
:1004600047101072D4F89C254FF0FF30D0541A4436
:100470005070D4F89C251A44D0710A4800220EF01E
:1004800051FC94F8A03523B941F2BE6169200AF00D
:100490006FF994F8A035013B84F8A03510BD00BF7A
:1004A0008833002055250200F8B5094E094F05464E
:1004B000002496F84025E3B29A4200D8F8BD2B44B8
:1004C000597919B1002238460EF02CFC0134F0E7BE
:1004D00088330020710902007FB502A909F038FABB
:1004E000024618B1002007B05DF804FB01460C4835
:1004F0000DF10703B0F83C0309F0FEF90028F1D133
:100500009DF8071004A808F065FE082204A90DEB69
:1005100002001BF036FFB0FA80F04009E3E700BFAD
:10052000883300202DE9F04F734C054694F85A06A5
:1005300085B070B194F8632694F8403502FB033619
:1005400012FB03F2D2B25FFA82FB834501D29642DC
:1005500005D8002D45D0284609F078FD41E004EB90
:10056000DB010BF0070A91F85B1621FA0AF1C907C3
:100570004FEADB0702F10102E5D45E46A21992F8C8
:10058000641699B98DB194F8899694F8888682F8A2
:100590006456484622F0D7FC08FB0BF8804526D36A
:1005A00040F2967169200AF0E3F80025264496F897
:1005B0006416002954D1514822F06AFC054680B1E6
:1005C0004F4B1B686BB91CF0F7FD014648B904237B
:1005D000009301954FF4F46369224FF0FF3023F04C
:1005E000E9F9002384F88A3605B0BDE8F08F484663
:1005F00022F0A9FC94F88816A0EB080292B28A4275
:1006000028BF0A4611462846039222F0E4FC4146E0
:100610000290484622F0A8FC0146DDE902021BF0E8
:10062000D7FE1821484622F0BCFD182180462846F6
:1006300022F0B7FD1822414605461BF0C9FEBBF16A
:10064000000F0AD101236B7594F85AB62B7C85F8FC
:1006500016B043F00C032B74A7E702226A75F5E786
:10066000E3194FF0010893F85B2608FA0AF85FFADD
:1006700088F848EA020283F85B2693F85F3623FA8B
:100680000AF3DB072DD494F83F254FF47A7043F634
:10069000FF3300FB02334FF470521A48B3FBF2F2FF
:1006A0000EF076F994F83F2514484FF47A712744F8
:1006B00043F6FF3301FB02334FF470520021B3FBCA
:1006C000F2F20EF065F997F85B3648EA030887F80E
:1006D0005B86002D88D0284605B0BDE8F04F09F0B4
:1006E000B5BC13F089F996F8641607480EF014F8B3
:1006F000062011F0E1F9D5E7883300202505020036
:100700009C420020B91202000D7002002DE9F04158
:10071000CDB204462846884622F0D8FD1C21064664
:10072000284622F03EFD294BB0F8051093F804E668
:1007300000221F46964519D9B3F8A4C58C4503F18C
:100740000C0311D10C2303FB027797F8AE35B342AB
:100750000DD93744A4B997F8A635C37129461C486A
:10076000BDE8F0410DF0D8BF0132E3E7EAD12846F9
:1007700009F06CFC44B32046BDE8F04109F066BCCA
:100780002946204622F0F6FB1C21204622F009FDD6
:1007900097F8A635C371711CC9B2284622F09DFD99
:1007A00021460B480DF0B8FF284605F045FF0948E3
:1007B0000022414622F091FB30B142460548BDE897
:1007C000F04100210DF0FEBFBDE8F081883300202C
:1007D0004D4903000D070200134A002110B40846DA
:1007E000144692F891363BB1013BDBB282F8913668
:1007F00011B9191E18BF012101300A2802F10602A1
:10080000EFD194F8D83661F3820384F8D8365B07C9
:1008100007D506485DF8044B40F6E44200210EF08F
:10082000B7B85DF8044B704788330020D907020041
:10083000F8B5837B9A0704460AD56FF34103094E46
:10084000094F8373002596F84025EBB29A4200D8F1
:10085000F8BD2344597919B1002238460EF062FAE6
:100860000135F0E7883300201D0A020038B5028800
:100870004FF6FF739A4204460D4604D140F6CF214D
:10088000692009F075FF2046FFF70EFE2046FFF7AE
:10089000CFFF607B08B109F0D9FBDDB1A37B03F08A
:1008A0001C03142B04D040F6DC21692009F060FF02
:1008B0000B4B0C4893F84933002B0CBF4FF4A56247
:1008C0004FF4C67200210EF063F82046BDE83840B0
:1008D000FFF77CBD4FF0FF3323706370F5E700BF77
:1008E00088330020F903020070B51F4EC0EB0013DF
:1008F0003344054693F83A2602F01C020C2A08BF3E
:1009000093F83A264FEA0014A4EB050404BF042030
:1009100060F38402344408BF83F83A2696F84035E1
:1009200094F82F26C9B20B44934217DB94F83A3659
:1009300003F01C03142B11D194F839160B480DF059
:10094000EBFE002384F839360F2303FB05600121F9
:10095000BDE8704000F22C60FFF788BFBDE8704032
:10096000012013F005B800BF883300204D49030073
:1009700010B5FFF7FFFBFF28044604D140F61B51DA
:10098000692009F0F5FE06480F2340F22C6213FBA4
:1009900004230021BDE810401844FFF767BF00BFE3
:1009A00088330020F8B51B4F97F83B3EDA06044623
:1009B0002FD4C0EB00133B440F2593F83A3605FBC8
:1009C00000759B0705F22C654FEA001602D52846F4
:1009D000FFF72EFF331B3B44284693F83A2642F09C
:1009E000020283F83A26FFF72DFC044620B940F6B0
:1009F0007651692009F0BCFE97F849330648002B70
:100A000040F22622214618BFA522BDE8F8400DF08D
:100A1000BFBFF8BD883300201D0A020037B5FFF7BD
:100A2000A9FBFF28044604D140F69241692009F051
:100A30009FFE1B480022214622F04FFA054680B156
:100A4000184B1B686BB91CF0B7FB014648B904236F
:100A50000093019540F6974369224FF0FF3022F052
:100A6000A9FF114B93F84025012A16D9022C14D85E
:100A7000C4EB0412134403F5C66193F83A365F2BB6
:100A80004FEA531209D8013262F3471320468B72A2
:100A900003B0BDE83040FFF785BF03B030BD00BFF5
:100AA000091B02009C4200208833002037B5104DFE
:100AB00095F88A36ABB90F4822F0EAF9044690B1AE
:100AC0000D4B1B686BB91CF077FB014648B904233A
:100AD0000093019440F25E7369224FF0FF3022F0E0
:100AE00069FF03B030BD012385F88A36F9E700BFFE
:100AF00088330020250502009C42002038B50021E3
:100B00000546012022F09EF9044630B12A462146CE
:100B10000748BDE838400DF055BE284605F08CFD6D
:100B200003482246294622F0D8F90028EED138BDE4
:100B30000D07020038B5FF2022F0ACFE204C214DFD
:100B400084F8C80400234FF0FF312A689A422AD85B
:100B50002D2200211C481BF046FC4FF6FF724FF07F
:100B6000FF33A4F82C2684F83B26002133221748B3
:100B700084F83C36A4F84A361BF035FC012384F88F
:100B80004035322384F83F3502F0A0FE104B1B782D
:100B900084F8083E0F4B1B7884F8093E4FF6FD732E
:100BA000A4F8463E38BDD4F89C2503EBC3000133BE
:100BB000115402445170D4F89C250244D171C4E709
:100BC0008833002078000020B4390020E13900206B
:100BD000E7040020E604002037B5144D95F83B4E9D
:100BE00014F008041ED10DF107032246012108F07C
:100BF00083FE70B99DF807202B4693F8911619B122
:100C000093F88C16914207D001300A2803F10603AD
:100C1000F3D1002003B030BD062303FB0055B5F827
:100C20008E06F7E74FF42470F4E700BF8833002006
:100C300037B5144D95F83B4E14F008041FD10DF153
:100C400007032246012108F057FE78B99DF80710E6
:100C50002A46234692F8910618B192F88C068842EB
:100C600007D001330A2B02F10602F3D1204603B06C
:100C700030BD062202FB035595F89046F6E7522454
:100C8000F4E700BF883300202DE9F7430D461646F0
:100C90000DF107030022012108F02EFE68BB294A4E
:100CA0009DF807C0FF24234617464FF0060892F828
:100CB00091E6C1B2BEF1000F22D092F88C96E145C8
:100CC00022D10B46062202FB0373142283F88CC642
:100CD000A3F88E5683F8906683F8912697F8D83655
:100CE0005A07C3F3800108D443F00403164887F879
:100CF000D83640F6E4420DF04BFE03B0BDE8F08379
:100D0000FF2B03D10B460AE0FF2C18D0092C06D884
:100D100008FB047999F89196F14588BF0C4601309B
:100D20000A2802F10602C2D1FF2B08BF2346092B75
:100D3000C8D94FF43371692009F01AFDCEE70C468B
:100D4000EDE700BF88330020D907020070B50E46DA
:100D500086B01821054622F024FA04461422002108
:100D600001A81BF040FBE37B8DF81230A389ADF89E
:100D70000C3020686168CDF8136001AB03C33146C5
:100D8000284622F09BFA0023142128468DF81730BC
:100D900022F007FA142201A91BF01AFB2946024887
:100DA0000DF0BAFC06B070BD05FA02002DE9F84F4F
:100DB000344C054694F85A060E4604F2636200234A
:100DC000D9B2884208D8304B19680023DAB2914270
:100DD00003F10103FAD84EE012F8011FA94203F112
:100DE0000103EDD1DFF8A0804FF0000927E0234494
:100DF00093F864A6BAF1000F1FD000273A4613E01B
:100E0000D4F89C3505EBC5010B44DB7953450AD179
:100E10002846FFF72BFA002814BF8346934628463E
:100E2000FFF714FB5A460137D8F80030FDB29D4257
:100E3000E6D312B9504609F009F909F1010994F80D
:100E40005A265FFA89F39A42D1D81048202200210D
:100E50001BF0C9FA002394F8895684F85A3684F8AE
:100E6000593684F8633684F8843684F8873684F8F3
:100E70008936FFF72DFA31462846BDE8F84FFFF7CF
:100E800065BF00BF8833002078000020EC390020C7
:100E90002DE9F047C0F381089146A8F103025542BD
:100EA0000C4655410646C70948460CBF08350A3569
:100EB00022F0F1F9237C13F0010A14D0B8F1020FEB
:100EC00056D013F0100314BF0D3505354FF0040153
:100ED000484619BFEDB24FF0010AEDB29A4646F00E
:100EE000200622F0A2F92946484622F06AF9F306C4
:100EF0000546067004D540F69301692009F038FCD8
:100F0000B8F1030F37D123886B7023881B0AEA1CC2
:100F1000AB706389137063891B0A537023899370C4
:100F200023891B0AD370637B1371951D224B37B342
:100F300093F85A1619B3617D01F00301012901BF2D
:100F400093F8C81483F85916013183F8C81493F83C
:100F50005916517193F83B1E880602D593F83C1E32
:100F600051712846627D00F8022BA27D6A7016E05E
:100F70004FF0000AB7E7237B6B70AA1CC9E793F810
:100F8000C8145171013183F8C81493F83B1E8906C7
:100F900044BF93F83C1E51712846002FE1D1B206A0
:100FA00008D593F8491EC90952464900BDE8F047E3
:100FB00002F094B9BDE8F087883300202DE9F04FA6
:100FC000182185B0044622F0ECF80746204621F0AF
:100FD000BAFFAF4B1B68814643B93B896BB9AD483B
:100FE000214605B0BDE8F04F0DF096BB204698476E
:100FF0000028F2D105B0BDE8F08F3B7C03F00C0374
:101000000C2BECD1A44D95F887368BB195F85A1678
:1010100071B1002205F26360134610F8016F0133CD
:10102000DBB2A64208BF01229942F6D1002AD6D1EE
:101030001821204622F0B5F8037CDA0710D513F00A
:10104000100F0CBF49264126A6F118031FFA89FB91
:10105000DBB25B4506D33B7C23F008033B74BEE761
:101060005226F1E7FB7B032B48D1384608F070FD90
:101070004FF6FF739842804632D002233880FB73CC
:101080004FF6F773984503D9824821460DF044FB8B
:101090004046FFF721FA002836D022463946002084
:1010A000FFF7F6FE204621F0E9FE214602467B4886
:1010B00021F013FF00289DD0794B1B68002B99D19C
:1010C0001CF07AF80146002894D10423009301947F
:1010D00040F26D6369224FF0FF3022F06BFC89E72C
:1010E00070480022214621F0F8FE002882D06E4987
:1010F000204605B0BDE8F04FFFF728BE013B012BAD
:10110000F5D8B7F80080BBE74046FFF765FD82469B
:10111000E0B902462146654821F0DFFE0546002879
:101120003FF468AF5E4B1B686BB91CF045F8014695
:1011300048B90423009301954FF4D06369224FF01E
:10114000FF3022F037FC6FF01501D1E7834516D947
:10115000534B1B688BB91CF02FF8014668B91FFA76
:1011600089F3019308230093CDF808A040F28B6324
:1011700069224FF0FF3022F01DFC4D49B8E795F889
:10118000483E23BB4046FFF753FD1B28034614D8B7
:101190004046FFF74DFD424B1B680546002BECD146
:1011A0001CF00AF801460028E7D10823FF22CDE908
:1011B0000032029540F29763DAE73A7CD00702D416
:1011C0000A3BDBB205E0D1063BD4133BF9E7FF2B2A
:1011D000DED0D5F8D026002A49D195F88776002FA1
:1011E00048D195F88A16002944D11A3EF6B29E429B
:1011F0004FF01801204628BF1E4621F0D2FF3322AF
:10120000804639462B481BF0EEF8012385F88946C5
:1012100085F8873698F80F3085F88B36204685F8A4
:10122000886621F090FE741E0444B4FBF6F4FF2C93
:1012300009D8E7B285F85A7605B0BDE8F04FFFF758
:1012400035BC1B3BBDE7164B1B68002BF2D11BF0D6
:10125000B3FF0028EED104230093019440F24C73B5
:10126000692239464FF0FF3022F0A4FBE2E7012A61
:101270007FF469AFD5F8CC36E9180133013203F0B9
:10128000010381F8D446C5F8D026C5F8CC36B1E6BE
:10129000A4420020B912020088330020D9220200A3
:1012A0009C4200208D1F03005AFBFFFFB920030062
:1012B00060FBFFFFE13900202DE9F04F182191B0CC
:1012C000044621F06EFF90F80F80054624B940F2E5
:1012D0005F31692009F04CFA2B7CDE0703D504212D
:1012E000204621F0A2FF2B7CDFF83CB313F008036B
:1012F00011D19BF85A060BF26362D9B288420AD91F
:1013000012F8011FA14203F10103F6D140F273313B
:10131000692009F02DFAAB7B8DF8223002238DF87D
:10132000233000238DF824309BF8423E83F04003A5
:10133000C3F38013402120468DF8253021F075FF3E
:10134000B8F1000F40F0B4801821204621F029FFA9
:10135000B34F06460AABBBF83C0397F800904246F1
:10136000414608F0C9FA10B1AE4D29463CE17289F8
:10137000717B9DF82800FDF7F3FFFF280690F3D05E
:101380003B78DBF860255FFA88F7BB4204D84B4511
:101390000DD86FF04005E8E712F808108C4200F015
:1013A0009D8008F10108002908BFB946EBE702F863
:1013B00009404F4601230593012107F0070301FA75
:1013C00003FA5FFA8AF34FF0000EDFF85CC207936E
:1013D000C7F3C702CDF810E04FF0FF0920E001EBA2
:1013E000C308069898F80780804517D1059800280B
:1013F00066D0B9F1FF0F05BFDCF86015CC550021B0
:1014000001460CBF04910491DCF86815079851F867
:10141000331008BF99468B5C03438B540EF1010EC9
:101420009CF85D85DCF868155FFA8EF39845D6D890
:101430000FFA89F901EBC9087B4B98F80700D3F83C
:10144000641598F80630032B4DD101EB800A98F80B
:1014500004103046CDE9052307F0BCFEBAF80210AF
:101460007181DDE905239AF801107173F37398F81F
:1014700005103173049B6A49087833B1874215D24D
:101480006948D0F860050026C6550978B9420DD9DB
:1014900066490978914209D9634B0798D3F86835B2
:1014A00053F839108B5C23EA00038B5495F80F80B6
:1014B000B8F1030F00F2DA80DFE808F01A205EC00E
:1014C00051F8338018F8028018EA0A0FA6D0B9F153
:1014D000FF0F05D19946012304939FE700236AE794
:1014E000059B0493A4E7B8F8041031800123BDE7FD
:1014F00040F2CA31692009F03BF94AE04A4B93F8BF
:10150000442E50074CBFB3F8463E4FF6FD73ADF87E
:1015100020302B7C23F0040219072A746BD40C268C
:101520002888FEF7D9FF002800F0D28022462946FD
:101530003046FFF7ADFC204621F0A0FC21460246D4
:101540003B4821F0CAFC002800F08D80394B1B6815
:10155000002B40F088801BF02FFE0146002840F051
:10156000828004230093019440F2A74369224FF044
:10157000FF3022F01FFA76E02B88ADF820304FF6CE
:10158000FF72934234D05A1D92B2022A30D94FF0E2
:1015900002082E7C330740F18E80234B93F855359B
:1015A0005F0700F18280BDF82000FFF715FB0246BF
:1015B000002870D12048214621F08FFC05460028E4
:1015C00051D01C4B1B686BB91BF0F6FD014648B9A6
:1015D00004230093019540F26C4369224FF0FF30E1
:1015E00022F0E8F96FF015012046FFF7DFFB3AE043
:1015F0002B7C1A0767D50F4B1B6873B91BF0DCFDFA
:10160000014650B904230093CDF8048040F27F4393
:1016100069224FF0FF3022F0CDF90021E4E700BF4E
:10162000E904002058FBFFFF88330020E804002075
:10163000D92202009C420020B9200300284608F06D
:1016400087FA4FF6FF739842ADF8200003D00223CB
:101650002880EB739BE7B2480022214621F03DFC35
:10166000002840F05A8111B0BDE8F08FAD4B1B68E7
:1016700073B91BF0A1FD014650B908230093CDE9D1
:10168000014840F24C4369224FF0FF3022F092F9BA
:1016900040F24D412EE72E7C06F00C030C2B08D0B7
:1016A00016F008063FF43CAFA5E706F00C060C2E3A
:1016B000A1D1802634E706F00C06A6F10C004642C4
:1016C0004641F6012CE7032010F0F6F9082627E73B
:1016D000204621F038FC48B92B7CD90706D523F0E9
:1016E00001032B740421204621F0BAFD95F81090D7
:1016F0008D4F19F0040900F0B780182229460AA876
:1017000046F040061AF064FE22462946304695F817
:101710001690FFF7BDFB854B1A6897F8A0359342EA
:1017200000F0A080D7F89C054FF0000A0AEBCA032E
:1017300000EB030C9CF808C0BCF11F0F00F288807E
:101740009DF83720DFF8F8C1012A1CBFBDF828201A
:10175000C252D7F89C25BDF832001A44508097F841
:101760005AE60022D0B286450CD91CF8011FA142CE
:1017700002F10102F6D1D7F89C2597F859C61A4410
:1017800082F804C097F85A26824206D1D7F89C25E1
:1017900097F8C8041A4401381071DBF89C259DF8AD
:1017A00035001A444FF0040C5071DBF89C259DF86D
:1017B00034001A449071DBF89C251A44D4719BF8CC
:1017C000A02501328BF8A025DBF89C251A44107A5D
:1017D0006CF303001072DBF89C25134401201A7A85
:1017E00060F347121A72514B1B689A4504D341F2B9
:1017F0006C21692008F0BCFF012012F0B9F828889C
:1018000021F06EF8002808BF4FF42572484818BF31
:10181000C62251460DF0BCF808214FF0010A2046BF
:10182000ADF826A0C6F3810621F0BBFC082208A96A
:101830001AF0CEFD032E40D197F80436D3B997F8AD
:101840003B3E5B0753D421463A480CF065FF0AE75C
:101850000AF1010A5FFA8AFA52453FF667AF4FF084
:10186000000AC4E73449BFE6224629463046FFF75E
:101870000FFBD1E7D7F81036072BE0D82888FEF702
:10188000BDFA0028DBD0B8F1010FD8D1D7F80C365B
:101890002A48FA18013382F81446D7F8102603F0C4
:1018A00007030132C7F81026C7F80C3621F002FBF7
:1018B000054600287FF459ADD5E6002EBFD1BDF80E
:1018C00020000AAB5246514608F016F8054600289B
:1018D000B5D040F25951692008F04AFF97F83B3ED5
:1018E0005A070FD4214613480CF016FF3DE597F830
:1018F0005A36002BA7D099453FF4B5AEB9F1020F87
:10190000A1D1B0E697F85A36002BEBD099453FF4B9
:101910002CADB9F1020FE5D127E5074D25E500BF54
:101920008D1F03009C420020883300207800002097
:10193000552502000D70020052FBFFFF4519020001
:10194000EB39002070B51B4CD4F8102605463AB38D
:10195000D4F8083604F21461013ACE5CC4F81026BB
:10196000013303F007033146C4F8083621F002FBC7
:10197000314611480CF0D0FE1C21284621F011FC04
:10198000002206460146284620F081FDB4F83C338B
:10199000A6F8013029460948BDE870400CF0BCBEED
:1019A00008F054FBBDE8704040F2FD71692008F07A
:1019B000DFBE00BF883300200D700200FD0A020068
:1019C0000A460146014820F097BC00BF2C39002090
:1019D0002DE9F84F0B785FEAD3180D46074603F060
:1019E000030140D02A7D02F03002102A01D0202AC3
:1019F00037D14FF0010841450BBF122602260521C1
:101A00000B21980644BF0531C9B2384648BF46F09D
:101A1000200621F0E0FAB8F1000F01D046F0800670
:101A2000F206067026D5441C697B2170B8F1000FC0
:101A300034D10134B30608D50421384621F0F5FB32
:101A400000221146204601F049FCB5F80110384645
:101A5000012220F0AAFD39462948BDE8F84F0CF0D4
:101A60005BBE4FF0000801290BBF1226022602219F
:101A70000821C6E72B7A4370B5F809308370B5F8B2
:101A800009301B0AC370B5F80B300371B5F80B3081
:101A90001B0A4371EB798371C41DC5E7B5F80100DA
:101AA000FEF74EFBFF28804604D141F2A6116920C3
:101AB00008F05EFEDFF84CA0C8EB081BD3449AF890
:101AC00040359BF830960F2019FB03F940F22C6348
:101AD00010FB08305044FEF771FB5FFA89F9B9F149
:101AE000000F0CBF0123022363709BF830369AF875
:101AF0004025E07013FB02F3A37004349AE700BFA3
:101B00000D7002008833002070B50C4688B0054681
:101B100020B940F66541692008F02AFE1148C4EB5F
:101B2000041406194FF6FF73B6F82C269A4213D008
:101B300004F22C642044FEF785FB68B1002201A961
:101B400020F0A5FCB6F82C36ADF8053001A92846E2
:101B5000FFF73EFF08B070BD284608B0BDE87040F2
:101B600008F074BA883300202DE9F04F90468FB00A
:101B7000002318F1030F8DF81A300A78B94B064686
:101B800013D193F88506FF280FD0D3F89C3506EBC8
:101B9000C6061E440522337A62F3471333726FF090
:101BA000010738460FB0BDE8F08F93F85A76002F42
:101BB000F7D0D709F5D012F00C0FC2F3810A40F02C
:101BC000F38193F8635693F8402515FB02F5EDB2C7
:101BD000B8F1000F06D1CB7D91F816A08DF81A3020
:101BE000002713E018F1030F06D193F8852693F828
:101BF00086A68DF81A20F3E718F11E0F47D06FF470
:101C00009563984514BF00276FF007079648954CD9
:101C1000042200211AF0E7FB00230293059394F8B5
:101C20005A26AA4207D994F8403594F8631601FB66
:101C300003318D422DD39DF81A30FF2B02BF94F84B
:101C40006336013384F86336059B002B00F0F38084
:101C5000002384F88436002F00F03D816FF00707E1
:101C6000D4F89C35814806EBC60903EB0901002333
:101C7000DDB2AA4240F2338191F807C010F8015F4B
:101C8000AC4503F10103F3D100252B4682E1AA46BE
:101C9000A6E7AA4573D853449D4270DAA5EB0A0221
:101CA0000EAB03EBD20302F0070213F81E3CD34045
:101CB00013F00103049365D004EBD50205F007018E
:101CC00001238B4092F85B160B4382F85B36684B1E
:101CD000D4F89C151A684FF0000B60195FFA8BF36B
:101CE0009A42019341D9019B90F864E603EBC30942
:101CF00001EB09030BF1010CDB79734540F099808E
:101D000023B941F25831692008F032FDD4F89C35EE
:101D10000393049B002B4FD06319039A93F8640636
:101D200006EBC6031344DB7983423DD0FEF7B2FADB
:101D3000024688B9014603980DF11B0330F80900EB
:101D400007F0DAFD18B99DF81B0007F023FC6319B2
:101D500093F8640608F07AF96319002283F8642680
:101D6000019BB34223D101230593414B019A1B6888
:101D7000934201BF3B4B5B19002283F86426013577
:101D8000EDB24CE7631993F86436002BF7D004EBFF
:101D9000D50305F007020121914093F85B2622EA62
:101DA000010283F85B2692E701230293D4E75FFAEE
:101DB0008BF0FEF74BFBD6E704EBD5024FF0010B9F
:101DC00092F85F1605F007030BFA03F30B4382F852
:101DD0005F36039B049A4B4407A9D87920F057FB40
:101DE000D4F89C354B4407A95A88ADF825205A7978
:101DF0008DF824209A798DF823201A798DF82920DE
:101E0000D87920F015FBD4F89C1501EB090331F8C3
:101E100009101A7AD87982F01002C2F3001220F069
:101E2000C4FBD4F89C354B441A7A6BF347121A72F0
:101E30009BE7E34652E704EBD50305F0070593F86B
:101E40005F36EB40D90742BF94F88436013384F8FB
:101E5000843694F88436022B7FF6FDAE6FF01D07B2
:101E6000FEE600BF88330020E7390020EB39002070
:101E70007800002004EBD30003F0070390F85B0622
:101E800020FA03F3DB0701F1010125D4FEF70EFE72
:101E9000029B002B3FF483AED4F89C7506EBC6057D
:101EA0007B19D879FEF7F6F9024680B901460DF1A3
:101EB0001B03785B07F020FD18B99DF81B0007F0A5
:101EC00069FBD4F89C352B44D87908F0BFF8F0B200
:101ED000FEF7BCFA63E63946CBB29A42CAD894F808
:101EE000893623B941F20E41692008F041FC1421E2
:101EF00094F8890621F055F91422002105461AF0BC
:101F000072FA94F88B36AB73032B06EBC606D4F843
:101F10009C3546D1985B294607F01AFD20B141F265
:101F20001A41692008F024FCD4F89C351F4833443A
:101F30005B796B72D4F89C3533449B792B72C5F86E
:101F40000F8094F889160CF0E7FB33220021184823
:101F50001AF049FA002384F88736FEF7B9F920E62B
:101F600004EB0B0A9AF8640698B1D4F89C254A440D
:101F7000D279824209D0002259460E480CF0D2FE96
:101F80009AF8640608F062F8002304EB0B0181F86C
:101F90006436013594F85A265FFA85FB5A45DFD836
:101FA0009DE79B5B2B80BFE70027FAE505FA02005F
:101FB000E1390020552502002DE9F0434F4D91F8FD
:101FC0000090D5F89C3500EBC004234489B08046CE
:101FD0000F46D8791146164621F070F909F003032F
:101FE000012B04D0022B0BD119F0100F08D00236B0
:101FF00016D0D5F89C352344D87908F027F80FE09F
:1020000016F1150F13D1D5F89C050022005B01AB2A
:10201000114607F071FC18B99DF8040007F0BAFAF0
:102020005FFA88F009B0BDE8F043FEF70FBAB21CC2
:10203000F6D03B78DA091ED013F00C0F1BD13246D4
:1020400039464046FFF790FD023054D0D5F89C65E4
:102050003319D879FEF71EF902460028E0D101466F
:1020600001AB305B07F048FC0028C2D19DF80400AA
:1020700007F090FABDE7D5F89C3523440022D879C3
:1020800001A920F004FAD5F89C3523441421D8790D
:1020900021F087F8D5F89C35234407465B794372D5
:1020A000D5F89C35234401469B790372D5F89C35BD
:1020B000185B07F04DFCB8B90323BB73F31C08BFD2
:1020C0000026C7F80F60D5F89C359DF8041023440E
:1020D00001AAD87920F096F9D5F89C350848234410
:1020E000D9790CF019FB9BE70223BB73D5F89C351B
:1020F0001B5B3B80E2E709B0BDE8F083883300203A
:1021000005FA02002DE9F7439DF8284005460F46E1
:102110001646984621F0BFF8FF2C3ED022463146A5
:10212000284601F0EDF8284620F003FF042104467C
:10213000284621F07AF84FF6F7739F422678DFF8A9
:10214000709094BF0023012346EAC30646F00106BF
:10215000267099F8C834637016F00C0F0CD1012268
:102160000DF107031146384607F0C6FB20B141F2D6
:102170008211692008F0FCFA99F8C8343946013315
:102180002846424689F8C83420F00FFA0748294605
:1021900003B0BDE8F0430CF0BFBA0321284621F09C
:1021A00010F80023044603708670C4E70D70020027
:1021B000883300202DE9F0434FF6FF73984289B031
:1021C000044626D012F0C2FEDFF89C80244F002582
:1021D0004FF6FF79D8F800309D421DD3214E0025DF
:1021E0004FF6FF78C5EB05133B44B3F82C36434557
:1021F00007D0A34201D0444503D100213046FEF769
:1022000035FB0135032D06F10F06EBD109B0BDE812
:10221000F08312F0C5FED7E7D7F89C3505EBC5066D
:1022200098199B5BA34201D04C4516D1037A03F069
:10223000E003602B11D10022C07901A920F027F919
:10224000D7F89C35334401A9D879FEF761F86FF4CB
:10225000956201A92846FFF7AFFE0135BAE700BF36
:1022600088330020B43900207800002030B51821D0
:1022700089B0054620F095FF01A9044600222846B2
:1022800020F005F91822002120461AF0ACF8BDF81C
:102290000F302381BDF80D3063819DF80C306373DE
:1022A0000023E3739DF804305B0642BF237C43F0B8
:1022B00004032374284620F03CFE20F0AAF90146CE
:1022C000284620F006FF294602480CF025FA09B0FE
:1022D00030BD00BFBD0F0200F8B5CDB21C210646CF
:1022E00020F05FFF18210446284620F05AFF0746D9
:1022F00026B940F62C01692008F03AFA2946304602
:1023000020F038FE304620F014FE03782370104B86
:102310001048B3F83C33A4F801303B7BE3717B7B7E
:1023200023727B89A4F809303B89A4F80B3031462D
:102330000CF0F2F92846FDF7EDFE0146284619B1EA
:10234000BDE8F840FFF792BFBDE8F840FEF7FEBCDD
:10235000883300204D4903002DE9F047142188B04F
:10236000044620F01EFFD0F80F80054624B940F641
:102370003211692008F0FCF9204620F0DAFD814690
:10238000B8F1000F38D12A884FF6F7739A4235D842
:10239000077807F00307023F18BF012701A90022B1
:1023A000204620F074F82046FDF7B4FE99F800109E
:1023B000064601F0030318BB022B6AD1B8F1000FE7
:1023C00010D19DF80430DB090CD09DF8111028883D
:1023D000FDF7B6FEFF28014604D0BDF81A20564886
:1023E0000CF0F0F9204607F031FE17B105200FF090
:1023F00063FB08B0BDE8F0870027CFE74746CDE78D
:10240000022B05D140F65611692008F0B1F9D5E745
:102410004A064FD50126DFF83491DFF834A1D9F808
:1024200000209DF81110DAF89C35002595421BD04C
:10243000D879A0427DD1187988427AD11A7A02F0EF
:10244000E001802902D03D4880453ED1B6B3284600
:102450006FF0140201A9FFF7AFFD2046FFF706FF5A
:10246000D9F800309D42C0D1204607F0EFFD00258D
:10247000D9F80030E8B29842B7D2DAF89C3500EBD0
:10248000C0021344DB79A34201D1FDF7DFFF013520
:10249000EEE74B06BFD4204601AA1FF0B3FF9DF81C
:1024A0000C306B729DF80B302B72214624480CF0D7
:1024B00033F99AE72046FFF7D9FE96E76FF4956265
:1024C00001A92846FFF778FDCAE7402907D1032074
:1024D0001EF00AFC002EBAD16FF00202F0E7B8F14C
:1024E000000F17D1202904D040F6C611692008F04A
:1024F0003FF9DAF89C3505EBC502134403211A7A3B
:1025000061F347121A72D9F80030AB427FF471AF11
:102510000027A9E70B49884506D11EB101A920462D
:10252000FDF7F6FE084ACBE7032161F347121A7262
:102530005BE70135093379E7E90802002DFCFFFF6D
:1025400005FA02003EFCFFFF59FBFFFF7800002068
:10255000883300202DE9F04F724FD7F89CA500EB8F
:10256000C0090AEB090489B0E67905463046FDF753
:10257000D1FD83463AF8090020F0B2F900228046E6
:1025800001A930461FF083FF3046FDF783FEBBF103
:10259000000F40F09F80002840F09D80237A1807AC
:1025A00008D003F0E002202A1EBF03F10F0262F3FD
:1025B00003032372237A19070ED103F0E003602B83
:1025C00001D0802B08D12846574A01A9FFF7F4FC17
:1025D00007200FF071FA68E0B8F1000F0CBF4FF45C
:1025E0002572C622514829460CF0D2F9237A03F00D
:1025F000E003602B59D16388ADF80D3063798DF815
:102600000C30A3798DF80B3023798DF8113001A9A6
:1026100030461FF00DFF227A3AF8091082F01002BE
:10262000C2F3001230461FF0C0FF237A012262F38A
:102630004713237202201EF057FB3D49002311F877
:10264000012FB24234D107EBD30203F0070092F816
:102650005B26C240D2072BD597F8632697F8401522
:1026600012FB01F2D2B29A4213D01F2B0DD09A4224
:102670000BD90133C3F3C4023A4403F0070392F8C1
:102680005B2622FA03F3DC0703D597F83B3E580795
:102690000BD56FF01D0201A92846FFF765FA97F8E0
:1026A0003B3E6FF3820387F83B3E09B0BDE8F08FF5
:1026B0000133DBB2202BC2D111F09EF91D48314607
:1026C0000CF02AF83AF809204FF6F7739A42ECD842
:1026D00006207EE750B1B8F1000F0CBF4FF4A57291
:1026E0006322294611480CF053F9DEE7237A03F000
:1026F000EF02602A09D128466FF0140201A9FFF702
:102700005BFC3046FFF7B2FDE2E71907E3D003F0C8
:10271000E002202A1EBF03F10F0262F303032372BB
:10272000D9E700BF8833002059FBFFFF5525020081
:10273000EB3900200D7002002DE9F0416FF0030429
:10274000DFF83480051D0026241A98F84025631907
:102750009A4202D83046BDE8F08168780028F9D066
:1027600020F0E7FB1FF055FF074615F8010F20F09A
:10277000EAFBC01B0644E8E7883300202DE9F04758
:10278000437B044623B940F66C31692007F0F0FF23
:10279000DFF8B8A04FF000089AF840355FFA88F6E5
:1027A000B34208D9A719787910BB26B940F675311C
:1027B000692007F0DDFF1C21607B20F0F2FC1C216A
:1027C0000546607920F0EDFC1C220146284619F0F0
:1027D000FFFDA37B03F01C02082A02BF032262F361
:1027E0008403A373A37B6FF30003A373BDE8F08797
:1027F00020F09FFB1FF00DFF054676B9237963B9E2
:102800000146607B20F089FC0646607920F091FB50
:102810002A460146304619F0DBFD7879667B20F0C8
:1028200092FB411B304620F078FC29460646787919
:1028300020F09AFB8146787920F085FB4946421BBF
:10284000304619F0C5FD08F10108A5E788330020DE
:102850002DE9F84FDFF8CC80C1EB011606F22C66AB
:102860000D464FEA01194644044620B940F6BD31F1
:10287000692007F07DFFA9EB050747444FF6FF737A
:10288000B7F82C269A4204D12046BDE8F84F07F04D
:10289000DDBB97F83936B3B3204620F0EFFA834614
:1028A0003046FFF749FFA9EB05074744824697F8F2
:1028B000390620F0E3FA8244D345E5D397F8390688
:1028C00020F041FB0146204620F085FB824697F828
:1028D000390620F02EFB834697F8390620F033FBAB
:1028E00059460246504619F073FD97F8390607F02D
:1028F000ADFBA9EB0509C844304688F83946BDE868
:10290000F84FFFF73BBF204620F0B8FA824630462A
:10291000FFF712FF8245ECD897F83936002BB3D079
:10292000BAE700BF883300202DE9F04FCDB28DB05B
:102930000746284620F0FDFA00244FF6FF730122D7
:1029400005A92846ADF812308DF810308DF81140E9
:102950001FF09DFD9DF81430DB0907D09DF828304D
:1029600003F03003102B51D0202B4FD0284621F0FC
:102970007EFC30BB002634461C21284620F011FC8A
:102980001C2205A919F024FD9DF814309A063FD5A4
:102990000DF1110304AA0DF11201284600F07EFE8C
:1029A0009DF814309B0633D590B3284607F04EFBB4
:1029B00017B1384607F04AFB0021B3480BF0ACFED4
:1029C00021E09DF81420BDF8150002F0030312F079
:1029D0000C0F03F1FF310CBF012200224B424B418F
:1029E0009DF8211012F02CFA04460028C2D08678F7
:1029F00016F03F06C0D0284607F028FB1FB105A9F6
:102A00003846FEF7E5FF10F0E7FF83E00126B3E765
:102A100014B1204612F0EAFABDF8120008F0C2FD27
:102A20001C210446284620F0BCFB6CB1237E027DAD
:102A3000C3F3400363F300020275237ED2B2C3F3F3
:102A4000810363F342020275037D9DF8112062F356
:102A5000C3030375002E00F04782284603F0ECFD07
:102A6000BDF815909DF821A01FFA89F05146FDF799
:102A700067FBFF28804650D08449C0EB00130B440D
:102A800093F83A26824B02F01C0223FA02F919F05D
:102A9000010937D10F2440F22C6314FB00340C449D
:102AA0009DF8283003F03003102B73D1E678002E08
:102AB0007FD19DF82A30E370A37B03F01C03042B25
:102AC00040F0A080DFF8C4A123799AF840B5E278FD
:102AD00013FB0BF30BF1FF31D8B251FA83F3DBB2E6
:102AE0009A4224BF02F1FF32D3B2864261D39E42A2
:102AF0005FD89AF83B3EDA066AD4B6FBFBF30BFBD1
:102B0000136377E005A92846FEF762FF17B1384640
:102B100007F09CFA0DB0BDE8F08F9DF8283003F067
:102B20003003102B4CD1DFF86481B8F82C364FF607
:102B3000FF72934226D0B8F83B36934226D0B8F8BD
:102B40004A3693423CD108F24A6402260F22002101
:102B50002046C6EB061619F046FC08EB0603A3F860
:102B60002C9683F82EA64B4BA4EB03084A4B03FB91
:102B700008F8A37B4FF0010969F384035FFA88F832
:102B8000A3738DE708F22C640026DFE708F23B64AC
:102B90000126DBE7202B0CD13C4A9DF82A6092F8F5
:102BA0003B3E990788D5012E86D16FF3410382F809
:102BB0003B3EB9F1000F03D000212046FDF756FE41
:102BC00017B1384607F042FA284607F03FFA1AE7ED
:102BD0008E4292D12046FDF7F1FAFF2860D0002204
:102BE0002E48414620F079F99AF84025B6FBF2F3D9
:102BF00002FB136354FA83F35A79002A40F00481EC
:102C00005D7158E0102BD4D12279DFF880A0E178F3
:102C10009AF840C50132D2B212FB0CF30CF1FF3C22
:102C2000D8B25CFA83F3DBB2994224BF01F1FF31E1
:102C3000CBB28642BDD39E42BBD8A37B2271012278
:102C400062F38403A3739AF84035934202D9204675
:102C5000FDF7EEFD2046FDF727FC2046FDF7B6FB0D
:102C60009AF84025B6FBF2F302FB136354FA83F3A0
:102C70005A7922B95D71B9F1000F1FD121E02846C0
:102C800007F0E4F9F7E700BF69F902008833002094
:102C900000101000B4390020EFEEEEEE091B020028
:102CA000B6FBFBF30BFB136654FA86F67379002B25
:102CB00040F0AA807571B9F1000F2ED0012010F0FC
:102CC00057FE9E4D95F84035012B06D94046FDF73D
:102CD00069FEA37B6FF34713A3732046FDF7E4FB64
:102CE0002046FDF7AFFA044620B940F6415169206D
:102CF00007F03EFD95F849339148002B95F8403593
:102D00004FF0030101FB03F30CBF4FF42572C62201
:102D100003FB022221460BF03BFE9DF82110BDF87B
:102D20001500FDF70DFAFF28044604D140F6E551E1
:102D3000692007F01DFD814EC4EB041535444FEAB0
:102D4000041995F82FA6BAF1000F67D095F83A3616
:102D500003F01C03042B61D140F22C634FF00F08E9
:102D600018FB0438B0444046FDF728FAFF2855D137
:102D700096F84025531E5344B3FBF2F395F83026E2
:102D8000013BDBB29A4214BF0223052395F83A2691
:102D9000404663F3840285F83A26FDF749FDBFB348
:102DA00021463846FEF7B0FEA9EB0403334493F8FE
:102DB0003A36DB0704D540F6FA31692007F0D8FC33
:102DC000A9EB0403334493F83A2693F8390642F00A
:102DD000010283F83A2630B320F0B5F800F11C0563
:102DE0004046FFF7A9FC43190193A9EB04033344C0
:102DF00093F83906C8B120F041F8019B834214D8FA
:102E00004046FFF7BBFC85E6284607F01FF952E76E
:102E10003A4621464B4820F060F8C5E7002F3FF4C2
:102E2000F2AD3846D1E63925DAE7A9EB040AB24417
:102E30009AF8395625B3284620F020F800EB4000D8
:102E4000420840F2DC539A4228BF1A46019B3E4892
:102E50009A4238BF1A46214620F055F800283FF420
:102E600059AEA9EB040906EB0903002193F83A26B1
:102E7000404642F0010283F83A26FDF7F7FCC2E52E
:102E80009AF8310620F055F81FF0C3FB294602904E
:102E900096F84005EBB2984209D8A9EB04033344F5
:102EA000029A93F82F363C3201FB0322C9E70AEB62
:102EB000030797F831060028EFD0039120F039F886
:102EC0001FF0A7FB834697F8310620F03CF80399E2
:102ED000A0EB0B00884205D997F8310620F033F8B3
:102EE000A0EB0B010135D3E79DF8143003F003028A
:102EF000012A07D19DF81020BDF81210284611F0C4
:102F000085FE7BE51AB9C3F38103032B0BD00F4871
:102F100029460BF001FC002F3FF4FCAD05A9384613
:102F2000FEF756FDF6E5BDF81900FCF767FF00282F
:102F30003FF461AD06482946EBE700BF8833002027
:102F400071090200091B0200512802004D490300CB
:102F5000FD0A02002DE9F0478AB004461FF0E9FFA0
:102F600005461FF0D6FB2B5C03F00302022A40F05B
:102F70009D80784D012203A920461FF088FA95F81C
:102F80004A3E9DF80C20590609D56FF3861385F843
:102F90004A3E204607F05AF80AB0BDE8F087D30948
:102FA00015D16D4BD5F89C05D3F800C0BDF80DE0E8
:102FB0009DF81980BDF815909DF813A0C2F300117B
:102FC0000022D6B2664510D310F006FDE1E712F0FC
:102FD0000C0FE6D195F8633695F840059DF8221060
:102FE00013FB00F39942DCD0D3E706EBC607C31905
:102FF000C75B774510D11F7947450DD171B95F88FF
:103000004F4509D15F79574506D19B799DF81470DA
:103010009F4203D0FF2B01D00132D2E705200EF0F2
:103020004BFD3046FDF722F906EBC603B8B1D5F8E3
:103030009C25134402211A7A61F347121A729DF8F3
:103040000C30DA09A5D013F00C0FA2D19DF8223074
:1030500085F886369DF8233085F8853699E7D5F8CA
:103060009C552B44DF793846FDF754F8024680B969
:10307000394BD3F800C00146CBB263450ED203EB07
:10308000C3002844C079B84201D1B3420BD1013109
:10309000F2E73846FFF7EAF86FF0140203A930466A
:1030A000FEF78AFF75E76FF00102F7E75B0649D587
:1030B000284B93F8380E10F0400043D11FF0DAFE91
:1030C000054608B30146224624480BF07BFB002846
:1030D0003FF462AF224B1B686BB91AF06DF80146E2
:1030E00048B904230093019440F6462369224FF027
:1030F000FF3020F05FFC204606F0A8FF28460AB00B
:10310000BDE8F04706F0A2BF204603F095FA134849
:103110002A4621461FF0E1FE00283FF43DAF104B48
:103120001B686BB91AF048F8014648B904230093AC
:10313000019440F6512369224FF0FF3020F03AFC11
:103140002046DCE7214600200AB0BDE8F047FFF743
:10315000EBBB00BF88330020780000202929020043
:103160009C42002010B5044608B9002010BD20F094
:1031700095F80306F9D5064BD3F8E0360BB1204697
:1031800098472046802120F06BF80120EEE700BF31
:10319000883300202DE9F04F4E4B8FB092460AAA9B
:1031A00081460D4603F11006934618685968144687
:1031B00003C40833B3422246F7D128461FF0B9FEB4
:1031C000044600781FF004FA235C13F0200F14BFAC
:1031D0004FF00D084FF0050813F0180F064604EBEA
:1031E00000078044C3F3C1023BD1102209F108015A
:1031F00006A819F0EDF80D22002102A819F0F3F845
:10320000082251460DEB020019F0E2F8D7F8013020
:103210000493A35D8DF8143028461FF08AFE0646FD
:1032200028461FF090FE44440644361B0096434651
:103230002A4602A906A81FF099FC044668BB04218F
:1032400028461FF0F2FF791C042202A819F0C0F8EA
:1032500002998B1C2BD10F200EF02EFC4FF0FF3467
:103260001DE0022A1FD1FBF7E1FF30B1002106AAC1
:1032700009F108001FF053FDBDE7174BD3F83839AB
:10328000002BF3D098470028F0D0102209F1080154
:10329000584619F076F80028E8D16FF02704204648
:1032A0000FB0BDE8F08F032AD8D10221DFE70A482A
:1032B00090F8093503EB8302D0F8283503EB42037D
:1032C000D3F8062091422CBFC3F806106FF0050416
:1032D000E5E700BFB482040088330020C900C9B20A
:1032E0003AB141F0250100F8051B0822034919F005
:1032F0006FB841F005010170704700BFC83600206B
:10330000F8B50F461021144606461FF05AFFE40098
:1033100005462023C77303700421304644F025047A
:103320001FF083FFAC70E81D0249BDE8F840082299
:1033300019F04EB8C83600202DE9F04F91B00C4678
:10334000804691461D461FF0F4FD0444002D49D0EF
:1033500040461FF0EEFD8246B74D9AF800001FF080
:1033600037F9D5F8E0747B1CC5F8E034C7F30903DE
:103370000AEB00062BB1012F03D095F8713CDB0757
:1033800008D507200AF0A0FD95F8713C6FF3000303
:1033900085F8713CD5F8303E05970BB105A89847E4
:1033A000042205A9701C19F013F8327812F0180FD6
:1033B000C2F3C10340F0D88063781F0718D50822F4
:1033C000A11806A819F004F8012106A820F0B6FEFD
:1033D000002846D106A810F071FF002841D14FF017
:1033E000FF3426E020461FF094F904EB000AB3E70F
:1033F00060884FF6F77398421FD806A906F0A8FA1E
:1034000004460028E0D08D4B1B686BB919F0D4FE40
:10341000014648B9042300930194D92340F69F1232
:103420004FF0FF3020F0C6FADA2140F69F1007F087
:103430009FF9204611B0BDE8F08F804B1B6813B197
:103440004FF0FF34DFE719F0B7FE01460028F7D14F
:103450000090D32340F69F124FF0FF3020F0AAFADD
:10346000EEE700F1080110220CA818F0B1FF337844
:10347000734913F0200FD6F801300A9333788DF892
:103480002C304FF0080208A80CBF05240D2418F0BA
:103490009FFF40461FF04DFD95F8493E3444D90644
:1034A000A4EB00071BD5654B1B6863B919F084FEBC
:1034B000014640B900904FF4BD7340F69F124FF0A3
:1034C000FF3020F077FA9DF8313083F0F0038DF86B
:1034D000313095F8493E6FF3041385F8493E404674
:1034E0001FF031FDC01BA4EB0A035246CDE900409A
:1034F00008A9CDF808900CA805F052FB40461FF033
:1035000018FDAAEB000148461FF05BFE044640464A
:103510001FF00FFD054640461FF00BFD2946AAEBA4
:103520000002204618F054FF48461FF002FD0446F2
:1035300040461FF0FEFC361A4046A35D23F0070309
:10354000A3551FF0ABFE42060CD5402148461FF0A4
:103550006CFE40461FF0A2FE030603D580214846BC
:103560001FF063FE002464E7022B3DD195F9493E2C
:10357000002B1CDA002104F1080010F03FFE95F842
:10358000493E6FF3C71385F8493E044600287FD1B2
:103590000024002195F8393E58077FF520AF337895
:1035A000C3F3C103012B7FF41AAF8CB317E72821B3
:1035B00040461FF0F6FD834620F0CFFD044600286C
:1035C00066D1FBF74FFE0028E2D021461D4820F0CF
:1035D000B5FD044600285BD1009003461A4901223C
:1035E000584610F051FCD0E7032B1DD1282140464E
:1035F0001FF0D7FD0121074620F0A0FD044600285A
:1036000048D1384610F05AFE022104460028C1D0A5
:103610003378C3F3C103012B3FF429AF0CAA04F1A3
:1036200008001FF07CFB22E795F8393E5C070DD4BB
:103630004FF0FF34ADE700BF883300209C420020EC
:10364000C8360020D68204007C38002095F8EB02B2
:1036500010F0F8FB0146B0B90F4B1B68002BE7D107
:1036600019F0AAFD01460028E2D195F8EB3201934A
:103670000423009340F69F124FF49C734FF0FF30E9
:1036800020F098F9D4E710220CA818F0A1FE7FE7EB
:103690000021BDE70221BBE79C4200202DE9F04755
:1036A0009846002388F8003086B00D461C219146CC
:1036B00006461FF076FD824630461FF03AFC07466C
:1036C00000781EF085FF3C5C24F0070444F00504FC
:1036D0003C54C4F3C10489F800403B5C3918980697
:1036E00050D50822053104A818F072FE002104A864
:1036F00010F084FD074600284ED1022104A810F0E6
:103700007DFD002852D1012104A810F077FD00288A
:103710007DD16B48002110F071FD804600287FD1DB
:103720000DF10F030022012104A806F0AFF928B122
:1037300040F2192140F69F1007F01AF8002F78D1B7
:1037400004A810F0BBFD002800F0B68004AA3146A2
:10375000FFF720FD10F1280F044625D1B8F1000F26
:1037600073D001200DF0BAFE002800F08F800021F8
:1037700004A810F0DDFD4FF6FF73984261D010F001
:10378000E5FD5EE0BAF8010004A906F0E1F80028C2
:10379000ACD06FF01B0456E004AA3146FFF7FAFCE8
:1037A00010F1280F0446A8D064B12AE004AA3146DB
:1037B000FFF7F0FC0446F0B9FBF754FD58B10023C5
:1037C00088F800303F4B93F809352B8000242046C1
:1037D00006B0BDE8F0873B49B1F8A837DA0701D554
:1037E0000123EDE7082201F59B6104A818F0C9FD4B
:1037F0000028F5D0E3E7002310F1280F88F8003007
:1038000081D0A31D1FD10F200EF056F9DFE704AAC7
:103810003146FFF7BFFC10F1280F0446C4D178E70A
:1038200004AA3146FFF7B6FC10F1280F0446BBD1BD
:1038300076E7B8F1000F27D001200DF04FFE0746C4
:1038400028B36FF027041220DEE701271C480DF192
:103850000F030022012106F019F9194810F02EFD7E
:1038600050B304AA3146FFF795FC10F1280F044627
:103870009AD1134810F008FE01200DF02FFE30B150
:10388000002F7FF474AFDCE74746DFE70127002312
:103890000D490093012204A810F0F6FA60B104AAC1
:1038A0003146FFF777FC0446002F3FF47DAF10F15F
:1038B000280F3FF45CAF77E74FF0FF34C3E700BF5A
:1038C000D6820400883300206C3800207FB5164B68
:1038D0006A4603F11006154618685968144603C471
:1038E0000833B3422246F7D110481022294618F077
:1038F0006FFD0F4B2C4603F11006186859682246DD
:1039000003C20833B3421446F7D1102229460948AE
:1039100018F05EFD084B0022C3F8E0244FF6FF725A
:10392000A3F8142E04B070BDB48204006C380020DB
:10393000C58204007C380020883300202DE9F04F38
:1039400089468DB01C21064690461FF02AFC1C219A
:10395000B0F801B030461FF024FC2121B0F803304C
:10396000099330461FF01DFC054630461FF0E1FA72
:10397000044630461FF092FCC0F38003079323787F
:10398000012B824600F0040705D0032B47D0082204
:1039900004F1110102E0082204F112010AA818F052
:1039A00017FD2378A2492B7208220AA818F0E9FC17
:1039B000002837D12378032B00F0D880042B00F0A7
:1039C0004581012B40F0B581DFF87C82002F36D095
:1039D00004F11A03974808930822194618F0D1FCFD
:1039E000B0FA80FA834648464FEA5A1A07F0DAFDE1
:1039F000002851D1BBF1000F62D198F8552502F093
:103A00001002002F79D04FF6FF71894575D098F8D4
:103A1000553513F0100378D19B461F4653E0844977
:103A20000822BBE7844908220AA818F0AAFC00284B
:103A3000C0D0304606F00AFB0DB0BDE8F08F0BF0A9
:103A40003BFF58B198F8D836D90707D51AF0020FBE
:103A500004D0099A4FF6F7739A42B9D898F8393ECC
:103A6000DA07B5D4754B1B68002BE2D119F0A4FB23
:103A700004460028DDD10BF01FFF039498F8D836D8
:103A800003F00103CDE901030C23009340F69E12DD
:103A900040F21723214662E069491022083018F0ED
:103AA00070FC0028A6D1BBF1000F2AD12FB14FF630
:103AB000FF77B9EB070718BF01274FF0010B02E0B2
:103AC0004FF0000B012798F8392ED30721D50EF0BF
:103AD000D5FE002848D008990822284618F078FC1E
:103AE000637C6B761022611C05F1090018F070FCF4
:103AF000314654480AF010FE9EE7171E18BF0127F2
:103B0000E1E74FF0010B0746DDE757464FF0000BAA
:103B1000D9E70EF0B3FE50B9099B4FF6F772934206
:103B200007D8454908220AA818F02BFC08B1002F35
:103B3000D1D1424A1268002A7FF47BAF19F03CFBD6
:103B4000014600287FF475AF079BCDF80CB0CDE996
:103B500001A30C23009340F69E1240F20E234FF077
:103B6000FF301FF027FF64E70127D5E70BF0A4FE25
:103B700048B1354B93F8D826D00704D51FB193F838
:103B80005535590726D52D4B1B68002B7FF451AFB7
:103B900019F012FB044600287FF44BAF0BF08CFEAB
:103BA000294A92F85535C3F380030493079B039386
:103BB00092F8D83603F00103CDE9010310230093F6
:103BC00040F22F2340F69E1221464FF0FF301FF0A7
:103BD000F1FE2EE72946584605F0BAFE074638B9E9
:103BE000082204F1110105F1190018F0F1FB79E741
:103BF0004FF40E7140F69E1006F0BAFD0F4B1B6895
:103C000073B919F0D9FA014650B90423009301970A
:103C100040F2412340F69E124FF0FF301FF0CAFEE3
:103C200040F2422140F69E1006F0A2FD04E700BFDC
:103C3000C8360020D6820400DE8204009C420020A8
:103C40007C3800209D3F0300883300200BF034FEB9
:103C500048B1DFF808A19AF8D836DA0703D517B1CA
:103C6000B8F1030F1CD03C4B1B68002B7FF4E1AE76
:103C700019F0A2FA044600287FF4DBAE0BF01CFE1C
:103C8000079B0393354BCDF8108093F8D83603F09B
:103C90000103CDE901031023009340F2522391E781
:103CA000484607F07FFC671C002839D000F1080166
:103CB0001022384618F065FB90BB9AF855355B0723
:103CC0002ED52748244D1FF0E3F82B680446002B1F
:103CD0007FF4AFAE19F070FA014640B9009040F29F
:103CE000622340F69E124FF0FF301FF063FE002C5F
:103CF0003FF49FAE2B68002B7FF49BAE19F05CFA6B
:103D0000014600287FF495AE04230093019440F20D
:103D1000652340F69E124FF0FF301FF04BFE88E601
:103D2000082204F11901284618F052FB10223946E6
:103D3000DAE6094B1B68002B7FF47BAE19F03CFAE6
:103D4000014600287FF475AE237801930423009385
:103D50004FF41D73DDE700BF9C4200208833002034
:103D60008940020070B504461FF0E3F809210646B9
:103D700020461FF016FA1C21054620461FF011FAB6
:103D80002946B0F8010005F0E3FD38B933782B720D
:103D900021460648BDE870400AF0BEBCBDE8704050
:103DA00040F2993140F69E1006F0E2BC0141040059
:103DB000F8B505461FF0BDF80A21064628461FF053
:103DC000F0F91C21044628461FF0EBF91C21B0F83D
:103DD000017028461FF0E5F9B0F803204FF6F7739D
:103DE0009A421AD873786370337804F8023B002142
:103DF0000822204618F0F7FA2146384605F0A8FDBB
:103E000028B929460748BDE8F8400AF085BC40F2C9
:103E1000BE3140F69E1006F0ABFC2846BDE8F840E7
:103E200006F014B9CD43030030B5294B93F8394E51
:103E300014F00104054685B0084617D193F85525BE
:103E4000520601D5052D11D0AA1F092A27D8DFE86F
:103E500002F00513130D262626260D0DB3F9142E98
:103E6000002A05D14FF6FF72A3F8142EFF2403E0B9
:103E700005DD013AA3F8142E204605B030BD02A995
:103E800005F066FD014608B1FE24F5E702A820F022
:103E900055F90028F8D0037EDB07F5D4ECE70D4B8D
:103EA0001B6873B919F088F9014650B904230093CF
:103EB000019540F2CF4340F69E124FF0FF301FF0C5
:103EC00079FD4FF49A6140F69E1006F051FCCDE763
:103ED000883300209C42002037B5112105461FF091
:103EE00060F9037A0446022B14BF012109212846F8
:103EF0001FF071F8237A0370022B05D1082204F118
:103F00000901013018F064FA237A022B14D0042B33
:103F100012D0124B1B687BB919F04EF9014658B903
:103F2000237A01930423009340F69E1240F2E1337A
:103F30004FF0FF301FF03EFD204605F009FE002245
:103F4000044601460820FFF76FFF01230090082276
:103F500021462846FEF7D6F803B030BD9C4200202B
:103F60002DE9F743092104461FF01BF901210646FC
:103F7000204810F043F907461E4805F0E9FD96F881
:103F80000890B9F1040F054605D0204603B0BDE8FE
:103F9000F04306F05BB830461649082218F0F1F9F4
:103FA00006460028F1D1002FEFD04FF6FF739D4257
:103FB000EBD0192120461FF00EF80F498046082249
:103FC00000F8019B18F004FA08F1090207F1080053
:103FD00003211EF0A4FE324631460F20FFF724FFD6
:103FE000012300900F2229462046FEF78BF803B0EC
:103FF000BDE8F08360380020C836002070B5214E3F
:1040000096F8393EDB0704460D46104605D496F86F
:104010003A3E13F0600F02D109B101201FE096F87B
:10402000553559060CD5062CF7D0082CF5D04FF68F
:10403000FF73984208D1082C1DD8072CEDD10DE054
:104040004FF6FF7398420BD007F0ACFA10B1007E28
:1040500000F00100082C0ED8062C03D9002070BDFA
:104060000120F7E7D9D196F83A3E9A0605D5002DFA
:1040700008BF0020F3E7102CE0E75B0648BF85F09F
:104080000100ECE788330020002210B511460446F9
:1040900007480AF047FE074B93F855256FF3820255
:1040A00083F855252046BDE810400DF04DB900BFFE
:1040B0002D4102008833002037B50446B8B91748AF
:1040C0001EF0E6FE044680B1154B1B686BB919F073
:1040D00073F8014648B90423009301945D2340F628
:1040E0009D124FF0FF301FF065FC03B030BD0D4A4C
:1040F00092F8553543F0040382F8553502211EF03D
:104100006AFF002505704570074920461FF059FEDB
:10411000284603B0BDE830400FF0EEBBB9400200C6
:104120009C420020883300203543020013B504462A
:10413000B8B91B481EF0ACFE044680B1194B1B6891
:104140006BB919F039F8014648B90423009301947A
:10415000A52340F69D124FF0FF301FF02BFC02B05C
:1041600010BD114991F854355A1C02F00F0262F348
:10417000030381F85435C3F30313934206D2014677
:104180000A4802B0BDE810400AF0C6BA002104484F
:104190004FF4A3720AF0FCFB05482146F1E700BF8B
:1041A0002D4102009C4200208833002089400200FB
:1041B000FD3C030013B50446B8B91B481EF068FE69
:1041C000044680B1194B1B686BB918F0F5FF014626
:1041D00048B9042300930194DE2340F69D124FF06A
:1041E000FF301FF0E7FB02B010BD114991F85435C4
:1041F0005A1C02F00F0262F3030381F85435C3F333
:104200000313934206D201460A4802B0BDE81040AB
:104210000AF082BA002104484FF4A3720AF0B8FBF6
:1042200005482146F1E700BFB54102009C4200204D
:104230008833002089400200513D030010B5104C26
:1042400014220021204618F0CEF840F2D133E3606A
:10425000236923F40033A4F2445023F47C7343F421
:104260004C732361B0F8443523F4FF6323F0050356
:1042700043F43A7343F00103A0F8443510BD00BF86
:10428000CC38002038B50F4B0F4D93F854256FF301
:10429000030283F854250022044611460B480AF015
:1042A00041FD0022114628460AF03CFD0021284627
:1042B0004FF4A3720AF06CFB21460548BDE8384074
:1042C0000AF02ABA88330020B54102002D410200CD
:1042D000513D030007B5002101AA04480AF0B0FDD2
:1042E000B0FA80F0400903B05DF804FBB54102006C
:1042F00010B50D4B93F855256FF3820283F85525C1
:1043000000220446114609480AF00CFD002211461D
:1043100007480AF007FD00201FF0EFFE2046BDE829
:1043200010400CF0FDBF00BF883300202D4102007B
:10433000B541020070B504461EF0FBFD43780BB991
:1043400046882EB117482146BDE870400AF0E4B90E
:104350008389154DB3F5285F0AD214230E2085F802
:10436000043509F0B1FD2046BDE87040FFF7C0BF3D
:104370001B0A0E2085F8043509F0A6FD95F8443592
:104380001B07F0D595F85435084866F3030331460A
:104390004FF4A37285F854350AF0FAFA044821461E
:1043A000D2E700BF89400200883300202D4102007F
:1043B000FD3C03002DE9F3470646DDE90A879146F7
:1043C0001D460C4629B140F2311140F6BC0006F002
:1043D000CFF9B9F1000F05D14FF4997140F6BC0047
:1043E00006F0C6F9B8F1000F05D140F2331140F6DE
:1043F000BC0006F0BDF92FB94FF49A7140F6BC002D
:1044000006F0B6F926B16FF01B0002B0BDE8F087E8
:1044100088F800603E6005B12E70FCB904220DEBF7
:104420000200164917F0D4FF88F8004021463C608E
:1044300001A81EF0ACFF2146824601A81EF093FFA2
:104440002146064648461EF08EFF0640DBD088F81F
:1044500000A03E6005B12C700020D6E7FF2140F699
:10446000BC0006F085F9042204490DEB020017F0A8
:10447000AFFF002388F800303B60C4E7BC36002063
:104480002DE9F84F0B9F9DF8288005468946144674
:104490001E462FB94FF4D77140F6BC0006F068F9FC
:1044A000DFF8D4A0B9F1040F8AF8D86308F0170B2D
:1044B0001ED128461EF0E5F8BBF1000F18BF0524F9
:1044C000082128468AF8D9431EF06EFE082180F89C
:1044D0000280C0F8037080F800904470C6712846CE
:1044E0001EF05FFE29462348BDE8F84F0AF014B9D4
:1044F000BBF1000FE4D0B9F1010F39D19AF8503374
:10450000012B06D128461EF0BCF805244FF0040903
:10451000D6E7072B2CD1162128461EF05CFD14236C
:104520004370122383709023C3701B2303711923DC
:1045300043714A234FF0000983710A230446C37173
:1045400080F8009080F8089008220AF55971093027
:1045500017F03EFFBAF83C336374BAF83C3384F882
:1045600014901B0AA3744123E3747F236375CCE783
:104570000524A5E76D7E0300883300202DE9FF4167
:104580000F46242106461EF00CFE054628B94FF4BE
:10459000996140F6BC0006F0EBF8DFF8A48098F8CB
:1045A000D84300238DF80A3003938DF809302CB1DD
:1045B00040F2D44140F6BC0006F0DAF8E8780DF19C
:1045C0000B0106F035F828B14FF49B6140F6BC00B2
:1045D00006F0CEF803AB013401930DF10A0300217C
:1045E0000093164A8DF80B100DF10903E0B2FFF7A6
:1045F000E1FEA8B9039C2CB940F2ED4140F6BC00A5
:1046000006F0B6F89DF80A300093019430469DF804
:10461000093098F8D9233946FFF732FF012002E02C
:104620001C3003D1002004B0BDE8F08140F2EA4123
:1046300040F6BC0006F09CF8F4E700BF5C370020B1
:10464000883300207FB5082104461EF0AAFD0546E8
:1046500040B940F2F31140F6BC0004B0BDE8704030
:1046600006F086B81F4E96F8501399BB03AB019322
:104670000DF10B03009302460DF10A030846FFF704
:1046800099FEA0B9294606F575701EF040FE01217D
:1046900086F85013039B2A7901939DF80B30009301
:1046A00020469DF80A30FFF7EBFE04B070BD0521EF
:1046B00020461EF090FC6FF0160303704FF0FF339E
:1046C00043708370C3700848214604B0BDE8704051
:1046D0000AF022B8052120461EF07DFC6FF003038E
:1046E000EBE700BF88330020193B04007FB50821A9
:1046F00004461EF056FD054640B940F2D12140F671
:10470000BC0004B0BDE8704006F032B8204E96F808
:10471000B432032B39D096F85013002935D103ABAE
:1047200001930DF10B03009302460DF10A030846B5
:10473000FFF740FEE8B996F8DA332BB14FF4377142
:1047400040F6BC0006F014F8294612481EF0DFFDC2
:10475000062386F85033039B2A7901939DF80B308A
:10476000009300219DF80A302046FFF789FE04B02F
:1047700070BD6FF4707120461EF0A0FD0648214602
:1047800004B0BDE8704009F0C7BF0449F3E700BFBB
:10479000883300205C370020451003003EFCFFFFFB
:1047A0002DE9F04FB64C85B0242107461EF0F9FCE8
:1047B00094F85033082B0CD8082B0DD8DFE813F0F1
:1047C000590129000C000C000C000C000C003201F7
:1047D0003F01182B00F04781AA4B1B6883B918F0E2
:1047E000EBFC014660B994F8503301930423009325
:1047F00040F6BC024FF4DA634FF0FF301FF0DAF8F6
:1048000040F2D16140F6BC0005B0BDE8F04F05F0C4
:10481000AFBF242138461EF0C4FC94F85133B3B125
:10482000052138461EF0D7FB6FF0480303700025C2
:104830004FF0FF33057143708370C370394692485F
:1048400009F06AFFA4F8505305B0BDE8F08F437833
:10485000D02B09D140F2D15140F6BC0005F088FFC1
:1048600094F85133002BDBD101213846FFF786FE47
:1048700005460028E8D103F08BFA752138461EF072
:10488000AAFB4FF00209834600F1050A09F1FF393E
:104890005FFA89F900237D4A1268934211D3B9F176
:1048A000000FF3D1002D7A4B77488BF8045018BFD6
:1048B0000023CBF80030394609F02EFF84F85093DE
:1048C000C2E7132202FB03F8D4F8DC2302EB080C46
:1048D00012F8082002F00301032940F09F80B9F18B
:1048E000000F03D012F00C0F40F0988051460020CA
:1048F000A8426CD11B2D00F291800AEB85060422A0
:1049000000213046039317F06EFDD4F8DC231AF82B
:1049100025104244D27B02F01F0262F306010AF81E
:104920002510D4F8DC131AF82520414402F07F0248
:10493000087C00F0010042EAC0120AF82520097C38
:104940007278C1F3430122F00F020A437270D4F867
:10495000DC2342440135517C727801F00F0002F0F3
:104960000F0242EA00127270B278C1F3011122F014
:1049700003020A43B270D4F8DC23B1784244527C7B
:10498000920962F38301B170D4F8DC234244517878
:10499000B27861F30412B270D4F8DC23B1784244E7
:1049A000D27BC2F3401262F34511B170D4F8DC231C
:1049B0004244C9B2D27BC2F3801262F38611B17055
:1049C000D4F8DC23039B4244927BF27026E09CF8EF
:1049D0000F600A4606F01F0E11F8046B06F07F0602
:1049E000B6451DD19CF80110CE0717D5917841F03E
:1049F00010019170D4F8DC134144C97B880642BF92
:104A0000917841F020019170D4F8DC134144C97BC6
:104A1000490603D5917841F04001917001333AE79E
:104A2000013065E701213846FFF7A8FD00287FF433
:104A30000BAF384605B0BDE8F04F00F005BF2421AC
:104A400038461EF0AEFB43782BB9384605B0BDE8BA
:104A5000F04F01F027BA03213846FFF78FFD0028F9
:104A60007FF4F2AEF1E7384605B0BDE8F04F0FF045
:104A700063BE384605B0BDE8F04F05F0E7BA00BFA9
:104A8000883300209C420020193B04006400002071
:104A900016FDFFFF10B5084C94F81D3404EBC3035A
:104AA0000146082203F21E4017F092FC94F81D34D0
:104AB000013384F81D3410BD88330020024B0022DE
:104AC00083F81D24704700BF88330020F8B50B4CD5
:104AD00006460025A4F21E4797F81D34AB4201D8C4
:104AE0000020F8BD21460822304617F04AFC083461
:104AF00008B10135F0E74FF0FF30F2E7A6370020AC
:104B00002DE9F04F93B002901EF013FA04460AF01C
:104B1000D3FE94F84F300190002B49D194F85030D7
:104B200004F15405AB4E96F85023012A6CD0072AA5
:104B300040F04D820E2B7FD995F80080B8F1000F20
:104B40007AD16B7803F0F001202975D103F00F03BF
:104B5000013B012B70D8072A05F1030A65D0002319
:104B600006938DF8173096F85033072B00F0ED8040
:104B70005046FFF7ABFF471C4DD0002800F0E58002
:104B800010F11B0F7AD1A3789DF81700022B40F08B
:104B90001481B4F8051006AA02F0B8FD10F1160F42
:104BA00040F0FF818C4B4FF0FF0A0127132238E1C0
:104BB000012B30D1202200210AA817F014FC94F810
:104BC000512094F8523004F154061344B5181E4491
:104BD000B54206D39DF82830EBB10B9D9DF83030DF
:104BE000A0E76B7815F8027B1A02C3F3C30302F443
:104BF000E062022B47EA020704D10AAA3946284696
:104C00001EF013FD3D44E3E7A17C1F2903D994F96D
:104C1000101000298EDB029B002B00F0E881184663
:104C200013B0BDE8F04F05F011BA6C4908225046A8
:104C300017F0A7FB002892D0019B002BEBD096F831
:104C40005033072BE7D0A378022B0AA940F0C68186
:104C5000B4F805001DF0BCFD0028DCD10A9AAB7841
:104C60001178C3F3C30363F3071111700A9A237C0D
:104C70005178DB0963F300015170CCE71D30CAD1D4
:104C800000270DF128091C2239464846079717F0DE
:104C9000AAFB514B1868D6F8DC23F9B2814266D3DF
:104CA0000027FF236FF01B0B1322D6F8DC130393AE
:104CB00002FB0711C87B08A900F01F0004F002F9ED
:104CC00008A8FFF703FF039B1322002872D11BF1F2
:104CD0001C0F15D1C7F3C4014831694407F0070E12
:104CE00011F82C1C21FA0EF1C9075FFA87FC07D5D1
:104CF00019F80710994203D28DF817C00B46834666
:104D000001371C2FD1D1BBF1000F84D1A27C9A4274
:104D100081D99DF8170003F009F828B140F2CA3193
:104D200040F6BC0005F024FD9DF81720B4F8030000
:104D3000514604F069F900283FF425AF40F2CD3127
:104D400040F6BC0005F014FD65E7B4F803000DF172
:104D50001702514604F03CF810F11B0F3FF413AF5B
:104D600010F11D0F8CD000283FF40DAF53E7132036
:104D7000414302EB010B515C01F00301032917D100
:104D80009BF80F1007A801F01F011EF019F89BF8FF
:104D90000F109BF8040001F01F0101F148030DEB17
:104DA00003010D4B11F820CC844538BF01F8200CCD
:104DB00001376FE76FF0010BA2E794F84F30012B3A
:104DC00006AA02D1B4F81310E6E6611D02F0C8FC91
:104DD000E4E600BF8833002064000020EC360020A9
:104DE000D6F8DC1302FB07FB5944C87B0AA900F084
:104DF0001F0004F067F80AA8FFF768FE7D4B132236
:104E000070B9D6F8DC1301EB0B0011F80B1001F0B0
:104E10000301032904D101798A4584BF06908A469B
:104E2000013718688742DBD3069A002A3FF4F3AEB5
:104E3000A37C53457FF6EFAED6F8DC7300234FF02A
:104E4000130C834240F09180B8F1000F0BD0D07B5F
:104E500000F01F0004F0FCF828B140F2254140F6B4
:104E6000BC0005F085FC00210698132217F0BBFA60
:104E7000A3780699022B40F08F80B4F80530CB80E0
:104E8000069BA27C1A7194F953205A719DF8171051
:104E9000DA7B61F30402DA73A17B5A7C61F30502C9
:104EA0005A74627B1A74AA781978C2F3C30262F347
:104EB000071119706A78597CC2F3030262F38711F3
:104EC0005974AA7B9A7396F85023072A5A786CD0A3
:104ED000217CD87BC90961F300025A70AA78C2F319
:104EE000800262F34510D873A878DA7BC00960F3BA
:104EF000861261F3C712DA73DA7BC2F3801101EA1A
:104F0000D21161F3C712DA731A780F2A09D894F80C
:104F10004F20012A51D1A278032A02D1B4F81320DC
:104F200042B15A78D70750D4DA7B12F0600F0CBF29
:104F300003220122197862F38301197021789A788B
:104F400061F304029A70A9789A7C88074CBF42F0FA
:104F5000010202F0FE029A74A978C9074CBF42F020
:104F6000020202F0FD029A7466E60CFB03F107EB05
:104F7000010E795C01F0030103290BD19EF80F109B
:104F800092F80FE081EA0E01C90604BF08F101089A
:104F90005FFA88F8013354E70831601D04F06AF8BD
:104FA0006EE700287FF437AE6AE7D97B42F0010252
:104FB00061F01F01D9735A709EE7002AB1D1A2781F
:104FC000022AAED1B4F80520AAE70122B2E7182AD6
:104FD00008D1294620460FF0FBFA2DE6601D1DF092
:104FE00018FC39E6019B002B3FF415AE2BE613B0FD
:104FF000BDE8F08F64000020034B93F81D040F28D8
:1050000094BF0020012070478833002070B50D4602
:105010000F2106461EF0C5F8114C034640F8065B0A
:105020006DB9B4F83C239A8004F52B71082217F06F
:10503000CFF931460B48BDE8704009F06DBB4FF029
:10504000FF321A715A7104F52B71082217F0C0F95A
:1050500094F807336FF3C30384F80733E9E700BF1D
:10506000883300202D03030007B5064B019302236C
:1050700000935322044BFF2103F056F903B05DF86F
:1050800004FB00BF8D500200C436002013B50C4B4A
:10509000D3F870138A780C7C02F01F021A4482F84D
:1050A0004A438978074C019401F01F0101F24A320A
:1050B000012413440094042203F036F902B010BD19
:1050C00088330020C950020013B50D4BD3F870137C
:1050D0008A784C7C02F01F021A44C4F3050482F85B
:1050E0004B438978074C019401F01F0101F24B32C8
:1050F000012413440094002203F016F902B010BDFD
:10510000883300200951020007B5074B074AD3F83E
:10511000703301920222009206334B22FF2103F0EA
:1051200003F903B05DF804FB88330020315102001D
:1051300030B5194C19490546D4F8700385B00622DC
:10514000083017F01EF998B908224FF0FF310DEB27
:10515000020017F048F9D4F878330193082300933C
:105160004A226B44FF21284603F0DEF805B030BD2B
:10517000D4F87033197A032202FB014101F21511B0
:105180000DF10D0017F024F9D4F870130522093140
:1051900002A817F01DF9DEE788330020D68204004C
:1051A00007B5064B0193022300935322044BFF21C2
:1051B00003F0BAF803B05DF804FB00BFC55102006C
:1051C000C436002013B5074B074C93F84C130194D9
:1051D00001F24B32012413440094002203F0A4F89E
:1051E00002B010BD883300201152020007B5064BF3
:1051F0000193022300935322044BFF2103F094F800
:1052000003B05DF804FB00BFC5260400C4360020CF
:105210001FB50A4B044693F852130DF10E0004F02B
:105220001BF8074B0193022300934B220DF10E0351
:10523000FF21204603F078F804B010BD8833002029
:105240004552020030B50A4D85B095F85213044618
:1052500002A803F0BFFFD5F8783301930823009329
:105260004A226B44FF21204603F05EF805B030BDB2
:1052700088330020F0B51C4CD4F8703394F8747364
:10528000DA8885B00126CDE90166B7FA87F35B09B4
:105290000093B4F83C130023054601F089F88671A9
:1052A00037B940F21F3240F2451128461DF07DFA11
:1052B000002601220621284684F874631DF021FA95
:1052C00094F86C33037094F8073366F3C30384F8DF
:1052D0000733FA2128461DF03BFA0448294605B059
:1052E000BDE8F04009F018BA883300205573020079
:1052F0002DE9F3470025DFF89080DFF89090DFF884
:1053000090A007462E46D8F800309D4203D3304681
:1053100002B0BDE8F0871323D9F8DC236B43D4181F
:10532000D35C03F00303032B15D1E37B227903F055
:105330001F01B94211D118060FD56178C9070CD5E4
:105340005B060AD51F2A0AD926B1214630460FF03E
:1053500005F900B926460135D5E71F2AFBD8DAF84A
:105360000030002BF7D117F027FF01460028F2D1BB
:10537000237901930423009340F24512B9234FF09F
:10538000FF301EF017FBE6E76400002088330020A2
:105390009C4200202DE9F0478AB0002380460E464B
:1053A0008DF81D300AF088FAA8B1824B1B6823B132
:1053B000814F38460AB0BDE8F08717F0FDFE014680
:1053C0000028F5D10090E02340F245124FF0FF3065
:1053D0001EF0F0FAECE70DF11D01304603F092FDEE
:1053E000074608B1754FE4E7317B9DF81D00DFF8F3
:1053F000C4A1FFF77DFF0446002800F08480704DB3
:105400009DF81D000DF11E0103F0E4FDBDF81E30F6
:10541000A5F83E33A378C3F3040385F84C33A3788F
:10542000627C03F01F032B44C2F3050283F84B2375
:10543000A378227C03F01F032B44314683F84A23D0
:1054400005F55570102204F1080616F0C1FF5D49FC
:105450000622304616F095FF002879D059490622D9
:10546000304616F08EFF0DF1200900285FD108228A
:105470004FF0FF31484616F0B6FFDAF80030EBB9CE
:1054800017F09AFED0B9A37803F01F03059399E8AB
:10549000030003AB83E80300637C03F03F03029344
:1054A000BDF81E3001931423009340F245124FF4CF
:1054B0008C7301214FF0FF301EF07CFA0E21404624
:1054C0001DF06FFE237CC372637CC3F3050303737B
:1054D000BDF81E3003800323064683720822494626
:1054E000023016F075FF95F86033737395F8073343
:1054F0003548C5F864436FF3C30385F80733414665
:1055000009F00AF955E7DAF80030002B7FF46AAFAA
:1055100017F052FE014600287FF464AF0090FA2392
:1055200040F245124FF0FF301EF044FA5AE7217A5C
:10553000032202FB015101F215110DF1250016F0B5
:1055400047FF052204F10901484616F041FF94E7A0
:10555000DAF80030D3B917F02FFEB8B9A37803F00A
:105560001F030493E3880393637C03F03F030293D8
:10557000BDF81E3001931023009340F245124FF402
:10558000927301214FF0FF301EF014FA0E214046B5
:105590001DF007FE237CC372637CC3F30503037312
:1055A0000222BDF81E30038006468272A11D1044FF
:1055B00097E700BF9C4200203EFCFFFF3DFCFFFF41
:1055C00088330020D6820400716603002DE9FF4174
:1055D0000B2106461DF0E5FD054640B94FF4A271CA
:1055E00040F2451004B0BDE8F04105F0C1B8847840
:1055F000002C40F0F680008812F0DCFE38B96FF421
:105600003D71304604B0BDE8F041FFF7FFBC7D4C72
:1056100094F84C35082243F0010304F5557104F564
:105620002B7084F84C3516F0D3FE2B88A4F83C334D
:10563000D4F864339B7B84F8B53229880DF10203DA
:10564000012204F5507004F09FFA28B140F2611174
:1056500040F2451005F08CF80023D4F86403019360
:10566000B0F806804FF6FF73984540F08280664997
:105670000622083016F085FE002866D108224FF079
:10568000FF310DEB020016F0AEFE60480DF1030194
:1056900003F038FC28B14FF4CB7140F2451005F00F
:1056A00067F89DF8030001AA414602F02FF828B1DF
:1056B0004FF4CC7140F2451005F05AF801980121E1
:1056C00002F08AF928B14FF4CD7140F2451005F08F
:1056D0004FF84FF6FF7398450DF102034ED10122AA
:1056E000002102A804F0D2F9074600284CD040F26D
:1056F000BF1140F2451005F03BF80F213046AF785E
:105700001DF04FFD0760B4F83C3383800822404908
:105710000546063016F05CFED4F864333D485B7CE9
:10572000C3F30503AB73314608F0F6FFD4F86433D6
:1057300094F80723DB88B3FA83F35B0963F3C302AE
:1057400084F8072304B0BDE8F081D4F86433197AF3
:10575000032202FB014101F215110DF10D0016F0BB
:1057600037FED4F864130522093102A816F030FE82
:105770008BE70822E91C0DEB0200F7E70022114637
:10578000404604F0B9F8AFE708221F490DEB0200CC
:1057900016F0F7FD88B14FF6FF7398450DD00DF167
:1057A00002033A464146E81C04F0EEF928B14FF4F2
:1057B000E47140F2451004F0DBFF9DF8020001AAFD
:1057C000002102F0ADF8002897D1019B5A7860F3D0
:1057D00084025A709DF8023084F852331EF04AF861
:1057E0008BE70849D1F86433DA7B6FF3C712DA73B9
:1057F00001F555713046FFF7CDFD0028A2D00649CE
:10580000091BFEE688330020D682040034360020CF
:10581000DC3600202D03030000FEFFFF07B5084B18
:10582000084AC3F8781301920222009203F23E3331
:105830005022FF2102F078FD03B05DF804FB00BFA9
:105840008833002069500200F0B587B00023054678
:105850000DF1130147488DF81330059303F052FB07
:10586000444FA7F5597418B3434B1B689BB917F005
:10587000A3FC064678B997E8030001AB83E8030070
:105880000823009340F245124FF41B7331464FF04A
:10589000FF301EF08FF800234FF6FF7084F850336E
:1058A00002F064F935492846FFF7B0FB07B0F0BDB8
:1058B00094F86C139DF81300FFF71AFD94F8423E1C
:1058C0000590DB071AD52C4B1B6883B917F074FCC5
:1058D000014660B9B4F8403E01930423009340F2BE
:1058E00045124FF419734FF0FF301EF063F8B4F80F
:1058F000401E9DF8130005AA01F008FF059B002B30
:10590000B2D01F499DF8130003F064FB4FF6F67602
:10591000B4F83C33013B9BB2B34224D80598C4F899
:105920007003012102F058F80446B8B140F2962104
:1059300040F2451004F01CFF0F4B1B6873B917F0C1
:105940003BFC014650B904230093019440F2992393
:1059500040F245124FF0FF301EF02CF8094928465E
:10596000FFF75CFFA2E74FF6FF701DF093FFA4F86E
:105970003C03CDE7EC3600209C4200203DFCFFFFBD
:10598000C63600207552020007B5084B084AC3F816
:10599000781301920222009203F23E335022FF213B
:1059A00002F0C2FC03B05DF804FB00BF88330020A6
:1059B000A15102001FB518B3C37B00226FF3C713B8
:1059C000C3731146C0880DF10F0303F095FFB8B9FA
:1059D0009DF80F0001F094FF044688B1094B1B6845
:1059E00073B917F0E9FB014650B904230093019401
:1059F00040F2473340F245124FF0FF301DF0DAFF1E
:105A000004B010BD9C42002013B5244B93F84943C9
:105A1000D3F8700384B900283DD093F87523022A87
:105A20000BD8204602F00AFA1D486E22214602B029
:105A3000BDE8104008F0ACBF68B3002283F87523BE
:105A400083F8762393F8D826D2075CBF012283F827
:105A50007423FFF7AFFF13481DF01AFA0446D0B1C4
:105A6000114B1B6873B917F0A7FB014650B904230B
:105A70000093019440F2763340F245124FF0FF302C
:105A80001DF098FF40F2773140F2451002B0BDE8BA
:105A9000104004F06DBE02B010BD00BF883300207E
:105AA000095A0200495802009C4200202DE9F041A9
:105AB00088B007461DF03DFA05461CF02AFE411C41
:105AC00038461DF051FA814C064609F0F5FE94F86F
:105AD0005033002B47D1002800F0F480B378002B1E
:105AE00040F0F08032884FF6F7739A4200F2EA8075
:105AF0006B7819072FD4A88804A903F029FF90BB5D
:105B000004A81CF0B5FE804668BB3088A4F83C03AE
:105B100080B21CF0B5FDB4F83C136D480DF10B03D9
:105B2000424604F031F828B140F2C33140F245104A
:105B300004F01EFE6748394608F0EEFDAB8894F885
:105B40000723B3FA83F35B0963F3C30284F80723E3
:105B500008B0BDE8F0810822A91804F5507016F0CD
:105B600010FC0028C7D094F85033072B40F0AA80CF
:105B7000D4F8700358490622083016F002FC0028B9
:105B800069D108224FF0FF3106A816F02CFCB3783B
:105B9000002B7BD132884FF6F7739A4276D86B7818
:105BA000DA0673D51B076AD44B49082206A816F0FB
:105BB000E8FB38B1082206A905F1100016F0E1FB58
:105BC000002863D1318842480DF10B03012203F014
:105BD000DBFF28461CF08FFDD4F870133F4BC988BB
:105BE000002203F0D1FF33883D49A4F83C3394F8F8
:105BF0004C35082243F00103A1F1B80084F84C357C
:105C000016F0E6FBD4F87033D88801F0AFFF00211E
:105C100094F8520384F8501303AA01F081FE00287F
:105C20003DD1039B5A7860F384025A701DF022FE26
:105C300000238DF80C30274B01930123009346225B
:105C400003ABFF21384602F06FFB002211462548C6
:105C500009F068F87CE7D4F87033197A032202FB64
:105C6000014101F215110DF11D0016F0B1FBD4F840
:105C700070130522093106A816F0AAFB87E708224F
:105C80001349A81816F07DFB00288DD0D4F87003B6
:105C9000FFF790FE3946144808F03EFDD5E7134B58
:105CA0001B68002BC4D117F087FA01460028BFD12A
:105CB000009040F21B4340F245124FF0FF301DF0C0
:105CC00079FEB5E7384604F0C1F941E78833002092
:105CD000C8360020ED510200D6820400DA360020DA
:105CE000EC360020095A0200495802009C4200206C
:105CF0002DE9F041102186B004461DF052FA064607
:105D000040B940F2544140F2451006B0BDE8F041C0
:105D100004F02EBD5E4D95F8D03300216FF3C30320
:105D200085F8D03385F82513037B95F8D023DB095C
:105D300063F3861204AB85F8D02300F108070193C2
:105D40000DF10D0300933A4603AB0846FEF732FB14
:105D5000002840F09A80737B032B18D8DFE803F00B
:105D6000021A4682337B85F86033002138461DF0E5
:105D700059FB012840F08980102120461DF011FABE
:105D800001462046FFF706FB0146002866D106B013
:105D9000BDE8F081102120461DF003FA95F850135C
:105DA0000646002959D105AB00F1080701930DF112
:105DB0000F0300933A460DF10E030846FEF7FAFA78
:105DC000002862D1394633481DF0A1FA082385F82E
:105DD0005033059BB27B01939DF80F3000939DF8E3
:105DE0000E3003212046FEF74BFBD0E71021204662
:105DF0001DF0D7F995F85013064671BB05AB00F1BD
:105E0000080801930DF10F03009342460DF10E03B4
:105E10000846FEF7CFFA0746002836D10822314659
:105E20001D4816F0D5FA337B1A4885F86C33414685
:105E30001DF06DFA072385F8503395F8D03367F3DA
:105E4000C30385F8D033059BB27B01939DF80F30D7
:105E5000009301219DF80E30C4E710492046FFF75A
:105E6000D5F894E70E4B1B68002B90D117F0A4F9DE
:105E7000014600288BD1009040F28D4340F245123C
:105E80004FF0FF301DF096FD81E76FF47071E5E78C
:105E9000883300205C370020EC3600203DFCFFFFFB
:105EA0009C42002010B5242104461DF07AF9437865
:105EB0000549002B08BF00212046FFF7A7F8034B38
:105EC000002283F8502310BD36FCFFFF88330020EA
:105ED000034A92F8D13343F0010382F8D13370477B
:105EE0008833002037B54FF6FE730D210546ADF817
:105EF00006301DF070F8532302220370FF238270D6
:105F0000044643700DF106010B3016F061FA044BA4
:105F1000C4F803302946034808F0FEFB03B030BD47
:105F2000295F02002576020010B50C2104461DF001
:105F300052F846230370FF2343700123837000232C
:105F4000C372C37003714371837121460248BDE877
:105F5000104008F0E1BB00BF25760200F0B5172124
:105F600087B005461DF01DF96A46034600F110078B
:105F7000164618685968144603C40833BB422246C3
:105F8000F7D11868206099889B79A371A180284671
:105F900017211DF009F931460822044616F018FAB7
:105FA00002AB03CBA060E160BDF8103023829DF806
:105FB0001330A27C114803F00F0363F30402A274B0
:105FC0009DF81330D2B2C3F3011363F34612A274E7
:105FD0009DF81330E27C9B0963F34612E2749DF84E
:105FE000143023759DF8153063759DF81630A37530
:105FF0000422294608F0CCFC07B0F0BD1976020057
:1060000073B50D46042106461DF0CBF80446280A58
:106010001CF05BFBE9B220700DF1060003F01CF9E7
:10602000BDF80630A4F801303146024808F074FB90
:1060300002B070BDE9F60200F8B50F46092114461A
:1060400005461DF0AEF8FF2C06460AD108220021B5
:1060500016F0C9F9377229460448BDE8F84008F03F
:106060005BBB214603F0B6F8F4E700BF95040300DC
:1060700010B5064C94F8062494F80714FFF7DCFFDB
:1060800094F80604BDE8104003F084BA8833002079
:1060900010B5064C94F8042494F80514FFF7CCFFCF
:1060A00094F80404BDE8104003F074BA883300206B
:1060B00030B5044685B0104600220D460DF10F03A1
:1060C000114603F019FC38BB9DF80F3043EA052157
:1060D00034B10A461348214608F074FB05B030BDC0
:1060E000224610481CF0F9FE04460028F6D00E4B5C
:1060F0001B68002BF2D117F05FF801460028EDD1A4
:1061000004230093019440F24B6340F247124FF096
:10611000FF301DF04FFCE1E7002CDFD0204603F0FC
:1061200095FFDBE7016002009C42002030B585B09E
:10613000014604460DF10E0003F08EF800222146C0
:106140002E4808F0EFFDBDF80E104FF6FF72914299
:1061500030D02B4BB3F83C0388422DD12948A3F80B
:106160003C231CF095FE054688B1274B1B6873B98C
:1061700017F022F8014650B904230093019540F628
:10618000577340F247124FF0FF301DF013FC1CF024
:10619000A7F809F091FB48B1204603F08BF928B12C
:1061A00040F6667140F2471004F0E2FA17482146C3
:1061B00008F0B2FA05B030BD20461DF0DBFF2046E6
:1061C000F9F720FB204601F09BFB05460028EDD0A7
:1061D0000D4B1B68002BE9D116F0EEFF014600289D
:1061E000E4D104230093019540F6757340F2471201
:1061F0004FF0FF301DF0DEFBD8E700BF2D6102003D
:1062000088330020E55E02009C420020F326040053
:10621000F8B5104F1646B7F83C334A889A420546FF
:106220000C4613D107211CF0BCFFA3880380132365
:106230008370B7F83C33A0F80330FF2346718371B5
:1062400029460548BDE8F84008F066BABDE8F840C0
:1062500003F0FCBE883300206D82020010B5064CAE
:106260008C222046002116F0BEF8FF23A370BDE863
:106270001040002004F0A2BAD83600202DE9F041E9
:10628000374C384A43F60953A4F8A832022384F85D
:10629000AB320F2384F8B632D4F804331A40324BB1
:1062A000002513434FF0FF0810222946064604F547
:1062B0002E70C4F80433A4F8FC8284F8FE52C4F8AB
:1062C000005316F090F894F8073384F8C85265F339
:1062D000451384F807334FF0FF370122414604F29B
:1062E0004B30C4F83C7316F07EF894F8063336BB96
:1062F00066F3820384F8487384F806331C221B4833
:10630000002116F070F84FF6FF72A4F8F422022272
:1063100084F8122E94F8D123002363F3000284F84A
:10632000D12394F81C2484F8253363F3C71284F82E
:10633000B53284F81C24BDE8F04101F009B965F3D9
:10634000820384F806330820012384F82433A4F858
:10635000487308F08BF808F09FF808F097F8CDE73D
:10636000883300200000E4FF0F030B00903600206C
:1063700008B50120FFF782FFFFF770FF01F0B0F9C9
:10638000074B084893F81C246FF3000283F81C2481
:10639000BDE8084040F24A22002108F0F9BA00BFE7
:1063A00088330020D15E020000487047C4360020C8
:1063B0002DE9F04186B014469DF83020724F8DF8DB
:1063C00000209DF834208DF801200022ADF8022035
:1063D00097F806239DF83830ADF80410D20606462B
:1063E000ADF80640084600D5FBB1B7F83C33834210
:1063F00040F08E806549082204A815F0E9FF0123CA
:106400008DF802304FF6F7739C420ED802A9204651
:1064100003F09EFA48B908225D490DEB020015F021
:10642000B0FF10B101238DF803309DF802209DF8D4
:106430000330002A14BF1025082503B108359DF844
:1064400000400CB10E35042430461CF027FF9DF8A7
:106450000180430748BF0434B8F1000F60D02946DB
:1064600030461CF0B8FD02220021044615F0BBFFA7
:106470009DF801202378002A75D043F0090323708A
:106480009DF802309DF803201B0143EAC2036278A5
:106490001343DBB2637097F8252312B143F0200356
:1064A00063709DF8003063B1254497F8EB3205F82E
:1064B000013C637843F002036370022130461CF014
:1064C000B4FEBDF80430A380BDF80630638001231C
:1064D000A37197F8AA329DF80220E371013387F87F
:1064E000AA329DF80330002A43D004F108000822A4
:1064F000002B45D00DEB020115F06AFF082204A91C
:1065000004F1100015F064FF204606B0BDE8F081EC
:1065100004A903F01DFA00283FF471AF00236FE7D0
:1065200030461CF010FD05F10B03234403447F2B80
:106530000CD99DF8023013B18DF80280083D9DF80A
:1065400003301BB100238DF80330083D30461CF0AA
:10655000FAFC0B342C4404447F2C13D829463046D3
:106560001CF02FFE7FE797F8122E43EA8203DBB27E
:1065700085E7002BC8D008220DEB0201A018C1E767
:1065800004A9BFE70024BFE788330020C8360020F5
:10659000D68204000146014808F0BEB855760200D4
:1065A00070B588B00146044602A81DF01BFF0546E1
:1065B00020461CF0BEFC435DC3F38303022B06465A
:1065C0001BD109F079F940B100200DF083F917488B
:1065D000214608F051F908B070BD154B93F85023CF
:1065E000072AF1D0D3F8BC341BB1204698470028C5
:1065F000EAD1204603F02AFDEDE70E4B1B68002B85
:10660000F7D116F0D9FD01460028F2D1735DC3F32E
:10661000830301930423009340F2471240F62903B9
:106620004FF0FF301DF0C6F9E3E700BF4D6F0200E9
:10663000883300209C42002037B500283ED0204AF5
:1066400092F8CC33834239D1002382F8CC33D2F88C
:10665000C833996891B3186818440139047B99606C
:10666000D2F8C80317490368096801334908B3FB26
:10667000F1F501FB15330360134B82F8CC431B6823
:1066800073B916F099FD58B904230093019440F6AC
:106690003E0340F2471201214FF0FF301DF08AF90E
:1066A0002CB940F63F0140F2471004F061F807486A
:1066B000214603B0BDE8304008F02EB803B030BD2D
:1066C000883300207C0000209C420020552F0200CF
:1066D000F0B55F4B1B6887B006460D467BB916F0D8
:1066E0006BFD014658B908230093CDE9016540F6DA
:1066F000FC7340F247124FF0FF301DF05BF9554C30
:10670000554800273A46FE2184F8257308F00AFB15
:1067100094F8D03384F8087467F3C30384F8D03353
:1067200011F0F4FE4FF6FF70FBF744FD09F0C4F8DA
:1067300060B10DF117033A46394604F5507003F085
:10674000A5F918B99DF8170002F024FF94F8073353
:106750006FF3C30384F8073395B109F0ADF800284F
:1067600064D194F84C353D486FF30003314684F80A
:106770004C3507F0D1FFFF2384F8523307B0F0BD4A
:1067800094F8D836B4F83C0365F3000384F8D8369F
:106790002A460DF11703294603F0AEF818B99DF803
:1067A0001700FFF7C3FC082200212D4815F01BFE3F
:1067B0002C492D48082215F0E4FD68B31DF077FA46
:1067C000024648BB01460DF11703274803F05EF966
:1067D0000546E0B92549082201F5CC7015F0D1FD38
:1067E000A8B194F8C9345B0609D59DF8170002F0EA
:1067F000D1FE94F8C93465F3861384F8C9349DF842
:10680000170094F85233834201D0FFF78FFC1648EB
:106810000822002115F0E7FD94F85203FF2801D06B
:10682000FFF784FC304609F00FFEA4E794F852030A
:10683000FF2896D001F064F828B141F2270140F218
:10684000471003F095FFFF2384F8523389E700BF18
:106850009C4200208833002025E2020055150300E9
:1068600034360020DE82040060380020C836002064
:10687000F8B50E461421044617461CF095FC054653
:10688000BEB10D4B9B1BC5F80F3067B120461CF005
:1068900050FB43882B800223AB731BF03AFF014669
:1068A00020461CF016FC21460448BDE8F84007F0DD
:1068B00033BF3346E7E700BF00FDFFFF5923020067
:1068C0002DE9F041172104461CF06BFC05460689B2
:1068D00020461CF02EFBAB7C03F0F703E12B0746B0
:1068E00008D12B7D33B1013BDBB22B757BB918206E
:1068F0000BF0E2F86B7DA97CA3F1F702072A00F206
:106900009A80DFE802F03E98980E8533984308F0AD
:10691000D3FF0028EED05E482146BDE8F04107F0E5
:10692000FBBE5C4D95F85033072B40F0AE805A48C3
:106930000022FF2108F0F6F995F849635EB9314667
:1069400055486E2208F024F885F875632046BDE8A6
:10695000F04101F073BA50484FF4A572002108F0DD
:1069600017F82046BDE8F04103F070BB494B93F89F
:1069700009142046FF22BDE8F04101F00101FFF7B4
:106980005BBB2046BDE8F04107F09CBD17212046C7
:106990001CF007FC054620461CF0CBFA1BF0B9FEA4
:1069A000411C20461CF0E0FAB5F808803B4BAF7C58
:1069B000002206461146404602F09EFF28B140F2F2
:1069C000947140F2471003F0D3FE3378314D3448D0
:1069D000C3F3401385F807341CF05AFA18B995F838
:1069E000060402F00DFD092120461CF0DDFB0546E2
:1069F000404605F8017B294602F0AAFF28B108228B
:106A00004FF0FF31284615F0EEFC2648214684E77A
:106A1000172120461CF0C5FB0921857C06892046EC
:106A20001CF0C2FB4FF6FF739E420570EDD0451C73
:106A300029463046E0E7F62B07D9002991D03246A7
:106A40002046BDE8F041FFF733BB3B7803F003037A
:106A5000032B02D1144821465FE789B1F1290FD0F9
:106A6000DA290DD032460020FFF722FBA87C1BF06C
:106A70002CFE012201462046BDE8F041FFF7F8BE9A
:106A8000044B002283F89527F0E7BDE8F08100BFB2
:106A90005D5F020088330020095A02008E37002013
:106AA0007160020035050300215003002DE9F04F0D
:106AB00089B006461CF03DFA002390F8009004933C
:106AC0000446082130461CF06CFB0822014606A84B
:106AD00015F07EFCA3793BB119F0020F04D1A08818
:106AE0004FF6F773984205D9304603F0AFFA0CF031
:106AF00073FFA5E11AF077F9A3888BB9B84B93F926
:106B00003A3E002B0CDA6378DA0609D51B074CBF36
:106B100004F1100004F1080011F064FA0028E3D039
:106B200062884FF6F7739A4209D9AD4BA188B3F842
:106B30003C23914203D193F8D133DF07D4D5637856
:106B40009D06D1D49807C3F3400840F1AA80A44B16
:106B500093F8D836D907C7D5304601F01BFF002877
:106B6000C5D130461CF0E5F91221044630461CF030
:106B70005CFB082130461CF014FB082206A915F026
:106B800027FC30461CF0D5F943789A0709F0030931
:106B9000804640F12081DB0640F11D81082130460E
:106BA0001CF0FFFA054640461BF0B3FDB8F8042080
:106BB0006B889A42A0F1090398F8012008EB0300C2
:106BC00040F0DD80170748BF08F110014FF00802C0
:106BD00058BF08F1080115F0D4FB63884FF6F7722F
:106BE000002840F0C280934200F22D8130461CF014
:106BF000A0F904461BF07FFD02F07AFF002800F0A8
:106C00005281A2884FF6F7739A4200F2B0806378FF
:106C1000D90640F1408120461BF06DFD00220DF1A8
:106C20000F031146054602F031FF18B963789A0741
:106C300040F13181A1880DF10F030022284602F0B6
:106C4000A3FF63789B0705460AD520461BF061FD2C
:106C50002044BDF81A1005AB0022093802F094FF59
:106C6000002D40F084805E4B93F84933002B7ED09A
:106C7000A288BDF81A309A4279D1BDF8183023F0B5
:106C80000F039BB24FF6F072934203D19DF91D3072
:106C900050336CDB9DF80F0005AA012100F040FE87
:106CA00065E030461CF045F9057882461BF031FD61
:106CB00005F00305012D834603D130461BF040FD4E
:106CC000804608F0F9FD002843D0454F97F8D836A4
:106CD000DA073ED5012D1AD1B8F1060F0BD1BAF85B
:106CE0000220B7F83C339A423FF44BAF08F0E4FD82
:106CF00008F0E2FDF8E608F0DFFD0028F8D197F88B
:106D0000D836DB07F4D4B8F1070FF1D139E708F032
:106D1000D3FD08F0D1FD00283FF4E6AE304B93F8E8
:106D2000D836D8073FF5E0AE002D7FF4DDAE5946EA
:106D300030461CF019F9037803F00302012A7FF4AE
:106D4000D3AE99063FF51DAF8378052B7FF4CCAE0B
:106D500017E708F0B1FD0028DBD1214B93F8D836B6
:106D6000DF07D6D4012DD4D1CDE793427BD8A379C8
:106D7000B9F1010F03F1FF33A3714BD11DE01507EA
:106D800048BF08F110014FF0080258BF08F1080190
:106D900015F0F7FA638805464FF6F77200287FF47E
:106DA00022AF9342E3D94FF6FF72934262D1B9F119
:106DB000010F17D1A379013BA37130461BF0C0FC32
:106DC000431EDBB20C2B024640F282802146304645
:106DD000FFF71EFA8BE663884FF6F77203E700BFF2
:106DE00088330020564B93F849337BB10025204669
:106DF00011F06AFB00287FF477AE204611F028FBE3
:106E000000283FF471AE002D7FF4F0AEA379013B72
:106E1000DBB2A3714A4D6388B5F83C23BDF81A0074
:106E20009A4204A903D04FF6F772934264D91BF03B
:106E3000CFFC002800F082804248314607F01CFD5C
:106E400009B0BDE8F08F4FF6FF72934211D1B9F14E
:106E5000010F3FF4CBAE3A4B93F84933002B3FF48C
:106E6000C5AE0125C3E74FF6FF7293429FD00025C0
:106E700000E001254FF6FD7293427FF435AE304BB2
:106E800093F84933002B3FF42FAEB9F1010FAED187
:106E9000002D8FD0AAE6A0880DF10F03002201215A
:106EA00002F02AFDCDE6284B1B68002B7FF41CAEB8
:106EB00016F082F9014600287FF416AE009040F6E5
:106EC000373340F247124FF0FF301CF073FD0BE6F2
:106ED000012861889ED04FF6F77399429AD9184BD2
:106EE00093F84933002B3FF4FFAD204611F0ECFA44
:106EF00000287FF4F9AD8DE71BF06AFC04460028FA
:106F00007FF4F2AD95F9383E002B049BA1BF9DF8AC
:106F10001C201A719DF91D205A715A7812F01C0F0D
:106F200008D193F9050010F1640FB4BF00200120CF
:106F300019F0DAFE002C3FF4D7AD7DE70124E1E73C
:106F400088330020F97002009C420020F0B508212F
:106F500087B004461CF025F90021067820461BF076
:106F6000F7FB0546C67120461CF0C0FB2871204681
:106F70001CF0B6FB2146687168461DF033FA022109
:106F8000064620461CF089F8314620461CF0A1F840
:106F90000378C3F38303022B064630D120461BF04F
:106FA000D2FF074630461BF0B4FB874227D0337828
:106FB00003F00303032B09D195F905302A796946BB
:106FC00020460EF043F80CF007FD16E09DF8153052
:106FD0009A09022A13D1C3F38103022B0FD1BDF802
:106FE00008304FF6F772934209D86B80BDF8003035
:106FF00005482B80214607F03FFC07B0F0BD204636
:1070000003F024F8DFE700BFAD6A02007FB5082176
:1070100005461CF0C6F804462DB94FF4507140F2F5
:10702000471003F0A5FB2CB940F2413140F2471064
:1070300003F09EFB08F040FC024630B9C22128460E
:1070400004B0BDE87040FFF713BCA179274E19B119
:1070500096F8D81601F00101E3782288009100200B
:10706000CDE90100591E4B424B412846B6F83C136E
:10707000FFF79EF930B396F83D3EDA0744BF96F825
:107080003E3EC371A3781BB996F8B6325B00DBB203
:10709000837163795BB122884FF6F7739A4206D801
:1070A00043785B075EBF037843F040030370E179E8
:1070B00028461BF04DFB0E48294604B0BDE8704041
:1070C00007F02ABB0B4B1B6863B916F075F8014635
:1070D00040B900904FF46E7340F247124FF0FF300A
:1070E0001CF068FC0022D321A9E700BF88330020F0
:1070F000557302009C420020F0B587B004461BF097
:1071000018FF077805461BF004FB07F00307064647
:10711000002F6AD1784D95F8CC3343B9774885F87C
:10712000CC43214607B0BDE8F04007F0F5BAD5F8EA
:10713000C823734E92683168724BB2EB510F1B68D3
:1071400029D28BB916F038F870B995F8CC33CDE95F
:1071500001430823009340F2471240F623530121D4
:107160004FF0FF301CF026FCD5F8C8335A681344A2
:107170001C73D5F8C823936801339360D5F8C813FE
:1071800032684B6852080133B3FBF2F002FB103354
:107190004B6007B0F0BD73B916F00EF8014650B958
:1071A00004230093019440F6295340F247124FF014
:1071B000FF301CF0FFFB0CF00FFC002CE9D0514B12
:1071C0001B6863B915F0F8FF014640B9009040F61E
:1071D000D55340F247124FF0FF301CF0EBFB204636
:1071E00007B0BDE8F04002F031BF012FE5D12046E5
:1071F0001BF0A6FA0428024648D1711C20461BF059
:10720000B3FE002706788DF81370059708F054FB3D
:10721000A0B13946A8880DF113033A4602F06CFB81
:10722000014658B99DF8130005AA00F079FB28B96A
:10723000730607D5A8881BF09AFAB0B1204602F071
:1072400005FF1EE02C4D9DF813302F4885F80434BF
:10725000C6F3401685F805641BF01AFE0028EDD130
:1072600095F8040402F0CCF8E8E7234B6A88B3F8F9
:107270003C339A42E2D1FF22C6F340112046FEF78A
:10728000DBFE07B0BDE8F0400CF0A6BBC31E092B27
:107290002DD801A151F823F0B7710200EF7202005E
:1072A000EF720200EF720200C1720200EF72020080
:1072B000EF720200DD720200EF720200C97202007A
:1072C0002046FEF7F3FBDCE7711C20461BF04CFE6A
:1072D00029460246204607F027F9D2E7064BD3F8A5
:1072E000B434002B3FF467AF20469847C9E72946DE
:1072F0002046FEF78DFFC4E788330020552F02009B
:107300007C0000209C4200209160020070B50E4677
:10731000172115461C461BF047FF837C068004F0AE
:107320001F0423F07F0344F040041C43C37C058109
:10733000022262F34613C374054B8474B3F83E33E0
:1073400003829DF8103043750023037570BD00BFA4
:10735000883300202DE9FF4104461BF0EAFD082197
:10736000054620461BF01DFF87792CB940F2445199
:1073700040F2471003F0FCF9454B5B681BB1204617
:10738000984700285FD0204602F022FE20461BF0DE
:10739000D0FD404E4388ADF80A3081889AB2B6F8E5
:1073A0003C33994208D04FF6F7739A4204D8437899
:1073B00013F0040F08BFF82796F85033072B45D079
:1073C00096F8520303AA002100F0AAFA28B140F26D
:1073D000024140F2471003F0CBF996F852130DF139
:1073E0000A0001F039FF039B93F8028008F01F08A0
:1073F0002B7803F00303012B02D120461BF0A0F9E8
:1074000096F849332BBB20461BF093FDBDF80A20AC
:1074100000974FF6FF73D31A18BF0123B6F83C1339
:1074200005462046FFF772FF172120461BF0B9FEE4
:1074300080F816806A884FF6F7739A4220D916486A
:10744000214607F069F904B0BDE8F0814FF000086B
:10745000CEE76A884FF6F7739A42D4D9284611F0DE
:1074600033F80028CFD1284610F0F2FF0028CAD107
:10747000F62F08D80122CF212046FFF7F9F9E2E7DD
:1074800004230375DBE7204602F0E0FDDBE700BFE5
:10749000A4420020883300201976020007B54FF679
:1074A000FF73ADF80630084B93F85213074B1B6877
:1074B000994203D20DF1060001F0CEFEBDF80600A0
:1074C00003B05DF804FB00BF883300206800002093
:1074D00010B504461BF02DFD037823B14FF4C571A0
:1074E000282003F045F90549054B91F84C13204637
:1074F0004A22BDE8104000F04BBF00BF8833002097
:10750000057502001FB504461BF013FD037823B177
:1075100040F27511282003F02BF9042120461BF0BE
:10752000D8FD20461BF005FD082201460DEB0200A8
:1075300014F04EFF054B0193082300934A226B443D
:10754000FF21204600F0F0FE04B010BDB12704007A
:1075500013B5154C94F82C3301A86FF3040384F889
:107560002C331BF0ADFF019B03F07843042243F062
:10757000FF6343F4FF230DEB020104F54D7001930B
:1075800014F026FFD4F82C3323F020031B041B0C2B
:1075900043F4801343F02003C4F82C33002384F811
:1075A0004C3302B010BD00BF883300200E4BD3F81F
:1075B0003403C30E0BD0172B20F078400CD0183BAF
:1075C000072B0ED8002814BF102000207047003869
:1075D00018BF0120C0007047003818BF012080008C
:1075E00070470020704700BF883300201FB5044655
:1075F00008F04EF8074B01930223ADF80E000093FC
:1076000053220DF10E03FF21204600F08DFE04B041
:1076100010BD00BFD17402000146014807F07CB8DC
:107620006D6E03000146014807F076B8417403000F
:107630000146014807F070B8D559030001460148DA
:1076400007F06AB88D8002000146014807F064B86F
:10765000557503000146014807F05EB8C168020095
:107660002DE9F0471B4B92461A681B4B8946D3F80D
:10767000DC63804601231321934202D36FF015008F
:1076800023E001FB03F7F519F45D14F001041ED1AA
:1076900013222146284614F0A6FEF35D0F4923F07D
:1076A000030343F00303F3550622A5F8069005F102
:1076B000080014F08DFEEB7B68F30403EB730920E4
:1076C000CAF800500AF0F8F92046BDE8F087013307
:1076D000D2E700BF6400002088330020D682040077
:1076E00010B5084B084C1A68D4F8E0034FF0FF318E
:1076F00014F079FE43F60543A4F8F0330023C4F8F0
:10770000E43310BD6800002088330020F0B400236B
:107710001360114B1F68114B4FF0130CD3F8DC634F
:1077200001239F4202D8F0BCFFF79ABF0CFB03F580
:107730007419755D05F00305032D07D1E5888D42A9
:1077400004D1E57B05F01F05854201D00133E8E750
:1077500014600020F0BC70476400002088330020D3
:107760002DE9F04F0E4685B0074602A93046154672
:1077700001F080FCDFF87CA0DFF87C904FF001087E
:107780006FF01B044FF0130BDAF80030434513D8A9
:1077900014F11C0F0CD12A464FF6FF713846FFF743
:1077A0005FFF044620B929683046083101F062FCC9
:1077B000204605B0BDE8F08FD9F8DC330BFB08F2AA
:1077C00098189B5C03F00303032B10D1C37B03F0D9
:1077D0001F03BB420BD102A9083001921BF004FB2E
:1077E00028B1D9F8DC33019A13442B60002408F146
:1077F0000108C9E7640000208833002008B50A4B5F
:107800001B68984207D34FF4A47040F26B1102F04A
:10781000AFFF002008BD054BD3F8E033185CFF38FC
:1078200018BF0120F6E700BF680000208833002061
:10783000F8B5144F144C002513263A68D4F8DC032D
:10784000EBB29A4211D87243002114F0CCFD0F4BD9
:10785000D4F8E0031A68002114F0C5FD0023C4F831
:10786000E833BDE8F840FFF73BBF7343C218C35C81
:1078700003F00303012B02D1D07901F08BFE013517
:10788000DBE700BF64000020883300206800002090
:10789000034AD2F8E4330133C2F8E433704700BF3F
:1078A0008833002010B5154BD3F8E023FF2414547F
:1078B00001EBC102D3F8DC3301EB42015A5C6FF3F8
:1078C00000025A5401F066FE0A20FFF7E1FF0AF0B9
:1078D000F3F803F02FFF0B2006F0F6FA0C2006F069
:1078E000F3FA0F2006F0F0FA132006F0EDFA1F204D
:1078F00006F0EAFABDE8104003F02ABF8833002002
:1079000008B5064BD3F8E033195CFF2903D0FFF725
:10791000C9FF002008BD6FF01B00FBE78833002083
:107920002DE9F8432A4DD5F8E0331B5CFF2B0646C2
:10793000174618D109B3274BD5F8DC231B684FF045
:10794000000813205FFA88F4A34203D86FF01500F3
:10795000BDE8F883444308F1010C115D11F0010901
:107960000ED0E046EEE703EBC30203EB4203D5F88B
:10797000DC2313443B600020EAE76FF01B00E7E7DD
:10798000304601F03DFDD5F8E03303F80680D5F828
:10799000DC8308EB040513224946284614F023FD36
:1079A000EE7118F8043023F00D0343F00D0308F8CE
:1079B00004306B7823F05F0343F00E036B707F237A
:1079C0006B7109203D600AF077F8FFF761FFD2E79D
:1079D0008833002064000020F0B5037803F003032F
:1079E000032B87B004460D4605D040F241214FF4E9
:1079F000A47002F0BDFE584EDDB1584BD6F8DC1332
:107A00001A6813235A430025AA4212D04B5D13F083
:107A1000010701EB050005F1130C58D12146132293
:107A200014F0D6FC237867F300032370D6F8DC4308
:107A30002C44E2884FF6FF739A4204F108054FD0B8
:107A400006224749284614F09CFC0246002840D0F4
:107A5000294604A801F03CFBE1880DF10F03002248
:107A600004A802F091F8D6F8E03305469DF80F001F
:107A70001B5C002D40D1FF2B3ED101F0C1FC05461F
:107A800010BB01460B22A01D14F0ADFCD6E9F73166
:107A900034489DF80F20E31A43438B5422789DF815
:107AA0000F10E17102F00C03083B65F3410218BFAF
:107AB0000123227062785B0043F00C0322F01E0267
:107AC00013436370FFF7E4FE284607B0F0BD654638
:107AD0009AE7E0880DF10F03012101F00DFFC2E7E5
:107AE000294604A801F0F4FA0DF10F030022012148
:107AF00004A801F0CBFFB6E703EBC302D6F8DC1312
:107B000003EB4203CA1894420FD0CA5C02F00C0087
:107B10000C2801BF2078C0F3810060F38302CA54AF
:107B2000237823F003032370CEE70F4B1B68002B51
:107B3000CAD115F041FB01460028C5D19DF80F3090
:107B40000193042300934FF4A47240F2AE234FF04C
:107B5000FF301BF02FFFB7E78833002064000020C0
:107B6000D68204001BCA6B289C4200202DE9F04FEE
:107B700087B0054607F0A0FEDFF81481074600280D
:107B80007BD040480DF1170101F0BCF94FF6FF73AF
:107B90009D4213D10024DFF8F0A04FF00009012628
:107BA0004FF0130BD8F800309E421AD3B9F1000FF2
:107BB00001D01BF05FFE07B0BDE8F08F00220DF191
:107BC00016031146284601F097FE0028E2D12E4AFE
:107BD0009DF81630D2F8E023D45CFF3C18BF012496
:107BE000D9E7DAF8DC230BFB06F3D018D15C01F0FF
:107BF0000301032926D1C17B9DF817C001F01F01A5
:107C0000614521D1C188A9421ED1ECB92146FFF7B7
:107C1000E3FEF0B11D4A12687AB9039015F0CCFA70
:107C2000039B50B90193042300934FF4A472702373
:107C300021464FF0FF301BF0BDFE71214FF4A470C0
:107C400002F096FD0136ADE7D15C21F00301D1547D
:107C5000F8E7B946F6E705FB03F1D4F8DC03425C2C
:107C600002F00306032E04BF22F003024254013344
:107C7000D8F800209342EED39DE7034C012313254F
:107C8000F6E700BF34360020883300209C420020F5
:107C9000640000202DE9F047DFF85890144F0024CD
:107CA0004FF0130AD9F80030A34203D8BDE8F047DB
:107CB000FFF7EEBDD7F8DC630AFB04F57219735DBC
:107CC00003F00303012B10D192F80780404601F026
:107CD00061FCD7F8E033FF2203F80820735D6FF3EF
:107CE000000373550A2009F0E7FE0134DAE700BF0C
:107CF000883300206400002030B50A4B19680A4B15
:107D00000020D3F8DC4313250346994200D130BD4F
:107D100005FB03F20133A25CC2F300021044C0B2BF
:107D2000F3E700BF64000020883300202DE9F04114
:107D3000DFF858C0144F044600216FF01B004FF0CD
:107D4000130EDCF800308B4201D8BDE8F081D7F883
:107D5000DC530EFB01F3EE18EA5C02F00308B8F105
:107D6000030F0ED1F67B06F01F06A64209D16FF372
:107D70004102EA54D7F8DC23D05C6FF30000D05402
:107D800000200131DDE700BF8833002064000020BF
:107D90002DE9F04FDFF8A090264E87B00025D9F8E6
:107DA00000205FFA85F8531E43453ED80023013377
:107DB000DBB29A42FBD8002007B0BDE8F08FD6F8BE
:107DC000DC330AFB04F419191A5D02F00302032ADA
:107DD00020D104F1130B03EB0B0013F80B3003F06D
:107DE0000303032B16D10A7903799A4212D2132284
:107DF00001A814F0EDFAD6F8DC03132200EB0B0116
:107E0000204414F0E5FAD6F8DC03132201A9584403
:107E100014F0DEFA0137D9F80030013BFCB2A3EBD5
:107E20000803A342CBD80135B9E700274FF0130A66
:107E3000F1E700BF883300206400002073B52F4CA9
:107E400094F8D05315F01005064606D0012384F8A7
:107E5000763300284DD102B070BDD0B928481BF050
:107E600017F804460028F6D0264B1B68002BF2D1E9
:107E700015F0A2F901460028EDD1042300930194E6
:107E80004FF4FB7340F249124FF0FF301BF092FDAC
:107E9000E1E70F211BF085F994F8D03384F876538D
:107EA00043F0100384F8D03394F87533013384F829
:107EB000753302230370D4F87033DB88A0F80130E7
:107EC000B4F83E33A0F809302122C272057345731D
:107ED000857394F875330C48012B314604D102B0F8
:107EE000BDE8704006F054BD02B0BDE8704006F039
:107EF00013BC02B0BDE8704002F0A8B8883300207F
:107F00003D7E02009C4200205162030070B50A21B0
:107F100088B004461BF045F90A22014605A814F072
:107F200057FA07F0C9FCF8B93B4B1B685BB915F071
:107F300043F9014638B90090442340F249124FF00A
:107F4000FF301BF037FDC22520461BF084F80921C5
:107F500020461BF029F905A900F8015B082214F05E
:107F600037FA2E48214648E02D49082205A814F08A
:107F700008FA002845D12B4D9DF81D2095F80934AD
:107F800062F3000385F809340123CDE9013300933E
:107F90004FF6FD720023B5F83C132046FEF708FAB1
:107FA00095F84A3E5A07064608D5082205F64C6160
:107FB000103014F00DFAB5F8543EB380D02240F2E0
:107FC000491120461AF0F1FB0122B271042120462A
:107FD0001AF097FB002303709DF81D30003B18BF7B
:107FE00001235B010370FB2120461AF0B1FB95F8D9
:107FF000D836DB070ED50C48214606F08DFB08B0BD
:1080000070BD0A49082205A814F0BBF90028B2D0B7
:10801000C82599E7CD2597E79C4200203505030048
:10802000DE8204008833002055730200C836002029
:10803000F8B5012104461BF0B4F80778104E57B18B
:10804000FFF728FE002386F8503321460D48BDE88F
:10805000F84006F061BB022120461BF0A2F8022284
:108060000546394614F0BFF901232B70FF236B70CE
:108070000548214606F050FB0A2386F85033F8BD28
:108080008833002011FB02003176020010B504464F
:10809000FEF7E4F821460248BDE8104006F03CBB7C
:1080A00011FB02000146014806F036BB3D76020096
:1080B0002DE9F341044607F0FFFB28B1244E96F862
:1080C000D07317F010070AD02046C2211BF0F6F833
:1080D0002048214602B0BDE8F04106F01DBB0F214B
:1080E00020461BF05EF8052105462046ADF80270DB
:1080F0001BF057F801AAD0F8018096F852033946D0
:10810000FFF70EFC28B14FF4D87140F2491002F08D
:108110002FFB96F8D03396F8521343F010030DF16D
:10812000020086F8D03301F097F8BDF80230A5F8C8
:10813000013002232B70B6F83E33A5F80930C5F89C
:108140000B802146044806F0E7FA02B0BDE8F08152
:1081500088330020FD3B03005162030010B5044644
:108160001BF0A5F80E4B93F8D0236FF3041283F89D
:10817000D02393F85023072A0BD193F87633204667
:108180001BB1BDE81040FFF759BEBDE8104001F03B
:108190005DBF21460348BDE8104006F0BDBA00BFF0
:1081A00088330020FD3B030037B502F00BF82D4C5F
:1081B00094F81C3400283BD0DA071BD42A4B1B68E8
:1081C00063B914F0F9FF014640B9009040F20B3357
:1081D00040F249124FF0FF301BF0ECFB02F008F8C0
:1081E00094F81C3443F0010384F81C3407F014F9AC
:1081F000C4F8140407F010F9D4F814546FF00043D5
:10820000401B98420DD207F007F9D4F81434C01A75
:1082100041F6F063984223D903B0BDE8304001F045
:10822000E7BF07F0F9F841F6F0632D1A9D42F2E737
:10823000DB0715D50C4B1B6863B914F0BDFF014675
:1082400040B9009040F24A3340F249124FF0FF30FB
:108250001BF0B0FB94F81C346FF3000384F81C345B
:1082600003B030BD883300209C420020F0B50721C8
:1082700085B005461AF095FF012600230288224F9B
:108280000096CDE901630446B7F83C132846FEF793
:108290008FF897F8B632B3408371037843F0400308
:1082A000037040F2A13240F2491128461AF07DFADB
:1082B000B4F803204FF6F7739A4223D8A378132B10
:1082C0000CBF04220322032128461AF01AFAA378CD
:1082D0000370B4F803304FF6F77299B2914206D8A2
:1082E000A0F80130A378132B04BF6379C370A17980
:1082F00028461AF02DFA0548294605B0BDE8F04099
:1083000006F00ABA3246DEE78833002055730200D1
:10831000034B01460D22034883F8502306F0FCB9B5
:1083200088330020F58302002DE9F047DDE9087A63
:108330000D4607F10B011646804699461AF04BFE92
:10834000FF2F0446067005D94FF48A6140F24910A8
:1083500002F00EFAA7703A46494604F10B0014F0F9
:1083600037F816F0FB0FC4F803A007D1FF2D05D195
:108370004FF48B6140F2491002F0FAF96570414602
:108380000248BDE8F04706F0C7B900BF25760200F5
:10839000F8B50E460A21044617461D461AF01BFE84
:1083A00007704670C0F8025021460248BDE8F84008
:1083B00006F0B2B94976020037B5069D0B4C61B1A3
:1083C00094F85013013184F850130949CDE9005154
:1083D000FF21FFF7A9FF03B030BD054B94F84C1304
:1083E00003B0BDE83040FFF7D3BF00BF88330020A3
:1083F000F58302007FB54A4C05461AF09AFD94F8C1
:108400005023531CDBB2A2F10D0184F8503308292C
:108410007CD8DFE801F0051515282841415959009D
:108420000223B4F83E0300933E4B50224FF6FF71F7
:10843000411A18BF01212846FFF7BEFF04B070BDE6
:108440000F2B09D1011D0222364813F0C1FF94F809
:108450005033013384F850330223B4F83C030093C3
:108460005322314BE2E7112B09D1011D02222E4884
:1084700013F0AEFF94F85033013384F850332B4996
:108480002B48082213F07DFF08230093284B8122FC
:10849000011E18BF0121CEE7132B09D1011D0822AF
:1084A000234813F095FF94F85033013384F8503388
:1084B00094F85033142BC1D194F84813012300933E
:1084C00041221C4BFF39E4E7152B04BF037984F8E4
:1084D000483394F84933FF2B04BF012384F8493310
:1084E00094F84933003B18BF01238DF80F30023256
:1084F000114B84F8502301930123009352220DF174
:108500000F03FF212846FFF70FFF97E70B480023D3
:10851000294684F8503304B0BDE8704006F0FCB83A
:1085200088330020C6360020C4360020DE820400D6
:10853000C8360020D0360020F583020041FB02003F
:10854000014B93F8B402704788330020044B93F832
:1085500050230B2A04BF002283F85023704700BF2A
:108560008833002073B505461AF0E3FC06461AF07E
:10857000D0F8411C28461AF0F7FC03781B09044682
:1085800019D0274B1B6883B914F016FE014660B959
:1085900023781B0901930423009340F6BD0240F2A7
:1085A000EF134FF0FF301BF005FA284602B0BDE88C
:1085B000704001F04BBD1B490822013013F0E1FE71
:1085C0000028DED1237803F00F03012BD9D1608975
:1085D000F1F7A4FC0028D4D072884FF6F7739A42C2
:1085E00003D90AF04BF90028CBD00F48637A80F802
:1085F000B53204F10A01022200F2CE3013F0E8FE97
:1086000005F0CAFF40F24A220021084806F0C0F9EE
:108610000748294602B0BDE8704006F07DB800BFAB
:108620009C42002034360020883300206D860200F2
:108630003586020038B5042105461AF0B2FD094C12
:108640000F230370B4F8CE33A0F801302946064852
:1086500006F062F894F8D0336FF3000384F8D03357
:1086600038BD00BF88330020E9F6020013B50C487E
:108670001AF00EFC044688B10A4B1B6873B914F05B
:108680009BFD014650B904230093019440F21A2344
:1086900040F6BD024FF0FF301BF08CF902B010BD68
:1086A000A98602009C42002007B50D4BB3F8CE23EB
:1086B0008AB1A3F83E230022A3F8CE23094A0192EF
:1086C0000222009203F23E335022FF21FFF72CFEDC
:1086D00003B05DF804FB03B05DF804EB01F0B6BC39
:1086E00088330020E986020008B501F0AFFC0120C4
:1086F00005F0EAFB094BB3F8F422B3F83C339A4295
:1087000007D1BDE80840064841F6F062002106F0B6
:108710003FB9BDE808400020FFF718BF88330020AC
:108720004D850200064B30B10022A3F8F422054A21
:10873000C3F8B42470474FF6FF72A3F8F4227047D1
:10874000883300206585020070B50D46042104467B
:1087500016461AF026FD0670A0F801502146024880
:10876000BDE8704005F0D8BFE9F602002DE9F04FF2
:108770008FB007468946904600210D2206A813F0C7
:1087800032FE38461AF0D5FB00EB0906304619F0E8
:10879000C0FFA0F10E030593059A794C7949F518AD
:1087A00005F1010B2D23B35482460422584613F0E1
:1087B0000FFED4F8EC320133C4F8EC3294F8493EA1
:1087C0009A0719D5704B1B685BB914F0F5FC01468C
:1087D00038B900904C2340F6A1124FF0FF301BF047
:1087E000E9F804220021584613F0FDFD94F8493EB3
:1087F0006FF3410384F8493ED4F8EC32C3F3090225
:108800002AB1012B03D094F8713CDB0708D507206F
:1088100005F05AFB94F8713C6FF3000384F8713C47
:1088200094F8EB326B7305F1050B58490822584652
:1088300013F0CEFD5549082206A813F0C9FD94F89F
:108840004A3E580711D506F1100451490822204626
:1088500013F097FD48B90822214606A813F0B8FD89
:1088600008222146584613F0B3FDD5F8013008938D
:10887000059B687BF35C8DF824300BF0E3FA04462B
:10888000A0B9414B1B6873B914F096FC014650B96E
:108890006B7B01930423009340F6A11278234FF0E1
:1088A000FF301BF087F84FF0FF3465E0DFF8D0B001
:1088B0009BF8493E190720D5334B1B685BB914F070
:1088C0007BFC014638B90090812340F6A1124FF09D
:1088D000FF301BF06FF8214610220AA813F078FD34
:1088E0009DF8293083F0F0038DF829309BF8493E3C
:1088F0006FF3C3038BF8493E0AAC38461AF023FBEA
:1089000009EB0A03C01A06EB0A0BCDE900B0CDF85B
:10891000088020465346324606A900F041F9044635
:1089200050BB494640461AF04CFC064638461AF001
:1089300000FB4A460146304613F04AFD40461AF015
:10894000F8FA064638461AF0F4FA2D1A3846735DDE
:1089500023F0070373551AF0A1FC42060CD5402101
:1089600040461AF062FC38461AF098FC030603D51C
:10897000802140461AF059FC20460FB0BDE8F08F28
:1089800088330020743600209C420020C836002026
:10899000D44100202DE9F04F00238BB0CDE9043302
:1089A00005461AF0C6FA029019F0B3FE029BA0F138
:1089B0000E0A08218046284603EB0A091AF0F1FB4B
:1089C00009F1050B468804A9584619F022FF10F159
:1089D0001C0F044621D104A9304619F0F9FE10F10C
:1089E0001C0F044619D199F80D000BF02BFA042244
:1089F000039009F1010105A899F80D7013F0E8FC46
:108A0000039B93B9122231462846FFF79DFE4FF093
:108A1000FF34112009F050F81AE0002CE3D01222A4
:108A200031462846FFF790FEF3E7049BA3B1D3F845
:108A3000092005998A4202D99B79BB4201D00132B3
:108A40000AD1112231462846FFF77EFE4FF0FF344F
:108A500020460BB0BDE8F08F28461AF074FA404566
:108A600002D84FF0FF34DAE728461AF06CFAA0EB90
:108A70000804032CF5D947490822584613F081FC15
:108A80000028EED044490822584613F07AFC00280A
:108A9000E7D00D22002106A813F0A5FC029A2D2391
:108AA00002F80A305946082206A813F091FCD9F8BA
:108AB00001300893029BDFF8E49013F80A308DF838
:108AC0002430002389F8C4330398009443462A468F
:108AD00006A91AF04BF8044628BB40F2471240F6AC
:108AE000A111284619F061FE284689F8C4431AF0FE
:108AF00020FA06AB054622462146304600F0FCFE31
:108B00001C301AD099F8493313BB049A52BB99F818
:108B1000EB32BB429CD0FB1ADBB27E2B98D8384696
:108B20000BF03AF994E799F8C43301210133284650
:108B300089F8C4331AF0B1FA71E705EB0A0006AB05
:108B400022463146053001F01FF80028DDD1D9E773
:108B5000049B002BD9D19DF8180004AA0121FEF72F
:108B6000DFFED2E7537803F01C01142906D101215E
:108B700061F3840353700C2005F0A6F9DDE904329B
:108B8000C3F809209A79BA42C1D09F711AF072FED7
:108B9000BDE700BFDE820400D682040088330020D7
:108BA0002DE9F04F89B01C46DDF84C90129BDFF8A0
:108BB00070B09DF850A004AFCDE90043CDE9029715
:108BC00013460646884615460A460146042019F013
:108BD000A6FEDBF82C3E3BB1224629463846984794
:108BE00010B10023CBF82C3E09F10401214450467A
:108BF0001AF0F1F92044129BCDF80090424631461C
:108C0000CDE90170042019F02AFF50461AF091F9BD
:108C10002246294613F0DCFB002009B0BDE8F08FA6
:108C2000883300202DE9F0431D4C1E4BD4F8A05290
:108C3000012D074618681AD9D4E9A5E8AC460023E7
:108C40009C4519D8834215D29D4213D9D4F8982255
:108C5000D05C00EB800200EB4203D4F89422134472
:108C6000DB88BB4206D108700120BDE8F0830028F4
:108C7000FBD095B90020F8E7ACEB030603EB5606F2
:108C800018F8062002EB820902EB49027244D288EE
:108C9000BA4234BF731CB446D2E70023D6E700BF04
:108CA0008833002068000020F8B500240F4D0746E7
:108CB0002646D5F8A032E2B29A4203D39B1BC5F8F0
:108CC000A032F8BDD5F8981211F802C0BC4501EBEE
:108CD000020009D1013B934205D002F1010C61442D
:108CE0009A1A13F05EFB01360134E2E78833002064
:108CF00010B500F52D3404F2A514014401EB441124
:108D000001F52D3000F2A5100A4403F52D3302EBD6
:108D1000401203F2A513134402F52D3202F2A512FC
:108D200003EB4213034A1268B3FBF2F102FB113367
:108D3000D8B210BD680000202DE9F843114E0F464F
:108D400020250024A6F1050900F105082146484622
:108D50001AF02EF850B103224146304613F011FBB1
:108D600028B925463D600020BDE8F883254601343A
:108D7000202C06F10306E9D1202DF3D16FF0150068
:108D8000F2E700BF9D34002070B50E4D0E480F4E27
:108D90000522002113F027FB002405F588703368B5
:108DA000A34200D870BDD5F894120B236343CA18B0
:108DB000927A02F06102012A02D1C95C1AF000F82D
:108DC0000134ECE78833002098340020680000204C
:108DD0002DE9F84F8846097898F80230DFF8E0A0CE
:108DE000174601F52D3202F2A5120B4403EB421394
:108DF00098F8042003F52D311A4498F8063001F252
:108E0000A51103F52D3302EB411203F2A513134410
:108E100002F52D3202F2A51203EB42131C22B3FB22
:108E2000F2F102FB1133DDB206462C464FF0FF098A
:108E30004FF00A0B2148214619F0BAFFA0B10BFBF5
:108E400004A00822414600F2751013F09AFA60B9A6
:108E50000BFB04AABAF87D21B24201D0AAF87D61C9
:108E60003C706FF01A000FE0A1460134E4B21C23FD
:108E7000B4FBF3F203FB1244E4B2A542DAD1B9F138
:108E80001B0F03D96FF01C00BDE8F88F0C4D0A24AE
:108E900040F2751014FB090008224146284404FBE7
:108EA000095413F095FA05F28D204946A4F87D6126
:108EB00019F086FF87F800900020E5E715360020BE
:108EC000883300201B2838B504460D4604D80146D7
:108ED0000A4819F06DFF18B99721702001F048FC7D
:108EE00040F2751206490A2313FB0423194428464D
:108EF0000822BDE8384013F06BBA00BF15360020D9
:108F0000883300202DE9F0470E4601788378DFF89A
:108F1000908001F52D3202F2A5120B4403EB4213AF
:108F200002791A4403F52D3303F2A51302EB431221
:108F3000837903F52D3303F2A513134402F52D3283
:108F400002F2A51203EB42131C22B3FBF2F102FB67
:108F50001133DDB26FF4237307462C464FF00A0934
:108F600008EB030A2146404619F022FF58B109FBDD
:108F700004A00822394600F2751013F002FA10B965
:108F80003470BDE8F0870134E4B21C23B4FBF3F283
:108F900003FB1244E4B2A542E4D16FF01B00F0E7FA
:108FA0001536002007B50DF10701FFF7ABFF0146AD
:108FB00058B90422064813F016FA9DF80710044821
:108FC00003B05DF804EB19F0FBBE03B05DF804FBE1
:108FD000153600201B2838B504460D4604D8014636
:108FE000074819F0E5FE18B9DE21702001F0C0FB3A
:108FF000044B0A2202FB0433B3F87D312B8038BDC9
:1090000015360020883300202DE9F04106460F4632
:109010000D481146144619F0CBFE90B10B4D4FF0A0
:109020000A0840F2751018FB0200284408FB04559A
:109030000822394613F0CCF9A5F87D610020BDE87F
:10904000F0816FF01B00FAE715360020883300200E
:1090500008B502460146064819F0AAFE28B10448A0
:10906000114619F0B6FE002008BD6FF01B00FBE7AB
:109070001536002073B50C4601A90546FFF75CFEC6
:1090800010F1160F05D1FFF77FFE01A92846FFF763
:1090900053FE20B140F28B11702001F069FB019E5C
:1090A0000A48314619F08CFE06EB46031844691D48
:1090B0000322053013F08CF92046052200F8016BDD
:1090C000294602B0BDE8704013F082B99834002000
:1090D00038B50C46054610490622204613F051F9D2
:1090E00038B928460822BDE838404FF0FF3113F068
:1090F0007AB914F8013B032240F2151112FB031355
:109100000649681D194413F063F9214628460522D3
:10911000BDE8384013F05CB9D682040088330020E3
:1091200013B50E4B01EB8102D3F8943201EB4201EF
:109130005C186946A27A12F0600F1FBF247A04EB14
:10914000840204EB4204E418FFF794FF00982060C7
:10915000BDF80430A38002B010BD00BF88330020EA
:1091600070B51A4E0546D6F8943202EB820002EB37
:1091700040029C18A27A12F0600F1FBF247A04EB01
:10918000840204EB4204E4180622E3880B802046A4
:109190000F4913F0F6F838B928460822BDE87040A8
:1091A0004FF0FF3113F01FB914F8013B032202FB0B
:1091B000036101F21511681D13F00AF921462846D2
:1091C0000522BDE8704013F003B900BF88330020CA
:1091D000D682040070B51D4E01EB8102D6F89432A0
:1091E00001EB42015C180546A27A194912F0600FA2
:1091F0001FBF247A04EB840204EB4204E418062225
:10920000204613F0BEF80146F0B11249062220466E
:1092100013F0B7F838B908224FF0FF312846BDE8FF
:10922000704013F0E0B814F8013B032202FB036125
:1092300001F21511681D13F0CBF8214628460522CE
:10924000BDE8704013F0C4B80822E7E78833002077
:10925000DE820400D68204000A4B01EB8102D3F8BF
:10926000943201EB420119448A7A12F0600F1FBF59
:10927000097A01EB810201EB4201C9180222063191
:1092800013F0A6B888330020F0B54D4A00EB8003F8
:10929000D2F8944200EB43031C4489B0637A05463C
:1092A000002B40F08B800146464E0DF1160006AFB4
:1092B000FFF7D2FF29463846FFF78CFF3368002BB3
:1092C00077D113F079FF014648B904230093019543
:1092D00040F2553370224FF0FF301AF06BFB3368C9
:1092E000002B66D113F068FF014660B9A37AC3F37F
:1092F000400301930423009370224FF456734FF000
:10930000FF301AF057FB3368002B52D113F054FF93
:10931000014668B9A37ADB090293637A01930823B3
:109320000093702240F259334FF0FF301AF042FBA5
:109330003368002B3DD113F03FFF014660B9A37A9B
:10934000C3F30013019304230093702240F25A33B5
:109350004FF0FF301AF02EFB336853BB13F02CFF95
:10936000014670B9237A0293A37AC3F341130193A0
:1093700008230093702240F25B334FF0FF301AF065
:1093800019FB3368ABB913F017FF044688B997E8A7
:10939000030002AB83E80300BDF8163001930C23F1
:1093A000009370224FF4577321464FF0FF301AF0AC
:1093B00001FB40F25E31702001F0DAF909B0F0BD36
:1093C000883300209C42002038B50C4D00EB800310
:1093D00000EB4304D5F8943223449B7ADB0704D492
:1093E0004FF44571702001F0C3F9D5F8943223444D
:1093F000587A003818BF012038BD00BF88330020DC
:1094000037B52A4D00EB800300EB4304D5F89432C6
:1094100023449A7AD20712D4254B1B685BB913F008
:10942000CBFE014638B9009040F2293370224FF04C
:10943000FF301AF0BFFA4FF0FF3003B030BD5A7A58
:1094400001325A72D5F8943223445B7A23B940F240
:109450002F31702001F08CF9D5F8943223449A7A98
:1094600042F010029A72D5F894321C44A27A12F09B
:10947000600F19D0247A04EB840204EB42042344E5
:109480005A7A01325A72D5F8943223445B7A23B95E
:1094900040F23A31702001F06BF9D5F89432234450
:1094A0009A7A42F010029A720020C6E788330020B0
:1094B0009C4200202DE9F341DFF8D480D8F8003039
:1094C00004466BB913F078FE014648B904230093B3
:1094D000019440F2714370224FF0FF301AF06AFAA3
:1094E0002A4E04EB8405D6F8943204EB45052B4450
:1094F0009A7AD20711D4D8F800305BB913F05CFE29
:10950000014638B9009040F2794370224FF0FF30A5
:109510001AF050FA4FF0FF301CE05F7AEFB92046A6
:10952000FFF7C2FBD6F894322B449A7A67F3000215
:109530009A72D6F894322B445F72D6F894322B4448
:109540009A7A67F304129A72D6F89C32013BC6F8F5
:109550009C32002002B0BDE8F081D8F800306BB931
:1095600013F02AFE014648B904230093019440F207
:109570008F4370224FF0FF301AF01CFAD6F8943265
:109580002B449A7A42F080029A72E2E788330020F4
:109590009C420020F7B5404F00EB8006D7F894328C
:1095A00000EB4606334404469A7AD10716D43B4B67
:1095B0001B685BB913F000FE014638B9009040F219
:1095C000753370224FF0FF301AF0F4F94FF45E71EA
:1095D000702003B0BDE8F04001F0CAB812F0600F8F
:1095E0001D7A2DD1FF2D1CBFFF221A72FFF74CFEF2
:1095F000D7F8943233445A7A013A5A72D7F89432EF
:1096000033445A7A002A45D193F90A30002B41DAC3
:10961000224B1B686BB913F0CFFD014648B90423F8
:10962000009301944FF46B7370224FF0FF301AF0E7
:10963000C1F92046FFF73EFF60B340F2AE31C7E705
:10964000FFF722FED7F89432334428465A7A013A7B
:109650005A72FFF719FE05EB850305EB4305D7F8B2
:1096600094322B445A7A013A5A72D7F894323344DE
:109670005B7A002BC2D12046FFF71CFF20B140F2DD
:109680009F31702001F074F8D7F894322B44FF22F8
:109690001A72B3E703B0F0BD883300209C4200206B
:1096A0002DE9F041214DD5F8A022012A0646D5F832
:1096B00098021DD9D5F894E294460024A44523D8F5
:1096C000A24217D9035D03EB830703EB4703D5F8E9
:1096D00094721F44FB888B4238BF0134A24200EBD6
:1096E000040107D9631C121B184412F05AFE01E052
:1096F000D2B91446D5F898321E55D5F8A0320133A8
:10970000C5F8A032BDE8F081ACEB040704EB5707C5
:10971000C35D03EB830803EB48037344DB888B4290
:1097200094BF7C1CBC46C9E70024CBE788330020EB
:109730002DE9F04F884685B09246074628B1437917
:109740000279C1784078FFF7D3FA674E674BD6F8B5
:1097500094C21A680446002325B205EB850105EB87
:1097600041056544A97A11F0010F3ED04BB901348F
:10977000B4FBF2F302FB1344E4B2051B6B426B41F2
:10978000EAE795F809E0BEF1000F0ED1022B2ED0CA
:10979000C9062CD50134B4FBF2F102FB1144E4B24A
:1097A000A04208BF0133DBB2D6E70134B4FBF2F1CB
:1097B00002FB1144E4B2A04208BF0133DBB2032B29
:1097C000CAD14B4B1B685BB913F0F6FC014638B9A4
:1097D00000904FF4886370224FF0FF301AF0EAF8DF
:1097E0006FF01C0005B0BDE8F08F032BE9D0D6F870
:1097F000A432D6F89C0203934FF00B0B0023D6F84B
:10980000A4128A424CD9834213D20BFB01CE013100
:10981000C6F8A4129EF80A1011F0010FEFD09EF8BE
:1098200009900133B9F1000FE9D169F304118EF801
:109830000A10AB7AA5F8068043F01003AB726B7A7E
:1098400023B140F24A41702000F092FF0622002F1F
:1098500047D03946284612F0BBFD4FF6FF739845B6
:1098600009D0AB7ADB0702D52046FFF71DFA414647
:109870002046FFF715FFD6F89C32AA7A013302F092
:1098800001029B1AC6F89C32FF232B72AB7A23F09D
:10989000630343F00103AB7200208AF80040A1E7A4
:1098A0008342C6D20022C6F8A4224FF00B0ED6F88F
:1098B000A42203999142BCD99842BAD90EFB02C1A5
:1098C0000132C6F8A42291F80A9019F0010FEED0E7
:1098D0004A7A0133002AEAD14B4662F304138B72B1
:1098E000A7E70449B6E700BF8833002068000020DE
:1098F0009C420020D6820400F8B50F461946064661
:1099000015461C46FFF78EF990B1237803EB8302CE
:1099100003EB42030D4AD2F8942213449A7A42F0A0
:1099200010029A726DB12078BDE8F840FFF768BD6B
:109930004FB122463146FFF7FBFE0DB10028F2D0B1
:10994000F8BD2846FCE76FF01B00F9E788330020DC
:109950002DE9F74300220C460DF107031146FFF7EE
:10996000CBFF064628B16FF01B06304603B0BDE8BA
:10997000F0839DF807301A4F1A49D7F8949203EBF9
:10998000830203EB420509EB05080622404612F06C
:10999000F8FCA0B908224FF0FF31204612F023FD59
:1099A00011490822204612F0ECFC0028DBD00D49BA
:1099B0000822204612F0E5FC0028D6D1D3E719F89A
:1099C0000530032202FB037101F21511601D12F034
:1099D000FFFC052208F10101204612F0F9FCDFE747
:1099E00088330020D6820400DE8204002DE9F0478F
:1099F000064643790279DFF88CA0DFF88C800F46A9
:109A0000C1784078FFF774F94FF000090446DAF89E
:109A100000205FFA89F39A4201D800202EE023B299
:109A200003EB8302D8F8945203EB42031D44AB7A54
:109A3000DA070CD513F0600F14D0AB7A03F0600393
:109A4000402B04D13146284619F0CEF980B9DAF816
:109A500000300134B4FBF3F203FB1244E4B209F129
:109A60000109D4E73146284619F0BEF90028E4D0B0
:109A7000AB7A13F0600F03D13C700120BDE8F08792
:109A80002C7AF9E7680000208833002073B51C4663
:109A90000E4669461546FFF7EDFA21466846FFF780
:109AA000A5FF90B1237803EB830203EB42030F4A37
:109AB000D2F8942213449A7A42F010029A7285B135
:109AC0002078FFF79DFC02B070BD66B122464FF6CC
:109AD000FF716846FFF72CFE002DF4D00028F2D16C
:109AE000EEE72846EFE76FF01B00ECE78833002035
:109AF00013B501A90446FFF71FF9163001D0012064
:109B00001AE0FFF741F901A92046FFF715F90028EF
:109B1000F5D000220DF1030311462046FFF7B6FFF2
:109B200050B1094B094AD3F8943212680B2101FB5A
:109B30000232934202D1002002B010BD997AC907C7
:109B400003F10B03DBD5F4E7883300206800002025
:109B500007B500220DF107031146FFF797FF68B91B
:109B60009DF8073003EB830203EB4203054AD2F86A
:109B700094221344D88803B05DF804FB4FF6FF70BD
:109B8000F9E700BF883300202DE9F04F0E4687B07B
:109B900005460DF10E0199463046002390468DF89A
:109BA0000F30FFF73FF88E4904460822284612F08E
:109BB000E8FB90B104A92846FFF75CFA0DF10F010C
:109BC00004A8FFF713FF002C42D1002800F0FA8010
:109BD0009DF80F308DF80E3007E08149062204A869
:109BE00012F0F6FB002C00F0ED809DF80E50DFF82F
:109BF000F8A105EB8502DAF8944205EB42073C44F4
:109C0000002E40F09780E388002B40F0938004A959
:109C1000204619F0E9F8002840F08C8070490622AF
:109C2000204612F0AEFB002800F084806D49062229
:109C3000204612F0A6FB00287CD0DAF894323B4490
:109C40005B7A002B76D089F800506FF01A041FE081
:109C5000DFF894A19DF80E40DAF894320028C4D0C1
:109C60009DF80F50A542C0D004EB840704EB4707D2
:109C7000DA19527A82B92046FFF71CFC8DF80E5093
:109C80000446002CB1D040F26D21702000F070FD30
:109C9000204607B0BDE8F08F05EB850B05EB4B0BBD
:109CA0005B445B7A23B92846FFF704FC0446E8E7E7
:109CB0009A4219D9DAF89432DA195B44517A5B7A0C
:109CC0000B445372DAF894323B4402221D72DAF8E4
:109CD0009402584404A9837A047262F3461383728F
:109CE000062212F075FB80E72046FDF787FD20B1C4
:109CF0002846FDF783FD0028DCD0DAF8943203EB28
:109D00000B023B44517A5B7A0B445372DAF894327B
:109D10005B4401211C72DAF894323B4420469A7A63
:109D20001D7261F346129A72DE80FEF7BDFF8DF858
:109D30000E505AE7062204A9204612F049FBE38898
:109D40009E420BD04FF6FF72934202D02846FEF798
:109D5000ABFFE68031462846FFF7A2FCA37A43F02A
:109D60001003A3729DF80E5089F80050B8F1000F4F
:109D700033D02846FFF744FB04461B4F05EB85060E
:109D8000D7F8943205EB4606334493F90A30002B9A
:109D900010DA164B1B686BB913F00EFA014648B97E
:109DA00004230093019540F2B72370224FF0FF3057
:109DB00019F000FED7F8943233449A7A6FF3C71241
:109DC0009A7265E70DF10E02314604A8FFF7B0FC68
:109DD000044600287FF45CAFC4E74446CDE700BFEB
:109DE000D6820400DE820400883300209C420020DA
:109DF0002DE9F0410F4F104E00254FF00B083B6846
:109E0000E8B2834204D80023C6F89C32BDE8F08152
:109E1000D6F8944208FB0044A37ADB0707D5FEF787
:109E200043FF00236372A37A23F01103A372013569
:109E3000E5E700BF680000208833002000EB8003C6
:109E400000EB4300034BD3F894320344987A00F0BC
:109E500001007047883300202DE9F8431C4E1D4F48
:109E6000064414463B6896F8082181F00101490038
:109E70002244C1EB5301012C88BF0132C9B28A428E
:109E8000054604DD4FF000084046BDE8F883204653
:109E900000F0FAF981460028F4D000F03FFA96F875
:109EA00008311C443B68E4B200F10108B4EB530FE5
:109EB0005FFA88F886F8084103D9A221182000F03B
:109EC00057FC99F80A3065F3000389F80A30DBE79C
:109ED000883300207C00002010B50446084629B1D4
:109EE0000D4B93F80A310BB1002010BDA27900216F
:109EF00002F07F02FFF7B0FF01460028F4D094F98A
:109F000006302068002B04DAA28804F05BFC0120F4
:109F1000EBE704F001FCFAE78833002073B5044650
:109F20000D46FFF7D9FF20BB2048442101FB050265
:109F3000D36F072B20D8936F802611FB0561C3EBED
:109F4000C3031944256845500B18A1889980A1794D
:109F50009971D36F0133D367936F013303F0070314
:109F60009367A27990F8FD30C2F30602134480F89B
:109F7000FD30002002B070BD132007F09DFD0C4B9A
:109F80001B6813B14FF0FF30F4E713F015F90146E9
:109F90000028F7D10423009301954FF4C5731822CC
:109FA0004FF0FF3019F006FDECE700BF88330020CA
:109FB0009C420020054B93F8082193F809310021B9
:109FC0009A428CBF0120084618F03CBF883300201D
:109FD0000138F8B5C0B200F0F5F9837A13F0010F3B
:109FE000184B93F8095193F808210CBF6FF009043E
:109FF0000024954220D91449067A0968490802EBE1
:10A00000060C8F1EBC4517D8CCB9AD1B83F809517F
:10A01000057A2A4483F80821827AD54365F3000241
:10A02000827293F80831994204D24FF40F711820CC
:10A0300000F09EFB2046F8BD6FF04404FAE76FF095
:10A040000904F7E7883300207C000020F8B50646B5
:10A050000138C0B200F0B6F9877A284D07F0010741
:10A06000EB19044693F80821037A9A4204D240F28D
:10A070005621182000F07CFB204600F06DF9237A71
:10A0800023B940F25E21182000F072FBEA19217A10
:10A0900092F8083130465B1A82F80831FCF7CCFAA6
:10A0A00044237B43EE18F26F32B3746F8033C4EBFA
:10A0B000C4041C442C4439462046FFF70DFFD8B198
:10A0C000F36F95F8FD20013BF367736F013303F0E5
:10A0D00007037367A37903F07F039A4204D240F227
:10A0E0006311182000F044FBA27995F8FD30C2F30B
:10A0F00006029B1A85F8FD30F8BD00BF88330020AA
:10A100002DE9F0430746013887B0C0B20C4600F095
:10A1100059F9054620B940F2ED31182000F028FB2E
:10A12000A30718BF0334287A18BF04F0FC0419F001
:10A13000E7F8B5F80480A044404506462ED2DFF883
:10A140008090D9F8003023BB13F036F8014650B99F
:10A1500008230093CDE901574FF47F7318224FF085
:10A16000FF3019F027FCD9F8003093B913F024F828
:10A17000014670B99823CDE903630294AB8801933B
:10A1800010230093182240F2FD334FF0FF3019F0F6
:10A1900011FC4FF48061182000F0EAFAEB88434488
:10A1A0009E4207D22146384618F0B7FF214638466E
:10A1B00018F073FF0C35301B284407B0BDE8F0835E
:10A1C0009C420020084B1868084B400893F809216E
:10A1D0000238824206D293F8083198428CBF0020A0
:10A1E00001207047012070477C0000208833002048
:10A1F0001FB50E4B1B68B3B912F0DEFF014690B9D4
:10A200000B4B1B6803930B4B93F80821029293F8B6
:10A21000093101930C230093182240F26D534FF043
:10A22000FF3019F0C7FB05B05DF804FB9C4200202D
:10A230007C00002088330020014B83F80A0170471E
:10A2400088330020014B93F80A01704788330020BF
:10A25000054B064A93F809311268B3EB520F34BF2D
:10A2600001200020704700BF883300207C000020C0
:10A27000034B1A78034B0021D3F80C0112F0B3B84A
:10A28000EA04002088330020F8B5224B224E1D68D6
:10A29000D6F80C71002204461146D3B2AB4201D36A
:10A2A000002517E0D80803F0070C385C20FA0CF002
:10A2B000C00754BF013100218C4202F10102ECD1F0
:10A2C000C4F101021344D6F80051DAB2A42302FB10
:10A2D0000355D5B92846F8BD5018D6F80C71C008FA
:10A2E000134417F800E003F007030CFA03F343EA02
:10A2F0000E033B540131CBB29C42EDD80C2200211D
:10A30000284612F070F82C72E4E700214FF0010C9F
:10A31000F1E700BF7C0000208833002008B50B4B1C
:10A32000D3F800210A4B1B68A42101FB03239842A8
:10A3300005D2084B801A80105843C0B208BD1720C0
:10A340007B2100F015FA0020F8E700BF88330020D9
:10A350007C000020199C8FC12DE9F0470646FFF7CD
:10A36000DDFFDFF85880DFF8589004460025337A87
:10A370009D4201D3BDE8F087D8F80030A34203D84E
:10A380006821172000F0F4F9D9F80C31E70804F03F
:10A39000070ADB5D23FA0AF3DB0703D469211720E0
:10A3A00000F0E6F9D9F80C110122CB5D02FA0AF2AD
:10A3B00023EA0203CB5501350134D8E77C000020A5
:10A3C00088330020034BD3F80031A42200FB023075
:10A3D000704700BF8833002013B5044668B1A0F170
:10A3E0001703082B28D8A0F11804072C0BD8DFE896
:10A3F00004F0171F12171F1C1F1F002908BF0B2175
:10A4000018BF1A2103E000290CBF00211821117088
:10A41000002002B010BD00290CBF00210721F6E783
:10A4200000290CBF00211421F1E7C900C9B2EEE7F1
:10A43000002908BF0021E3E7002313700A4B1B68C3
:10A4400013B16FF01B00E4E712F0B6FE01460028DE
:10A45000F7D104230093019440F2BB2330224FF044
:10A46000FF3019F0A7FAECE79C4200207FB50546C3
:10A470000C4616461AB94E21302000F079F9FF2318
:10A48000337055B90A2C01D91A2C4CD9324B1B68A0
:10A49000002B51D06FF0160043E0A5F11703082BF5
:10A4A0000DD8A5F11803072B27D8DFE803F02804FF
:10A4B0002F22042F1B041A2CE8D8002334E0264B4B
:10A4C0001B6863B912F078FE014640B9042300937B
:10A4D0000195952330224FF0FF3019F06BFA6FF0A1
:10A4E0001B001EE0222CD1D93D2CCFD800232321E4
:10A4F00012E0222CCAD9372CF7E7182CDCE7372CCE
:10A50000C4D94C2CC2D80023382105E01A2CBDD95F
:10A51000222C0BD800231B2123445B1ADBB233709F
:10A52000002004B070BD0B231946F5E71D2DADD1F9
:10A530003E2CABD10823F2E712F03EFE0146002884
:10A54000A8D108230093CDE90145AA2330224FF07A
:10A55000FF3019F02FFA9DE79C4200207FB5054699
:10A560000C4616461AB9BA21302000F001F9FF2333
:10A5700033709DB1A5F11703082B16D8A5F1180368
:10A58000072B37D8DFE803F03E043A3204253804BD
:10A590001A2C20D800232344DCB203E0A4F10B03DF
:10A5A0000F2B18D8347000201EE0204B1B686BB9AD
:10A5B00012F002FE014648B904230093019540F2CF
:10A5C000091330224FF0FF3019F0F4F96FF01B003F
:10A5D0000AE0082C1AD9154B1B681BB912F0ECFDC8
:10A5E0000146B0B16FF0160004B070BD142CF2D863
:10A5F0002323D0E7182CCCE71A2CF8E7072CEAD84D
:10A600001B23C8E7142CE6D83823C4E7F8D13E242E
:10A61000C8E708230093CDE9014540F22B1330220F
:10A620004FF0FF3019F0C6F9DCE700BF9C42002074
:10A6300037B504460D4621B94FF4DB71302000F0E8
:10A6400097F86CB1A4F11703082B1DD8183C072C00
:10A6500005D8DFE804F0090B0D0F111315170124BD
:10A660002C70002003B030BD0224F9E70324F7E783
:10A670000424F5E70524F3E70624F1E70724EFE7D0
:10A680000824EDE70924EBE700232B700A4B1B6835
:10A6900013B16FF01B00E5E712F08EFD01460028B4
:10A6A000F7D10423009301944FF4F87330224FF054
:10A6B000FF3019F07FF9ECE79C4200202DE9F043D0
:10A6C0000C4687B017469846054620B94FF49E7150
:10A6D000302000F04DF824B140F23D11302000F060
:10A6E00047F824B20DF1170155F824004FEAD0695C
:10A6F000484618F06FFE064620B140F24111302066
:10A7000000F036F89DF81730BB4219D2174B1B6882
:10A710002BB16FF01606304607B0BDE8F08312F09B
:10A720004BFD01460028F4D108230093CDE90179BF
:10A7300040F2471330224FF0FF3019F03BF9E8E7C1
:10A7400055F82410012021F07842B840B8F1000FEC
:10A7500009D022EA000201F0784122F07842114348
:10A7600045F82410D7E70243F5E700BF9C420020DC
:10A7700030B5104B1B6885B004460D4673B912F016
:10A780001BFD014650B908230093CDE901454C2338
:10A790004FF406624FF0FF3019F00CF9064BD3F876
:10A7A000843813B129462046984705B0BDE83040AB
:10A7B000E2F7B6BA9C420020883300202DE9F74F1B
:10A7C000034601938F4C019A8F48DFF8A0B2DFF85F
:10A7D000A0A2DFF8A092DFF8A0828C4F8C4B8D4EA8
:10A7E000C4F80001002A43D1C4F80CB1C4F8C8A3CE
:10A7F000C4F8C498C4F8C888C4F8CC78C4F86435E0
:10A80000C4F86865DFF840A2834F844B9AF80010C3
:10A810003D78834AC4F860350023994268D8019B8B
:10A82000DFF858B2DFF85882DFF858927D4E7E4D3F
:10A83000002B64D17D4BC4F894327D4BC4F8983220
:10A840007C4BC4F8E0337C4BC4F8DC337B4BC4F85E
:10A8500020367B4BC4F89CB5C4F80080C4F86C90DB
:10A860006660C4F82855C4F86C3E03B0BDE8F08FAC
:10A87000744D2A68A4214A43002111F0B4FD2A68CE
:10A88000C4F80CB10732D2080021584611F0ABFDD4
:10A890002A68C4F8C8A352080C320021504611F0AF
:10A8A000A2FD2A68C4F8C49801320021484611F07C
:10A8B0009AFD2A68C4F8C8880832D20800214046A8
:10A8C00011F091FD2A68C4F8CC780832D208002132
:10A8D000384611F088FD4E4BC4F864355A4BC4F825
:10A8E00068651A780021D200304611F07CFD89E7B6
:10A8F000D4F8680540F8332001332A448DE7534BE0
:10A9000046481A78002111F06EFD3B789AF8002035
:10A9100043484F4F5A43002111F065FD4D4B3C48D1
:10A920001A780021920011F05EFD4B4BC4F89CB5E3
:10A930001A68002102EBC202584611F054FD3A6831
:10A94000C4F80080C2EBC2020C320021404611F074
:10A950004AFD3A68C4F86C904FF00B0808FB02F20D
:10A960000021484611F03FFD3A6866601F325209E7
:10A9700092000021304611F036FD384BC4F82855BE
:10A980001B6828460A22364D5A43002111F02BFD40
:10A990002A682648C4F8940208FB02F2002111F04C
:10A9A00022FD2A682248C4F89802002111F01BFDFC
:10A9B0002A682048C4F8E003002111F014FD294B57
:10A9C0001D481B68C4F8DC0313225A43002111F010
:10A9D0000AFD254B19481A68C4F8200602EB42020A
:10A9E000002111F000FD174B15481A68C4F86C0ED1
:10A9F000013202EB4202002103B0BDE8F04F11F03A
:10AA0000F2BC00BF883300201F5A0020F0590020FC
:10AA100070590020B0580020E8040020D0590020D0
:10AA2000D859002044260020BC5600205C55002048
:10AA30003C5500201C550020BC5200208C520020A8
:10AA4000295200207C000020E6040020E9040020B8
:10AA500074000020E7040020780000206C00002033
:10AA60006800002064000020600000201B5A0020C5
:10AA700038270020FA590020F559002044580020BA
:10AA800048260020E456002010B54FF467620C4CB5
:10AA90000C48002111F0A7FC102200210A4811F0F7
:10AAA000A2FC20464FF47472002111F09CFC7F231D
:10AAB00084F8BD32BDE810400120FFF77FBE00BF23
:10AAC000C4420020883300208442002030B59A4CD4
:10AAD00089B00125FFF7D8FF84F8045EE2F70CF98E
:10AAE00012F087FB9548E2F7C5FD94F8C93443F0AE
:10AAF000040384F8C934E1F79BFF18F0A1F98F48EB
:10AB000000F086FF04F03EFB0AF042FF00F030F94F
:10AB1000FBF72EFC04F0C2FBF6F70CF804F0A2FEE3
:10AB2000F9F78CFB14F039FFFFF744FA84F81009A9
:10AB3000834C2368002B40F0FD8012F03DFB38B9B8
:10AB40000090B123772229464FF0FF3018F032FFF2
:10AB50002368002B40F0EE8012F02EFBE0B94FF49A
:10AB6000CC734FF40B7CCDE9063C4FF4077E4FF4D9
:10AB700008731022CDE9043E4FF48073CDE9023210
:10AB80004FF467611C23CDE900317722B7230121FF
:10AB90004FF0FF3018F00EFF2368002B40F0CA8002
:10ABA00012F00AFB48B904230121CDE900317722D4
:10ABB000C0234FF0FF3018F0FDFE2368002B40F05B
:10ABC000B98012F0F9FA58B904234FF43175CDE980
:10ABD00000357722C22301214FF0FF3018F0EAFE42
:10ABE0002368002B40F0A68012F0E6FA58B904233F
:10ABF0004FF4C870CDE900307722CB2301214FF00C
:10AC0000FF3018F0D7FE2368002B40F0938012F03D
:10AC1000D3FA50B904237021CDE900317722CE2335
:10AC200001214FF0FF3018F0C5FE2368002B40F0E3
:10AC3000818012F0C1FA48B90423CDE900337722AC
:10AC4000D12301214FF0FF3018F0B4FE2368002B10
:10AC500070D112F0B1FA58B93A4B1B880193042312
:10AC600000937722D82301214FF0FF3018F0A2FE85
:10AC70002368002B5ED112F09FFA68B94FF4747309
:10AC80000C22CDE90132082300937722DB23012136
:10AC90004FF0FF3018F08EFE2368002B4AD112F0DF
:10ACA0008BFA58B9284B1B68019304230093772231
:10ACB000DF2301214FF0FF3018F07CFE2368002BCA
:10ACC00038D112F079FAC8B9204A214B12681B68B2
:10ACD0000692204A127805921F4A127804921F4A5F
:10ACE000126803925A08CDE90132182300937722A3
:10ACF000E52301214FF0FF3018F05CFE2368CBB94B
:10AD000012F05AFAB0B9164B1B68CDE90403154B83
:10AD10001B680393144B1B680293144B1B6801932D
:10AD200014230093772240F2031301214FF0FF30E8
:10AD300018F040FE09B030BD88330020D57F0400F4
:10AD40009C4200207400002054270020780000203E
:10AD50007C000020E9040020E604002034270020C5
:10AD60006000002064000020680000206C000020CB
:10AD700010B5054C94F8893023B912F035FA012347
:10AD800084F8893010BD00BFF8410020014B00223B
:10AD90005A607047F8410020024B5868003818BFCD
:10ADA00001207047F841002013B5114C22460123C1
:10ADB00042F8083B0F4B93F83C30E2F7B7F9A0B9E3
:10ADC0000D4B1B685BB912F0F7F9014638B90090DA
:10ADD000BE2347F232524FF0FF3018F0EBFD074A26
:10ADE0000123136063600023236002B010BD00BF25
:10ADF000F8410020C44200209C420020B8420020BC
:10AE00002DE9F041124C276805460E462FB1114A34
:10AE1000012313606360BDE8F08184F8887018F046
:10AE200092F8831CDBB22846237218F082F8804621
:10AE3000284618F088F84146024604F1090011F04E
:10AE4000C7FA39463046BDE8F041FFF7ADBF00BF55
:10AE5000F8410020B842002010B4134B134A0021DF
:10AE60001160196093F8884054B193F88820013A32
:10AE7000D2B283F888205DF8044B0320FFF794BF1B
:10AE80000121596068B14378DB0644BF0323936016
:10AE90004FF0000358BF916013605DF8044B12F04F
:10AEA000A4B95DF8044B7047F8410020B842002077
:10AEB00013B50E4B1B68044673B912F07DF90146B9
:10AEC00050B90423009301944FF4817347F2325236
:10AED0004FF0FF3018F06EFD054B00221A60054A56
:10AEE000146001225A6002B010BD00BF9C420020D5
:10AEF000F8410020B842002020B9044B1B681BB960
:10AF0000E2F7F2B8E2F7DEB8704700BFF841002080
:10AF1000044B93F85C0593F85D35DB0003EB800090
:10AF2000704700BF8833002030B50B4B19680B4BBE
:10AF30000020D3F8DC4313250346994200D130BDED
:10AF400005FB03F20133A25C02F00302012A04BFF5
:10AF50000130C0B2F1E700BF640000208833002058
:10AF600010B4044604F54074084611461A46054BD1
:10AF700053F8243013B15DF8044B18475DF8044BC7
:10AF8000704700BF88330020052937B505460C46B9
:10AF900005D98B1F052B25D8012003B030BD431EDA
:10AFA000DBB21B2B09D8012000FA03F340F66772CD
:10AFB0001342F2D1134A134202D1134B1B680BB157
:10AFC0000020EAE712F0F8F801460028F8D104233F
:10AFD0000093019541F20B337A224FF0FF3018F0C5
:10AFE000E9FCEDE7084B1B68002BE9D112F0E4F80F
:10AFF00001460028E4D10423009301944FF49753B1
:10B00000EAE700BF9800000C9C4200200C2807B51E
:10B010002AD828B9244B1B68B3B34FF6FF701EE043
:10B0200001380B28F6D801A353F820F05DB00200D8
:10B03000A5B00200A5B0020015B0020015B00200D4
:10B0400015B0020065B0020015B002001BB002008E
:10B050001BB0020085B002005DB00200032003B007
:10B060005DF804FB0120FAE70E3880B21128D1D830
:10B070000E4A012383401A40A2B913F4C04FCCD129
:10B080000128C7D10220EAE712F096F8014600280D
:10B09000C3D1009040F219237A224FF0FF3018F00C
:10B0A00089FCBAE70020DAE79C420020A1000200F8
:10B0B0002DE9F04F0646814D87B00C4606F54679DE
:10B0C00012F09EF805EB8903012EB3F80480824646
:10B0D00004D940F271617A20FFF74AFBB8F10C0FF6
:10B0E00040F0EA804FF0FF3007B0BDE8F08F0C234E
:10B0F0000DEB030239463046E2F7DAFA0028F3D1C5
:10B10000002F4ED102AA03A9304618F053FB10F1CC
:10B11000480F01D0002841D1BDF808300B2B23D8AF
:10B1200005EB8902937943F001039371039A501C54
:10B1300012D0BDF812301F2B0ED8D4F88031591C14
:10B1400008D09A4208D0D31A23F000436FF0404150
:10B150008B4201D2C4F88021BDF810301F4407F1A2
:10B160000C0BDA45C3D22BE0554B1B687BB912F0B0
:10B1700023F8014658B9BDF8083001930423009321
:10B180007A224FF4D4634FF0FF3018F013FC4FF0E5
:10B19000FF3005EB89050C23AB80A5E76FF022009B
:10B1A000F7E7B8F1050F039B0CD8013318D1BDF8B0
:10B1B0001220BDF8103013404FF6FF72934203D1B6
:10B1C000002091E701330BD1BDF81220BDF81030FB
:10B1D0001340BDF8142013404FF6FF729342EFD096
:10B1E00043463A46314603A818F089FAC8B905EB38
:10B1F0008905AB7960F30003AB71314B1B6813B168
:10B200006FF0370070E711F0D7FF01460028F7D143
:10B21000009040F2BA637A224FF0FF3018F0CAFB78
:10B22000EEE7BDF8123003990C225A43A01840688B
:10B2300030F040400BD0A2588A423FF477AF8A1AD0
:10B2400022F000426FF040408242BFF46FAF05EB46
:10B2500089024FF00C0E90796FF3000090710EFB95
:10B260000340B8F1070F42686BF31D024260BDF85E
:10B270001020A2F10C0CA0F808C017D9A2F1140CF0
:10B28000A0F808C0BDF814C00EFB03F3E0183A4460
:10B29000A0F80AC090F807C066F3871C80F807C0C2
:10B2A000E15084F88861C4F884213FE7B8F1050FC4
:10B2B000E8D84FF6FF7CE7E7002750E78833002007
:10B2C0009C42002008B50C224FF6FF7118F028FBB5
:10B2D000014BA3F87E0D08BD8833002002490022EF
:10B2E000FF200DF043BA00BFFEF6FFFFF0B5144695
:10B2F00085B00822104F019305460E460DEB020063
:10B30000002111F070F80422019BB7F87E1D029312
:10B310000DEB020018F004FB4FF6FF73A7F87E3D1B
:10B32000083C0823ADF80C000DEB0302A1192846D8
:10B33000E2F7E6F905B0F0BD8833002008B50B4A06
:10B3400000F5467302EB83029379D9070CD4990771
:10B350000AD443F002039371E2F700FA013003D1FB
:10B36000BDE80840FFF7BABF08BD00BF8833002022
:10B370002DE9F04F5A4EFBB096F8708C11F043FF58
:10B3800008F10104B4FBF0F303FB10445FFA84F905
:10B3900004F5467406EB840411F037FFA3794846A0
:10B3A0006FF30003A371FFF7C9FF4FF4C6720021CA
:10B3B00017A811F018F817A94046FFF779FE0546BF
:10B3C00018B1383540F08A800025182417AB0C22BC
:10B3D00002FB053BDBF8041031F0404321D00DF1B6
:10B3E000100AC1F31D0101922346CDF800A04A4680
:10B3F0000C39404618F019FA04F10C030393BAF81B
:10B4000004300C3BAAF804300027BAF80440DBF8FB
:10B410000410A742C1F31D0112D30E2D22D0039BAD
:10B420001C440135202DD1D111F0EFFE404686F8A5
:10B43000709CC6F86C4CFFF781FF7BB0BDE8F08FC5
:10B44000E41BA4B207AB402C0093039B28BF40240D
:10B450000194FB1839444A4640463C4418F0E5F94B
:10B46000A7B2D2E7039B86F8089500204FF00A0B9D
:10B47000A3EB010E1B4B1B68984205D3BAF804409E
:10B48000039B0F251C44A1E7D6F82855164F0BFB4C
:10B4900000F42A192B5D517843EA0123917843EA9D
:10B4A0000143D17801F0070C43EA0C6303F1006C0F
:10B4B0000CF1FF3C2CF0784CBC450DD873442B5557
:10B4C000C3F30724547021F00701C3F30744C3F307
:10B4D000026319439470D1700130CBE70024A3E7D5
:10B4E000883300206C000020FDFFFF07421ED2B20F
:10B4F0001E2A04D8044BD34013F0010301D102F0FB
:10B500007BBE1846704700BF67FF374C70B51A4BBB
:10B510001B68834288B005462BD9184E96F809352A
:10B52000834224D0D6F828150A234343CA18C95C9D
:10B53000537841EA0321937841EA0341D37803F039
:10B54000070351EA036114D096F808051C2301AAE9
:10B55000E2F7AEF8044660B91C2201A906F20A50CF
:10B5600086F8095510F034FF204608B070BD00245D
:10B57000FAE76FF01B04F7E76C0000208833002027
:10B5800038B50D46FFF7C2FF044630B904491C2206
:10B59000284610F01DFF204638BD6FF01B04FAE767
:10B5A0009238002008B5FFF7B1FF0028014818BF06
:10B5B000002008BD9238002010B50C46FFF7A6FF0A
:10B5C000082228B920460549BDE8104010F000BF08
:10B5D00020460021BDE8104010F005BF9238002041
:10B5E000F0B54A4D95F8C94414F004048BB00646F2
:10B5F00000F0888095F8713C1B0704D440F6AB013D
:10B600007A20FFF7B5F83368B288D5F86C1C95F846
:10B61000700CFFF76BFE0446002873D1B288D5F892
:10B620006C3C95F8707C1344C5F86C3C11F0EBFD54
:10B630000137B7FBF0F303FB107000F5467205EB22
:10B6400082029379DF0708D4990706D443F00203F6
:10B65000C0B29371E2F782F8044695F8713C9A07FC
:10B6600050D411F0D2FD95F8713C9B074AD4002CC0
:10B6700048D1D5F86C0CB1880C23411A07AA95F86B
:10B68000700CE2F715F8044680B3214B1B68B3B980
:10B6900011F092FD014690B9B288D5F86C3C9B1A26
:10B6A000039395F8703C0293F38801930C23009365
:10B6B0007A2240F6F3034FF0FF3018F07BF9F2796D
:10B6C000B379144943EA0223ADF8143095F8703C7D
:10B6D0008DF81830D5F86C3CB2880C339B1AFF20DB
:10B6E00005AAADF816300DF041F80BE0D5F86C1C4A
:10B6F000B2880B238A1A07A895F8701C17F0FFFF71
:10B700000028C2D020460BB0F0BD00BF8833002017
:10B710009C420020FDF6FFFF08B5E1F7FFFC28B9C9
:10B72000034B987CBDE80840FFF7E6BB08BD00BFAF
:10B73000C442002008B518F093F8044A92F8713C0E
:10B7400043F0020382F8713C08BD00BF883300203B
:10B7500008B511F05AFD054B93F8712C6FF34102B7
:10B7600083F8712CBDE80840FFF7D6BF883300206E
:10B77000F0B5124B1D68124B0022D3F82845104635
:10B780000A26954204D11C235843043080B2F0BDF0
:10B7900006FB02F3E118E35C4F7843EA07238F7856
:10B7A000C97843EA074301F0070153EA016314BF74
:10B7B0000123002318440132E3E700BF6C0000209E
:10B7C000883300202DE9F341042205460C460DEB99
:10B7D0000200002110F007FE04230DEB03022146B6
:10B7E0002846E1F765FF70B9DFF834809DF8043032
:10B7F00088F80436043408F2A457064698F804364C
:10B800009E4200D210B102B0BDE8F0813A46214616
:10B810000C232846E1F74CFF01360C340C37EDE7DA
:10B8200088330020034B93F8040600EB40008000AF
:10B83000043070478833002073B500230193C0881B
:10B84000431E1E2B61D8DFE803F01D20226060201C
:10B8500038603A4110576026296060603260356078
:10B8600060606060454960605D002C4B18682C4B3F
:10B870000022D3F894420B250423824232D19BB29A
:10B880000C3300E0682301930CE02423FBE714F061
:10B890009AFB0C3005E0FFF76BFFFAE7FFF738FB88
:10B8A000103001900198083080B202B070BDFFF7EF
:10B8B000B9FFEEE715F0CFFAEBE71423E3E7184BF7
:10B8C000D3F8203C002BEDD09847E2E7144BD3F897
:10B8D000243CF7E7124BD3F8283CF3E7104BD3F89E
:10B8E0002C3CEFE705FB02418E7AF60702D5497A38
:10B8F00001B110330132C0E7FFF716FBC000103072
:10B9000080B2CEE718F024FAC3E701A902F04AFC9E
:10B9100008B100230193019BB2E700BF680000203B
:10B920008833002030B5284C284AD4F8603C85B0D4
:10B93000013323F000430546C4F8603C019301A89D
:10B940000B23CDE90223FFF7BDFC0C2301AA002144
:10B950002846E1F7D5FE013001D1FFF7BFFC0422F4
:10B960000021684610F03FFD0B23B4F87E1DADF8B2
:10B9700000300422684617F0D3FF0423A4F87E0D9C
:10B980006A460C212846E1F7BBFE013001D1FFF7E2
:10B99000A5FC019BBDF8082000212846FFF7A6FC66
:10B9A000013001D1FFF79AFC05F5467504EB8504DB
:10B9B00011F02BFC63689B0C9B0443F4803343F031
:10B9C0000B03636005B030BD8833002018001E00F3
:10B9D00070B511F018FC0D4C01230546C4F8603C0D
:10B9E0000026F0B285420DD81823C4F86C3CB4F898
:10B9F000703C23F44F6323F00F0343F44063A4F837
:10BA0000703C70BDE1F7AAFE0136EAE788330020FA
:10BA100010B50A4C204617F053FD094A0021204674
:10BA200017F088FC14F8033CA4F2CC4243F0020364
:10BA300004F8033C032382F8B43210BD54380020CC
:10BA400000F8FF07F0B5404E96F883CDB0EB9C1F91
:10BA500087B007460D461C461ED03C4B1B683BB1C9
:10BA60006FF0090441F249517A20FEF781FE67E048
:10BA700011F0A2FB01460028F2D196F8833D9B0904
:10BA8000CDE90173042300937A2241F221534FF050
:10BA9000FF3017F08FFFE3E7D6F8807DC7F31D0C6A
:10BAA0008C4504D8B6F8847D67448F4220D8274B54
:10BAB0001B6813B16FF00A04D4E711F07DFB014657
:10BAC0000028F7D1D6F8803DB6F8842DC3F31D03C6
:10BAD0001A44CDE903322C4410230093CDE90154DC
:10BAE00041F22D537A224FF0FF3017F063FFE1E768
:10BAF0000C44A7421FD2154B1B6813B16FF00C0406
:10BB0000B0E711F059FB01460028F7D1D6F8803D87
:10BB1000B6F8842DC3F31D031A44CDE90332102374
:10BB20000093CDE9015441F239537A224FF0FF30AE
:10BB300017F040FFE2E7E1F7BBFD0446002891D192
:10BB4000204607B0F0BD00BF883300209C42002093
:10BB50002DE9F04F8DB00C4606460021904604A812
:10BB6000042210F040FC2146042304AA3046FFF7CB
:10BB700069FF404F0434054618B99DF8103087F826
:10BB80000435242200213C4810F02DFC0020FEF753
:10BB900015FEB8F11B0F4FF01C03B8FBF3F3039332
:10BBA0001FD887F808650DB0BDE8F08F013301316B
:10BBB000B3FBFCF20CFB12332EE0002A44D02F4BD7
:10BBC0001B68002BEDD111F0F7FA01460028E8D1EF
:10BBD000009040F6E9237A224FF0FF3017F0EAFE9A
:10BBE000DFE7002DDDD1DFF898801C2305AA214670
:10BBF0003046FFF727FF82460028D2D105A817F06C
:10BC0000ADFED8F800C0D7F82895B0FBFCF351463C
:10BC100003FB1C034FF00A0B0BFB03FE09EB0E00AA
:10BC200019F80E2090F801A042EA0A2290F802A02A
:10BC300042EA0A4290F803A061450AF0070A42EA84
:10BC40000A62BAD0002AB1D109F80E40C4F3072322
:10BC50004370C4F307438370C378C4F3026223F0D4
:10BC600007031343C370039B0135AB4204F11C046B
:10BC7000BBD896E788330020903800209C420020F3
:10BC80006C0000202DE9F04FB74EAFB03368BDF81F
:10BC9000E0408046894617466BB911F08DFA50B9DD
:10BCA00004230093019440F68B437A2201214FF044
:10BCB000FF3017F07FFEAD490822881810F088FB8E
:10BCC000002C40F016819822214608A810F08BFB2A
:10BCD000982F40F08E803B4608AA49464046FFF721
:10BCE000B1FE38B99DF8B020082A03D89DF8B130CC
:10BCF000102B27D93368002B40F0968111F05CFAA5
:10BD0000014638B9009040F661337A224FF0FF3097
:10BD100017F050FE3368002B40F0868111F04CFA8A
:10BD20000146002840F080810C230093CDE9029465
:10BD3000CDF8048040F6BB437A224FF0FF3017F075
:10BD400039FE71E18A4D08A985F85C25D5F86405AE
:10BD500085F85D35920010F03BFB9DF8B120E3B211
:10BD60009A4227D8824C002594F85D359D42C0F058
:10BD7000AC810020FEF722FD7E4BD4F860051A78D6
:10BD8000002110F030FB002594F85C359D42C0F096
:10BD9000CB81794E794F002533789D4280F04481E4
:10BDA000D4F868353A7853F83500002110F01BFBC1
:10BDB0000135F1E7C3EBC302D5F86815B8326A4420
:10BDC00001EBC30132F8780C8880D5F8681512F8B9
:10BDD000720C01EBC301C0F302008871D5F868153D
:10BDE00001EBC30112F8723CC3F3C403CB710134FD
:10BDF000B3E733685BB911F0DFF940B9009440F65E
:10BE00007C337A2221464FF0FF3017F0D3FD5C4996
:10BE1000DFF85CA10822A1F1080010F0D9FA002394
:10BE2000079307AA042349464046FFF70BFE054641
:10BE3000002840F0B4809DF81C209DF81D108AF861
:10BE40005C258AF85D15FFF763F83D1FADB2A84287
:10BE5000834654D0336873B911F0AEF958B908234A
:10BE60000093CDE9015B40F6A9337A2201214FF01E
:10BE7000FF3017F09FFD4249DFF8F4A00822A1F13E
:10BE8000080010F0A5FA0023079307AA04234946E7
:10BE90004046FFF7D7FD40BB9DF81C209DF81D10C4
:10BEA0008AF85C258AF85D15FFF732F8043FBFB2C7
:10BEB000B842054608D1334B1B78934204D32E4B2E
:10BEC0001B788B4280F0B680336873B911F074F937
:10BED000014650B908230093CDE9017540F613439C
:10BEE0007A224FF0FF3017F065FD0023AAF85C3589
:10BEF00010E7012C8BD0022C7FF40CAFBBE7214B59
:10BF00001B78934203D31C4B1B788B421AD23368A5
:10BF1000002B40F08380059311F04EF9059B83467A
:10BF2000002840F08480082300930146CDE90155A4
:10BF300040F6B2337A224FF0FF3017F03BFDAAF8FB
:10BF40005CB5D8E702BB00239DF81C10CDE908338F
:10BF5000013109EB81019B469DF81D309B4526D39D
:10BF6000022C7FF4FFAE86E79C42002008410020AF
:10BF700088330020E9040020E6040020E8040020C3
:10BF800010410020E7040020930009F10401DAF8D1
:10BF900064254046FFF756FD05460028D3D0002310
:10BFA000022CAAF85C353FF466AF1C35A4E70823E1
:10BFB00008AA40460591FFF745FD05990546083159
:10BFC000D8B9DAF86835BDF8242003EBCB039A80A2
:10BFD000DAF868359DF8272003EBCB03C2F30202A1
:10BFE0009A71DAF868359DF8272003EBCB03C2F38A
:10BFF000C402DA710BF1010BAEE73368002BCED12E
:10C0000011F0DAF801460028C9D1009040F6DA3381
:10C010007A224FF0FF3017F0CDFCC0E70023022C4E
:10C02000AAF85C353FF427AF2FB0BDE8F08FAAF82F
:10C030005C3560E75ABB9DF81C700025CDE90855BA
:10C04000013709EB87079DF81D309D42BFF48AAE8A
:10C050003946082308AA4046FFF7F4FC083708BB16
:10C06000DAF86835BDF8242003EBC5039A80DAF8C6
:10C0700068359DF8262003EBC5039A71DAF8683518
:10C080009DF8272003EBC5030135DA71DBE7930048
:10C0900009F10401DAF864254046FFF7D3FC0028D3
:10C0A000C9D022E73368002B7FF41FAF11F084F86A
:10C0B000014600287FF419AF009040F63E437A22F3
:10C0C0004FF0FF3017F076FC0FE7D4F8683503EB3C
:10C0D000C5034FEAC5089A79032A23D11879FDF7D9
:10C0E0008FF9F8B13368B3B911F066F8074690B923
:10C0F000D4F8682502EB080152F80800496801AB42
:10C1000003C3042300937A224FF4466339464FF069
:10C11000FF3017F04FFCD4F8680508220021404496
:10C1200010F061F901351FE6D4F8643513F82500E5
:10C13000AF00FDF765F9C8B1336883B911F03CF879
:10C14000014660B9D4F86435DB5D019304230093A4
:10C150007A2240F675434FF0FF3017F02BFCD4F8ED
:10C16000640504220021384410F03DF901350BE646
:10C1700073B504460D46164600210822684610F0A5
:10C1800032F933466A4629462046FFF75BFC30B950
:10C19000044B009AC3F8EC22019AC3F8E02402B0E1
:10C1A00070BD00BF883300202DE9F04389B0804680
:10C1B0000D460422002103A81E4610F014F90423A2
:10C1C00003AA29464046FFF73DFC044610BBB54B89
:10C1D0009DF80C201B68052E94BF023504359A4249
:10C1E00004D94FF45C617A20FEF7C2FA9DF80D6025
:10C1F000002E40F08E800B22314604A810F0F3F898
:10C20000A94F4FF00B099DF80C30B34209FB0651C2
:10C2100000D994B1A549A648082210F0B2F840B15F
:10C2200017F045FD014620B9A14804AB0122FDF7F6
:10C23000ABFC204609B0BDE8F0830B2304AA4046BE
:10C24000FFF700FC9DF81A3003EB830203EB420377
:10C25000D7F894221A440446937AD80704D540F6B6
:10C26000D4517A20FEF784FA9DF81A3003EB83024A
:10C2700003EB4203D7F89422134404A89A7A42F0BD
:10C2800001029A729DF81A30BDF8181003EB830270
:10C2900003EB4203D7F894221A440136D1809DF86B
:10C2A0001A1001EB810301EB4301D7F894321944D2
:10C2B000FCF7E0FE9DF81A3003EB830203EB420328
:10C2C000D7F894221A44FF2313729DF81A3003EB17
:10C2D000830203EB4203D7F894221A4400235372DB
:10C2E0009DF81A3003EB830203EB4203D7F8942244
:10C2F00013449A7A42F010029A72D7F89C32BDF831
:10C3000018109DF81A000133C7F89C32FDF7C8F9E0
:10C3100079E7013E012E00F2BF80102200210DEBD3
:10C32000020010F060F8604EDFF8889100279DF859
:10C330000C309F42BFF46EAF002C7FF46BAF9DF8C2
:10C340000D30012B28D129460D2304AA4046FFF7C2
:10C3500079FB0D3504469DF81A3003EB830203EB9D
:10C360004203D6F894221A44937AD9071ED5D9F8F5
:10C3700000307BB910F020FF014658B99DF81A3003
:10C380000193042300937A2240F605634FF0FF30B7
:10C3900017F010FB0137CAE7102329460DEB030203
:10C3A0004046FFF74FFB10350446D4E79DF81B10BD
:10C3B00061F3461393729DF81A30D6F8941203EB8A
:10C3C000830203EB420319448B7A13F0600F4BD1C5
:10C3D00004A8FCF74FFE9DF81A30BDF8181003EBC7
:10C3E000830203EB4203D6F894221A44D1809DF8CD
:10C3F0001A309DF81C1003EB830203EB4203D6F8BE
:10C4000094221A441172BDF818109DF81A00FDF715
:10C4100047F99DF81A3003EB830203EB4203D6F889
:10C42000942213449A7A42F001029A729DF81A30CB
:10C4300003EB830203EB4203D6F894221A44002351
:10C4400053729DF81A3003EB830203EB4203D6F8D4
:10C45000942213449A7A42F010029A72D6F89C32CF
:10C460000133C6F89C3295E79DF81B30012B0FD1A4
:10C47000BDF81830CB809DF81A309DF81C1003EBE6
:10C48000830203EB4203D6F894221A441172C0E7E8
:10C4900004A8FCF7EFFDEEE740F62E617A20FEF7E8
:10C4A00067F9B7E66800002088330020DE820400C8
:10C4B000603800209C4200202DE9F04F89B0814671
:10C4C0000C460422002104A89A460FF08CFF082293
:10C4D000002106A80FF087FF042304AA214648463E
:10C4E000FFF7B0FA064618BB7B4B9DF810201B687F
:10C4F0009A4204D940F6E3617A20FEF739F99DF8B3
:10C500001130032B04D940F6E4617A20FEF730F9AC
:10C510009DF81130714FDFF8C8B1012B8CBF043486
:10C5200002344FF000089DF81030984500D21EB13B
:10C53000304609B0BDE8F08F9DF81130002B68D16E
:10C5400005AA214604234846FFF77CFA0422064642
:10C5500005A906A80FF03CFF0434BAF1050F13D863
:10C560009DF81A3013F0030267D19DF8112022B90B
:10C570000E2262F385038DF81A309DF81A300222DC
:10C5800062F301038DF81A309DF8193003F0E003CF
:10C59000A02B3BD0202B05D19DF81A3003F00303CC
:10C5A000012B33D01325D7F8DC2305FB08F5535DA9
:10C5B00043F001035355D7F8DC339DF818002B44A2
:10C5C000D871FCF71DFF00283CD0DBF80030B3B970
:10C5D00010F0F2FD844690B9D7F8682502EBC80147
:10C5E00052F83800496801AB03C3042300937A2250
:10C5F00040F63C7361464FF0FF3017F0DBF9D7F897
:10C60000DC031322002128440FF0EDFE08F101089D
:10C6100089E7013B012B07D8042306AA2146484697
:10C62000FFF710FA064697E72146082306AA484670
:10C63000FFF708FA083406468FE7022AA4D16FF301
:10C6400001039FE7D7F8DC339DF819105A5D61F3B9
:10C6500007125A55D7F8DC339DF819202B44C2F342
:10C660000012597862F341015970D7F8DC339DF814
:10C6700019202B445209597862F384015970D7F874
:10C68000DC339DF81A105A19527812F01C0F04BFAF
:10C690009DF8182087F852235A5D61F383025A559A
:10C6A000D7F8DC339DF81B202B449A71D7F8DC3384
:10C6B0002B447F225A71D7F8E0239DF8183002F8F6
:10C6C0000380D7F8DC339DF81C102B449A7861F373
:10C6D00004029A709AE700BF6400002088330020AB
:10C6E0009C42002070B59AB0052BBDF878600446D6
:10C6F0000D4600F2B8804FF481617A20FEF738F8D9
:10C70000022E40F08381FBF71BFF032800F07E819F
:10C710005C22002103A80FF066FE29465C2303AAD1
:10C720002046FFF78FF90546002840F06F81B84C8E
:10C730009DF80C3094F8C924C3F3000363F300029E
:10C7400084F8C92405A9042202A80FF041FE02A919
:10C7500004F2CC4016F0DBFD082206A904F59A602D
:10C760000FF036FE9DF80C3094F8C924C3F3400353
:10C7700063F3410284F8C92408A9082204F52B7048
:10C780000FF026FEBDF81030A4F83E33BDF812308D
:10C79000A4F83C33FF2384F852339DF80D3084F81D
:10C7A000B7320822BDF80E30A4F8F4320CA904F513
:10C7B0009B600FF00DFE9DF8483084F8EB3210229C
:10C7C0000EA904F52E700FF003FE94F8EB3284F8F6
:10C7D000C83210220DF1490104F2E4400FF0F8FDD7
:10C7E00094F8D03343F0200384F8D0339DF85930C7
:10C7F00084F84B330C229DF85A3084F84A330DF1FB
:10C800005B0104F54B700FF0E3FDB4F83E234FF6E7
:10C81000FF739A4204D0B4F83C53ED1A18BF0125B7
:10C8200094F8D8367B497C4865F30003082284F8E5
:10C83000D8360FF0A6FD002800F0E880B4F83E03DB
:10C840004FF6FF73984200F0E18073490DF1070243
:10C85000FCF7BEFA002800F0D98040F2CE317A20F1
:10C86000FDF786FFD2E0022E40F0CD80FBF768FE98
:10C8700003287FF44DAF29465C2303AA2046FFF727
:10C88000E1F80546002840F0C180614C9DF80C306D
:10C8900094F8C924C3F3000363F3000284F8C924A5
:10C8A00005A9042202A80FF093FD02A904F2CC40CE
:10C8B00016F02DFD082206A904F59A600FF088FDF8
:10C8C0009DF80C3094F8C924C3F3400363F341028C
:10C8D00084F8C92408A9082204F52B700FF078FD0C
:10C8E000BDF81030A4F83E33BDF81230A4F83C3344
:10C8F000FF2384F852339DF80D3084F8B7320822B4
:10C90000BDF80E30A4F8F4320CA904F59B600FF0CA
:10C910005FFD9DF8483084F8EB3210220EA904F533
:10C920002E700FF055FD94F8EB3284F8C8321022C7
:10C930000DF1490104F2E4400FF04AFD94F8D033C0
:10C9400043F0200384F8D0339DF8593084F84B33FA
:10C950009DF85A3084F84A339DF80C30C3F38113A4
:10C9600084F8B4329DF86730C3F3400284F8492359
:10C9700094F85525C3F3800363F3C71284F8552553
:10C980000DF15B010C2204F54B700FF021FD9DF8B9
:10C99000673094F80723C3F3000363F3C30284F8FA
:10C9A0000723B4F83E234FF6FF739A4204D0B4F83D
:10C9B0003C53ED1A18BF012594F8D836154916488E
:10C9C00065F30003082284F8D8360FF0DAFC88B14A
:10C9D000B4F83E034FF6FF7398420BD00E490DF1A9
:10C9E0000702FCF7F5F91D3004D140F28F417A209F
:10C9F000FDF7BEFE9DF80C3003F03C03082B05D07C
:10CA000040F2A3412BE7032E3FF435AF1AB070BDBF
:10CA100088330020DE820400343600202DE9F04106
:10CA2000474C174680461A4686B00D463846B4F83D
:10CA30007E1D1E4616F074FF94F87B3DA4F87E0D13
:10CA4000B8EB931F4FEA93101ED03E4B1B683BB1CF
:10CA50006FF0090441F285517A20FDF789FE6BE001
:10CA600010F0AAFB01460028F2D194F87B3D9B0907
:10CA7000CDE90183042300937A2241F25F534FF002
:10CA8000FF3016F097FFE3E7D4F8782DC2F31D02CC
:10CA9000AA4204D8B4F87C3D1344AB4220D8294BB9
:10CAA0001B6813B16FF00A04D4E710F085FB014650
:10CAB0000028F7D1D4F8783DB4F87C2DC3F31D03DA
:10CAC0001A44CDE903322E4410230093CDE90156D8
:10CAD00041F26B537A224FF0FF3016F06BFFE1E723
:10CAE00006EB050843451FD2164B1B6813B16FF0C8
:10CAF0000C04AFE710F060FB01460028F7D1D4F832
:10CB0000783DB4F87C2DC3F31D031A44CDE90332FC
:10CB100010230093CDE9015841F278537A224FF067
:10CB2000FF3016F047FFE2E733463A462946E0F782
:10CB3000E7FD044600288DD1204606B0BDE8F0810F
:10CB4000883300209C42002070B55B4C9AB05C2278
:10CB500005460E4603A800210FF045FC94F8C934A1
:10CB60009DF80C20C3F3000363F3000204F2CC41F0
:10CB700002A88DF80C2016F0CAFB042202A905A811
:10CB80000FF026FC9DF80C3094F8B42262F3871362
:10CB90008DF80C3094F8493394F855255B00D20990
:10CBA00003F0020343EA82039DF8672022F00602A5
:10CBB000134304F59A61082206A88DF867300FF038
:10CBC00007FC94F8C9349DF80C20C3F3400363F3C9
:10CBD00041028DF80C2004F52B71082208A80FF0F3
:10CBE000F7FB94F85213B4F83E33ADF81030FF2938
:10CBF000B4F83C33ADF8123002D00AA8FCF7EAFAD8
:10CC00009DF80C302D49022262F385038DF80C301B
:10CC100094F8B7328DF80D300822B4F8F432ADF83C
:10CC20000E300CA80FF0D4FB94F8EB0207F00AF9D1
:10CC3000014668B310220EA80FF0CAFB94F8EB323D
:10CC40001F498DF8483010220DF149000FF0C0FB4C
:10CC500094F84B331B498DF859300C2294F84A3321
:10CC60008DF85A300DF15B000FF0B2FB94F80733EA
:10CC70009DF86720C3F3C00363F300028DF86720BB
:10CC80005C2303AA31462846FFF7C8FE1AB070BDE0
:10CC90000D4B1B6813B14FF0FF30F7E710F08CFA23
:10CCA00001460028F7D1009040F22F337A224FF04E
:10CCB000FF3016F07FFEEEE788330020603800205A
:10CCC0006C380020B43600209C4200202DE9F04F43
:10CCD0003C4FDFF8FCA097F804358BB000248DF8AA
:10CCE000083002AA04230E468046ADF809408DF8AC
:10CCF0000B40FFF793FE043605464FF00A0BDAF8B7
:10CD000000309C421DD2E5B96FF0784222E0F1B1CB
:10CD100097F808051C2303AAE0F7CAFC0546A0B350
:10CD2000294B1B686BB910F047FA014648B9042338
:10CD30000093019440F62B337A224FF0FF3016F027
:10CD400039FE284687F808850BB0BDE8F08F01341E
:10CD50009C42F6D2D7F828050BFB04F910F809100D
:10CD6000484490F801C041EA0C2190F802C0C07814
:10CD700041EA0C4100F0070041EA00619142C6D14E
:10CD800012491C2203A80FF023FB31461C2303AADF
:10CD90004046FFF743FED7F8283503F809604B44B7
:10CDA000C6F307225A70C6F307429A70DA78C6F3C0
:10CDB000026122F007020A430546DA701C3601348C
:10CDC0009DE700BF883300209C420020923800205D
:10CDD0006C0000202DE9F041DFF89C8086B006460B
:10CDE0000F460422002105A80FF0FDFAB8F85C35C3
:10CDF000ADF8143005AA042339463046FFF70EFE7D
:10CE00000546A0BB9DF8142093009AB99DF8152003
:10CE10009DF81410D3004AB10131D8F8682507EB0A
:10CE200081013046FFF7FAFD044660B9284606B096
:10CE3000BDE8F081D8F86425391D3046FFF7EEFDD6
:10CE400004460028E2D00B4B1B6873B910F0B4F90C
:10CE5000014650B908230093CDE9016740F6FA4333
:10CE60007A224FF0FF3016F0A5FD2546DEE7044696
:10CE7000E9E700BF9C4200208833002073B5104EC4
:10CE80000023ADF805308DF8073096F804368DF89C
:10CE9000043004230DEB030204460D46FFF7BEFDEC
:10CEA00058B99DF8043043B103EB43039B0006F2ED
:10CEB000A452291D2046FFF7B1FD02B070BD00BF8E
:10CEC0008833002037B504460D4608220021684605
:10CED0000FF089FA0D4AD2F8EC3223F47F7323F075
:10CEE000030303F580630093D2F8E03423F47F73E7
:10CEF00023F0030303F5806301936A460823294660
:10CF00002046FFF78BFD03B030BD00BF8833002003
:10CF10002DE9F047002586B0102280460C4602A875
:10CF20002946DFF80891404E01950FF05CFA042283
:10CF300029460DEB02000FF056FAD9F80070D6F82A
:10CF400094C29DF8042029460B20EBB29F4219D8C9
:10CF500009B18DF8042002238DF805300423214601
:10CF60000DEB03024046FFF759FD043400274FF054
:10CF70000B0AD9F80030FDB2AB4200D980B106B03F
:10CF8000BDE8F08700FB03C393F80AE01EF0010F31
:10CF900004D05B7A13B10132D2B201210135D4E75A
:10CFA000D6F894320AFB05F52B449A7AD20731D58C
:10CFB0005B7A7BB30146102202A80FF014FAD6F870
:10CFC000941229448B7A13F060030AD102A8FCF76B
:10CFD0007FF8D6F894322B44DA88ADF810201B7A0B
:10CFE00005E0202B18D1CB88ADF810300B7A8DF8E6
:10CFF0001430D6F894328DF812702B4421469B7A67
:10D00000C3F341138DF8133002AA10234046FFF7F3
:10D0100005FD10340137ACE702A8FCF759F8D6F843
:10D0200094322B44DBE700BF8833002068000020E7
:10D030002DE9F043042285B00C46064600210DEB95
:10D0400002000FF0D0F9082200210DEB02000FF0D2
:10D05000CAF9FDF769FF03238DF8053004238DF825
:10D06000040021460DEB03023046FFF7D7FC2C4F9E
:10D07000DFF8B080043400254FF013093B689D426F
:10D0800000D210B105B0BDE8F083D8F8DC1309FB7D
:10D0900005F3CA1811F803C00CF0030CBCF1010F22
:10D0A0003BD1D0798DF80800C85C9DF809C0000913
:10D0B00060F3030C8DF809C050785FFA8CFCC0F364
:10D0C000400060F3041C8DF809C050785FFA8CFCB6
:10D0D000C0F3820060F3471C8DF809C0CB5C9179E6
:10D0E0008DF80B10117A890001F03C01C3F3810324
:10D0F0000B439DF80A1021F03F010B438DF80A30D5
:10D100009378C3F304038DF80C30082321460DEB0C
:10D1100003023046FFF782FC08340135AEE700BF5A
:10D1200064000020883300202DE9F7430023654E7A
:10D1300001930746C87996F87B3DB1F80890C0F393
:10D140008118800960F3871386F87B3D4A68D6F81A
:10D15000783D62F31D03C6F8783D0B89A6F87C3D47
:10D160007B1E0D461E2B00F28A80DFE803F0103490
:10D170003A8888525E88646D767C884046888888C4
:10D180004C885888888888887073888882004968A5
:10D1900021F04041FFF7D8FC044698B95FFA89F2C4
:10D1A000D31C23F003039B1A13F0FF036FD16B68AA
:10D1B00007F5C77706EBC707C3F31D030C3B87F8DA
:10D1C00008807B6000232046C6F8783DA6F87C3DA9
:10D1D00003B0BDE8F083496821F0404112F07BFEC6
:10D1E000DAE7496821F0404113F003F8D4E74968D1
:10D1F00021F04041FFF76AFDCEE7496821F0404148
:10D20000FFF7E8FDC8E7496821F04041FFF736FE27
:10D21000C2E7496821F0404113F01CF9BCE74968B6
:10D2200021F0404114F015F8B6E7496821F040417B
:10D23000FFF748FEB0E7D6F8103C002B3ED06968F7
:10D2400021F040419847A7E7D6F8143CF5E7D6F817
:10D25000183CF2E7D6F81C3CEFE7496821F0404162
:10D26000FFF756FE98E7496821F04041FFF7E0FEDE
:10D2700092E7496821F0404104F02EFD8CE74A68AE
:10D28000014622F04042384600F066FF84E7B6F8D7
:10D290007C2DD6F8781D96F87B0D1A44A6F87C2DC7
:10D2A000B5F808C0C1F31D0101AA61448009FFF768
:10D2B000B5FB00283FF47BAF044683E74FF0FF3413
:10D2C00080E700BF883300202DE9F04FDFF8549449
:10D2D000ADF5037D002499F8706C0D94CDE90B44F5
:10D2E0000FF091FF731CB3FBF0F202FB10330393BA
:10D2F00003F5467309EB83039DF80C809A79404649
:10D3000064F300029A71FEF719F84FF4C6722146D1
:10D310001FA80FF068F81FA93046FDF7C9FE0546A3
:10D3200018B1383540F0CE80254606F546761824EB
:10D3300009EB86064FF00C0A1FAB0AFB05335B684E
:10D3400033F0404332D05FFA85FBB1885846FDF791
:10D350001BFE58B300230BA8ADF83030ADF83250A7
:10D36000FEF76AFAC31C23F00303ADF83030D9F896
:10D37000603C013323F000430746BDF83200C9F892
:10D38000603C0B93FDF742FEADF834000BA8FDF7AF
:10D3900099FF53460BAA21464046E0F7B1F9002811
:10D3A00068D0FDF79BFFBDF830301C440135202DBF
:10D3B000C0D10FF02AFFDFF86CB31FAD00266B68F9
:10D3C00033F0404300F07C812B89002B00F0788102
:10D3D000EB799B090BEB8303F0B2B3F8641CFDF708
:10D3E000D3FD002840F06C81EB799B090BEB8303A4
:10D3F000B3F8643C052B00F26381052E64D0042E43
:10D4000040F05E814FF00E0A0023ADF83C30DBF8AF
:10D41000603CADF83EA0013323F000435046CBF80A
:10D42000603C0E93FDF7F2FD042EADF8400004F1D0
:10D430000C0940F01D81EB792A7A6F689B090993EA
:10D440001923B2FBF3F30893C3EBC3039B00183318
:10D45000ADF83C300EAA0C2321464046E0F750F9C7
:10D46000C7F31D07824690B3BDF83C300C351C4411
:10D470000526A4E7039B03F0030A9DF867306AF3CF
:10D4800087138DF86730199A04F10C0363F31D02BA
:10D49000143F18A9584604931992ADF86870FFF725
:10D4A00043FE049B00287FF47CAF23F04041BDF88D
:10D4B00030200B9B0C395046FDF718FF00283FF435
:10D4C00072AF6EE7182476E74FF00F0A9CE714233B
:10D4D0008DF828308BF80435494633460AAA404671
:10D4E0000797E0F70DF9CDF810A0CDF818A0DFF8F8
:10D4F00034A28BF80885074604F11009069B089AA8
:10D50000934280F0A480002FAED107990998192387
:10D5100011AAE0F7CDF888B17F4B1B68002BA3D18F
:10D520000FF04AFE00289FD1009741F2E3337A22A0
:10D5300039464FF0FF3016F03DFA95E7082211A961
:10D5400018A80EF045FF102213A91AA80EF040FFEC
:10D550009DF85C309DF8782003F0010322F00D0265
:10D5600043F00C03134318A88DF8783016F0F6F941
:10D570006A4BDAF828751A68B0FBF2F34FF00A0C20
:10D5800003FB1200049B9A424ED90CFB00F3F918DE
:10D59000059391F801E0FB5C43EA0E2391F802E069
:10D5A000C97843EA0E4301F0070153EA016132D121
:10D5B0008AF809051C2218A959480EF009FFBAF883
:10D5C0007E1D1C2218A816F0ABF94946AAF87E0D5C
:10D5D0001C2318AA4046E0F793F8DAF82835059A94
:10D5E00005999A1809F11C0903F80190C9F307235A
:10D5F0005370C9F307439370D378C9F3026123F0E2
:10D6000007030B430746D370069B01330693079B22
:10D610001933079372E70130B0FBF2F302FB1300FA
:10D62000049B01330493ADE73B4B1B681BB90FF020
:10D63000C3FD014610B14FF0FF37E5E7009041F21E
:10D640000F437A224FF0FF3016F0B4F9F3E7002FC2
:10D650007FF40AAF0E9BBDF83C2049464046FDF7DB
:10D6600045FE50B341F29B317A20FDF781F824E06A
:10D670000EA8FEF7E1F8C31C23F0030307460EA82B
:10D68000ADF83C30FDF71EFE0C230EAA21464046A5
:10D69000E0F736F8039B29F0404949EA83730C3FD1
:10D6A0001993ADF8687030B918A95046FFF73CFDE2
:10D6B00008B9A146CEE7FDF711FEBDF83C301C4489
:10D6C0000136202E05F10C057FF479AE154D0FF0D3
:10D6D0009CFDB5F8643C0A2B08D895F8663C002000
:10D6E0006FF3000385F8663CFDF728FEB5F8683C4B
:10D6F0000A2B08D895F86A3C01206FF3000385F8DF
:10D700006A3CFDF71BFE85F8708CC5F86C4C0DF576
:10D71000037DBDE8F08F00BF9C4200206C0000201C
:10D7200092380020883300202DE9F04FB94C94F84E
:10D73000712C94F8C9341007EFB00CD419070AD52E
:10D74000FEF746F994F8713C43F0080384F8713C05
:10D750006FB0BDE8F08F5A07FAD54FF498720021E8
:10D76000AD48DFF8B0B20EF03EFE4FF0FF354FF49B
:10D77000C67200210BA8C4F8605C0EF034FE6B95F5
:10D780000FF041FD00260290D846B1460C270496C2
:10D79000029B5FFA86FA534500F2A7800C2F40F0F7
:10D7A00020810FF030FD0228064604D040F2B95126
:10D7B0007A20FCF7DDFF00252746A8465FFA85F9A9
:10D7C0004E4500F211810BAF3A460023516831F00B
:10D7D000404103F1010603D01189002940F03E8148
:10D7E000202E334602F10C02F0D194F8713C43F044
:10D7F000040384F8713C3D4600266B6833F04043D7
:10D8000041D02B89002B3ED0EB799B0904EB83039D
:10D810005FFA86F8B3F8641C4046FDF7B5FB90B399
:10D82000E97968890390C1F3811A890904EB8103BE
:10D830002A89B3F8643C029394F883CDA4F8842D2C
:10D8400061F3871C84F883CD6968C1F31D0CD4F89B
:10D85000801D6CF31D01C4F8801DACF10C09D4F8D7
:10D860005C1CB8F1000F40F0948184F878ACC4F8E7
:10D87000749C002900F03282B0B205928847059A64
:10D88000002840F0A2810136202E05F10C050BF195
:10D89000080BB2D100257B6833F0404307F10C063A
:10D8A00040F02A820135202D3746F4D10023C4F8F8
:10D8B000803DA4F8843D049B483301D1FFF704FD6B
:10D8C000D4F86C5C002D7FF43DAF2846FDF736FDA3
:10D8D0001823C4F86C3CD4F8603C84F8705C0133C5
:10D8E00004BF0123C4F8603C2CE70C2308AA0021E4
:10D8F0005046DFF7DDFE06F546750490034630B16D
:10D90000013313D115F08BFF4FF0FF330DE007AA61
:10D9100008A9504615F04EFF10F1480F10D078B10D
:10D920000C23A8F8643C6FF02203049304EB8505F4
:10D930005046AB796FF30003AB71FDF7FFFC10E0CD
:10D94000BDF81C300B2B10D804EB8505BB42AA791F
:10D9500042F00102AA7138BFB146A8F8643C38BF52
:10D960001F46013608F1040812E72C4B1B687BB9EF
:10D970000FF022FC014658B9BDF81C300193042376
:10D9800000937A2241F204134FF0FF3016F012F8A0
:10D990000C23A8F8643CB5E7B6F8643C0C2B13D014
:10D9A000A94511D09F420FD00C23A6F8643C05F581
:10D9B000467304EB83039A796FF300029A71FDF7C3
:10D9C000BDFC4FF0FF33049301350436029BE8B2EF
:10D9D0008342E1D80B2F049B18BF6FF047030493D9
:10D9E000DFE626460025F1E7B7F8643C0C2B0ED0A5
:10D9F0000BA94846FDF75CFB90B96B9BC4F8603CF3
:10DA00009DF8B43184F8703C6C9BC4F86C3C0135D3
:10DA10000437D3E688330020E83F00209C420020F2
:10DA200010F1380F06D10123AB4048EA03035FFA37
:10DA300083F8ECE7013002D115F0F1FEE7E705F5D8
:10DA4000467304EB830348469A796FF300029A7198
:10DA50000C23A7F8643CFDF771FCD8E70C2000FB11
:10DA600003723346202B28D1D579AD0928FA05F366
:10DA7000DB0752D5012D50D884F8705C04EB850586
:10DA80006B9BC4F8603CB5F8643C0B2B7ED0FFF771
:10DA90001BFC00214FF4C6720BA80EF0A4FC4FF043
:10DAA000FF3394F8700C6B930BA9FDF701FB002872
:10DAB0003FF49BAE15F0B3FE97E600FB0375696873
:10DAC00031F040413FD0E979D57969403F293AD9D1
:10DAD000AD09022DC8D09C494FF00C0A202E34D13C
:10DAE00028FA05F111F00101C4D14FF4C6720BA858
:10DAF0000EF079FC4FF0FF330BA928466B93FDF72E
:10DB0000D7FA00283FD16B9BC4F8603C9DF8B43134
:10DB100084F8703C6C9BC4F86C3C94F8700C013039
:10DB200000F0010028FA00F818F0010F3FF45DAE94
:10DB300000F5467304EB83039A796FF300029A7140
:10DB4000FDF7FCFB51E601338CE70AFB0679D9F8B7
:10DB5000043033F0404314D099F80730B5EB931FED
:10DB60000FD005F5467204EB8202284653680B403D
:10DB700043F00C035360FDF7E1FB99F8075072493D
:10DB8000AD090136AAE715F04AFEC6E7FDF7F0FB3E
:10DB90007FE7A8F1070C5FFA8CFCBCF1150F05D8E4
:10DBA0006A4820FA0CFC1CF0010F07D1DFF8A0C175
:10DBB0009CF871EC6FF3820E8CF871EC8BF878ACFA
:10DBC000CBF8749C00297FF457AEE879696808F1B6
:10DBD000FF3C8009C1F31D0106F1010A05F10C09A2
:10DBE0000BF10808BCF11E0F78D8DFE80CF0101913
:10DBF0001F77773743774F56656B77252B77777786
:10DC000031773D77777777775B6077777100039D22
:10DC1000029B0095FEF766FD56464D46C346ECE571
:10DC2000039D029B0095EAF787FFF5E7039D029BA2
:10DC3000009512F008FAEFE7039D029B0095FDF7AF
:10DC400087FFE9E7039D029B0095FEF71BF8E3E7DA
:10DC5000039D029B0095FDF7B5FDDDE7039D029B4B
:10DC6000009512F095FBD7E7039D029B009513F0FA
:10DC70000FF9D1E7039D029B0095FEF779FA94F81E
:10DC8000713C43F0010384F8713CC5E713460A4632
:10DC900001460020FDF764F9BEE713460A46014637
:10DCA0000120F7E713460A4601460220F2E7134631
:10DCB0000A4601460320EDE7039D029B0095FEF70F
:10DCC00073FAA9E7039D029B0095FEF7F5FBA3E716
:10DCD000039B0093029B03F097FFD4E56868E97902
:10DCE000039B0193029B00938909134620F0404255
:10DCF000B0B200F003FAC6E53B89002B3FF4D2AD89
:10DD0000FB799B0904EB8303E8B2B3F8641CFDF7CD
:10DD10003BF900287FF4C6AD052D7FF4C3ADF8793B
:10DD2000800904EB8003B3F8643C052B02D9374625
:10DD30000625B0E579687D893A89009521F0404152
:10DD4000FDF7A0FFF3E700BF0000FEFF0D0030006D
:10DD50008833002070B5234C8688D4F86C3C054687
:10DD60001E440FF04DFA864230D9FDF701FB94F8BE
:10DD7000703C03F5467304EB830328469A796FF3EE
:10DD800000029A71D4F8603C013323F00043C4F8D8
:10DD9000603C2B60FDF796FA0C23D4F86C1C94F8C9
:10DDA000700C2A46DFF7ACFCEB8873B1073B9BB2E3
:10DDB000152B04D80C4A22FA03F3DB0705D494F898
:10DDC000713C6FF3820384F8713C70BD94F8703C31
:10DDD00004EB8303B3F8643C0B2BC8D0FFF774FA51
:10DDE000C5E700BF883300200D0030001FB5044692
:10DDF0000C22002101A80EF0F6FA0D4B93F8C9345D
:10DE00005B070DD5142301A8ADF80830ADF80A4022
:10DE1000FFF7A0FF30B140F695117A20FCF7A8FC7F
:10DE200004B010BD01A8FDF7DBFB0028F3D1F7E734
:10DE300088330020F8B5FDF77DFC1F4F0024E6B2C3
:10DE40003046FDF753FB68B90134202CF7D11B4A4B
:10DE500092F8713C43F0040382F8713CBDE8F8404D
:10DE6000FDF776BC1C2C03D93046FFF7BFFFEBE76C
:10DE700027FA04F515F0010501D00134DFE730463B
:10DE8000FFF7B4FF0E2CF8D1242229460C480B4C86
:10DE90000EF0A9FA2846FCF791FC0A4BD4F82805A5
:10DEA0001B680A225A4329460EF09DFAFF2384F884
:10DEB00009350F24C3E700BF81060018883300200E
:10DEC000903800206C000020F0B589B00023CDE927
:10DED000023306460493FDF709FBC0B9394B1B68B2
:10DEE0006BB90FF069F9014648B904230093019614
:10DEF00040F637137A224FF0FF3015F05BFD6FF0DC
:10DF0000160440F671117A20FCF732FC42E02E4FE5
:10DF100097F8C9345A0737D597F8713C1B0704D4D2
:10DF200040F645117A20FCF723FC002402A8ADF846
:10DF30000C40ADF80E60FDF77FFCC31C23F003031B
:10DF40000546BDF80E00ADF80C30ADF81040FDF7F9
:10DF50005DF8ADF8100002A8FFF7FCFE0446E0B93A
:10DF6000D7F86C3C97F8702C0C3323F0404343EA0D
:10DF70008273143D05A930460693ADF81C50FFF797
:10DF8000D3F804460028BCD102A8FDF729FB0446BB
:10DF90000028B6D1204609B0F0BD0A4B1B68002B03
:10DFA000AFD10FF009F901460028AAD1042300934C
:10DFB000019440F662137A224FF0FF3015F0FAFC1C
:10DFC0009FE700BF9C420020883300204FF6FF737C
:10DFD00099422DE9F34105460C4637D00846FDF736
:10DFE00095FAB8B9414E1C22294606F20A5086F825
:10DFF00009450EF0EDF90A23D6F828155C434FF0D9
:10E00000FF320A550B195A709A70DA7842F00702FB
:10E01000DA7013E0364B1B685BB90FF0CDF80146A0
:10E0200038B9009040F21B137A224FF0FF3015F000
:10E03000C1FC4FF48E717A20FCF79AFB00240E206D
:10E04000FFF742FF204602B0BDE8F08115F086FCE4
:10E05000284B264F1A68D7F828C5B0FBF2F30021E9
:10E0600003FB12034FF00A0E8A420CD1204B1B68AF
:10E070006BB34FF0FF34E2E701330131B3FBF2F051
:10E0800002FB1033F0E70EFB03F60CEB06001CF866
:10E09000064090F8018044EA082490F80280C07895
:10E0A00044EA084400F0070054EA0064E4D18A42DC
:10E0B000DCD91C222946104887F809350EF088F96A
:10E0C000D7F828154FF0FF328A558B199BE70FF0D0
:10E0D00073F801460028CCD1009040F239137A221F
:10E0E0004FF0FF3015F066FCC3E700BF8833002017
:10E0F0009C4200206C000020923800202DE9F3475C
:10E10000144E0746884691469A4600243546D5F86F
:10E11000583C9C4202D36FF01B0016E0D6F8302C1E
:10E1200038469047143698B1142303FB0455BDF8C4
:10E130002C300193BDF8283000933846D5F83C4C7C
:10E1400053464A464146A047002002B0BDE8F0874A
:10E150000134DCE7883300202DE9F047104E0746F4
:10E160008846914600243546D5F8583C9C4203D356
:10E170006FF01B00BDE8F087D6F8303C3846984772
:10E18000143650B1142303FB04554A46D5F8403CDD
:10E1900041463846BDE8F04718470134E4E700BF80
:10E1A000883300202DE9F0410746884619B99221AD
:10E1B0007920FCF7DDFA0F4E00243546D5F8583C9F
:10E1C0009C4202D36FF01B000FE0D6F8303C38467B
:10E1D0009847143658B1142303FB04553846D5F834
:10E1E000343C9847C8F800000020BDE8F0810134B5
:10E1F000E4E700BF88330020F8B5094C0646002547
:10E200002746D7F8583CAB4201D80020F8BDD4F8D7
:10E21000303C3046984714340028F7D10135F0E7F8
:10E220008833002013B50C4814F032FE044680B148
:10E230000A4B1B686BB90EF0BFFF014648B90423B7
:10E2400000930194BF2341F264124FF0FF3015F0A8
:10E25000B1FB02B010BD00BF61E202009C42002091
:10E2600038B50321044614F09CFF00210546032223
:10E270000EF0B9F802232B7021460248BDE8384061
:10E2800000F04ABA89E2020073B50321044614F093
:10E2900088FF0378002B38D14378002B39D1032134
:10E2A000204614F07EFF43781BB93B4B827883F8FD
:10E2B0002523837803F00303012B3FD0023B012B7E
:10E2C00036D8354D3548D5F828230223002185F866
:10E2D000243300F05DFB95F849634EBB05F00CFC60
:10E2E000D5F828334FF4705253434FF47A72B3FB8E
:10E2F000F2F36FF00042C01A904219D2184605F0AE
:10E30000EBFB002005F006FC12E0234B93F82523DD
:10E31000B2BB234B1B685BB90EF04EFF014638B908
:10E320000090E42341F264124FF0FF3015F042FBFD
:10E33000204602B0BDE87040FBF788BE164D85F858
:10E34000243395F849334FF470563BB1D5F8283350
:10E350004FF47A707343B3FBF0F0D0E705F0CCFBD9
:10E36000D5F828334FF47A727343B3FBF2F36FF0AE
:10E370000042C01A9042DBD2184605F0ADFBD7E749
:10E3800093F82433022B0CBF06480748214602B0FD
:10E39000BDE8704000F0C0B988330020ADE3020052
:10E3A0009C420020DDFA0200F5E3020013B50146AD
:10E3B0000E4821B102B0BDE8104000F0ADB914F034
:10E3C00067FD044680B10A4B1B686BB90EF0F4FE82
:10E3D000014648B9042300930194632341F2641277
:10E3E0004FF0FF3015F0E6FA02B010BDF5E3020081
:10E3F0009C420020F0B587B0044601F05DFA50B3AE
:10E40000184D0DF1160095F8521395F8D8760026A0
:10E41000FAF722FF0123CDE9013607F00107009743
:10E420003346BDF81620B5F83C132046F7F7C0FF79
:10E4300002220B21204614F064F995F8263303706C
:10E440004670F721204614F083F92146064800F073
:10E4500063F907B0F0BD204607B0BDE8F040FBF718
:10E46000F5BD00BF8833002055730200FF2810B5AA
:10E47000044604D9302141F26410FCF779F9024BCB
:10E4800083F8264310BD00BF88330020014BC3F83A
:10E490002803704788330020074B084993F8262348
:10E4A000074B53F8222043F6FF3301FB02334FF4AE
:10E4B0007050B3FBF0F0704788330020C81405009B
:10E4C0000052040038B5044614F0F1FE014690B93C
:10E4D00011484FF4A57200F05BFA104B93F84933E2
:10E4E00023B90F482022012100F052FA2046BDE84E
:10E4F0003840FBF7ABBD0321204614F052FE00214B
:10E50000054603220DF06FFF01232B7021460548BD
:10E51000BDE8384000F000B925E202008833002051
:10E520007139030089E2020070B5FE2104461546E8
:10E530000948002200F0F6FB032120462E786D7872
:10E5400014F02FFE002303704670857021460348A7
:10E55000BDE8704000F0E0B825E2020089E2020068
:10E5600010B50C4C2368617BA2680133236069B14C
:10E57000217B21B19B1A6FF00042934206D2DFF754
:10E5800059F92368A3600023237310BDBDE8104030
:10E59000DFF776B98442002010B5074C236813B921
:10E5A000DEF77EFF20602368044A43F2390002FB55
:10E5B0000300206010BD00BF944200206D4EC64194
:10E5C00038B50D46044620B940F201117B20FCF716
:10E5D000CFF820462544094C4FF0FF33854201D146
:10E5E000D84338BD10F8012B5340082243F30001F3
:10E5F0002140013A81EA5303F8D1EFE72083B8EDD7
:10E6000070B5044616460D4621B94FF48F717B2034
:10E61000FCF7AEF8E043094C29462E448E4201D166
:10E62000C04370BD11F8013B5840082340F300027D
:10E630002240013B82EA5000F8D1EFE72083B8ED99
:10E64000F8B5044616460D4621B94FF49E717B205D
:10E65000FCF78EF804B1E4430A4F0020864201D84B
:10E66000E043F8BD2B5C63401B060822002B4FEAF9
:10E670004303B8BF7B40013AF8D183EA1424013048
:10E68000ECE700BFB71DC104F7B5164607460D46B7
:10E69000DEF7E8F91E4B1A69102A08D9DEF7C8F927
:10E6A0001C4B1B6823B36FF01C0003B0F0BDDC688B
:10E6B00003F1140204EB8404A11817510D713EB943
:10E6C0001A69C2F11102012A02D8DEF7B1F9EAE7AC
:10E6D0001A6901321A61DA6811210132B2FBF1F1D3
:10E6E00001EB0111521ADA60DEF7A2F90020DCE733
:10E6F0000EF062FD01460028D5D104230093019558
:10E700004FF40A737C224FF0FF3015F053F9CAE73B
:10E71000883300209C420020F7B5264E07460D4660
:10E72000DEF7A0F934682449A0680A6890421AD339
:10E73000DEF77EF9214B1B686BB90EF03DFD0146FB
:10E7400048B904230093019540F279237C224FF0CD
:10E75000FF3015F02FF97C2040F27A21FCF708F801
:10E760006FF01C0023E06268154BC2EBC2020C3450
:10E77000A018A7505343857170685C09012203F00B
:10E780001F039A4050F8243023EA020340F8243053
:10E790003268096893680133936053680133B3FBAF
:10E7A000F1F001FB10335360DEF742F9002003B0B3
:10E7B000F0BD00BF88330020740000209C42002080
:10E7C000B76DDBB62DE9F743274F80460E469146DD
:10E7D000DEF748F93D682549A8680A6890421AD3CF
:10E7E000DEF726F9224B1B686BB90EF0E5FC0146FB
:10E7F00048B904230093019640F2A7237C224FF0EE
:10E80000FF3015F0D7F87C204FF42A71FBF7B0FFEA
:10E810006FF01C0025E06C68164BC4EBC4040C358B
:10E82000281945F80480634386717C685D090122DC
:10E8300003F01F039A4054F82530134344F8253061
:10E840003A68A0F8049093680968013393605368AC
:10E850000133B3FBF1F001FB10335360DEF7E8F84E
:10E86000002003B0BDE8F08388330020740000204E
:10E870009C420020B76DDBB6F7B5284F06460D4623
:10E88000DEF7F0F83A6826489168036899421AD38F
:10E89000DEF7CEF8234B1B686BB90EF08DFC0146FA
:10E8A00048B90423009301954FF436737C224FF04E
:10E8B000FF3015F07FF87C2040F2D921FBF758FF9C
:10E8C0006FF01C0021E052F80C1B01B3C1EBC10139
:10E8D000CB1FD118144CD6505C438D7179686509F3
:10E8E000012251F8253004F01F04A24023EA02035C
:10E8F00041F825303B689A6801329A601A6852B133
:10E90000013A1A60DEF794F8002003B0F0BDC3EBC3
:10E91000C303073BDDE70268F2E700BF883300204E
:10E92000740000209C420020B76DDBB610B4094B88
:10E93000094C1A68094B24681B6892681B1B9A4291
:10E9400003D85DF8044BFFF7E7BE6FF01C005DF8DD
:10E95000044B7047883300207000002074000020B2
:10E9600030B4084B084D1C68084B2D681B68A46820
:10E970005B1B9C4202D830BCFFF724BF6FF01C0029
:10E9800030BC7047883300207000002074000020E5
:10E990002DE9F04F834689B08A46914642B9FFF788
:10E9A000BBFE064628B90026304609B0BDE8F08F08
:10E9B0000026C54C94F8FF30002BF4D194F87180F8
:10E9C000B8F1FF0F16D1C14B1B685BB90EF0F4FB19
:10E9D000014638B900904FF466737C224FF0FF3047
:10E9E00014F0E8FF40F299317C20FBF7C1FE6FF094
:10E9F0001C06D9E7E26E08EB880708EB4707D11938
:10EA00004B7AFF2B06D003EB830003EB40031A4441
:10EA1000897A917294F8713003EB830203EB42031D
:10EA2000E26E1A44FF23937294F87130E26E03EBA6
:10EA3000830103EB41031344D5195B7A84F87130E9
:10EA400042F807B085F808A000F0E6FC8144C5F85C
:10EA50000490DFF8809294F8FC30D9F8002001335C
:10EA6000DBB2033A934284F8FC300BD894F8703050
:10EA7000E26EFF2B49D13A445372E36E3B4483F874
:10EA80000A8062E0DFF844B2DBF8003093B90EF0A0
:10EA900093FB014670B9D9F80030029394F8FC302A
:10EAA0000193082300937C224FF44D734FF0FF3005
:10EAB00014F080FF94F87090E36EB9F1FF0FD5D099
:10EAC000DBF8002009EB890A09EB4A0AC2B907936F
:10EAD0000EF072FB079B014690B903EB0A02107A15
:10EAE00004905268039253F80A30CDE90193102341
:10EAF00000937C2240F239334FF0FF3014F05AFF7C
:10EB0000E36E534493F80990D6E703EB830003EBDD
:10EB100040001118D5F804E0D1F804906FF0004CD3
:10EB2000A9EB0E09E1452CD23A445372E36E184426
:10EB30003B44827A9A7294F8703003EB830203EBC1
:10EB40004203E26E1A4482F80A8084F8708094F8D6
:10EB50007030E46E03EB830203EB42031C4400F0CD
:10EB60005BFC636883423FF41FAF181A6FF00043E9
:10EB70009842BFF419AF00F055FC15E7437AFF2B1C
:10EB800009D003EB830003EB400010444768AEEB71
:10EB900007076745F2D34E48AD1A4543FF2BEDB248
:10EBA00000F09A8003EB830003EB40031A44977A4A
:10EBB000FF2F64D0FF2D2FD08B7ABB4244D1E36E60
:10EBC0000B226A431344FF21597294F870308B4230
:10EBD00000F08880E16E03EB830003EB40030B44FD
:10EBE00011449B7A8B7294F87030E26E03EB8301D0
:10EBF00003EB410313449B7A03EB830103EB4103D3
:10EC00001A44557294F8703003EB830203EB42030D
:10EC1000E26E1A4495729AE740F25A317C20FBF773
:10EC2000A7FD94F87030FF2B0ED003EB830203EBAB
:10EC30004203E26E1A44937ABB4205D140F25A3144
:10EC40007C20FBF795FDBAE7E26E07EB870107EB47
:10EC500041010B236B4350181A44407A5072E26E04
:10EC60001A449772E26E53185B7A03EB830003EB4E
:10EC700040031A449572E36E0B445D7267E7FF2D03
:10EC800004D140F263317C20FBF772FDE16E94F811
:10EC900070300B226A431144FF2B4B7222D0E16E7D
:10ECA00003EB830003EB40030B4411449B7A8B720C
:10ECB00094F8703003EB830203EB4203E26E1A44D4
:10ECC000957284F8705042E7883300209C420020FF
:10ECD000A38B2EBA74000020FF2D7FF470AF4FF489
:10ECE0005B71ADE7E36E13449D72EAE730B412B98D
:10ECF00030BCFFF71BBE084B084D93F8FC40084B97
:10ED00002D681B685B1B9C4202D830BCFFF740BEDD
:10ED10006FF01C0030BC704788330020700000206A
:10ED2000740000202DE9F84307460E4615460AB147
:10ED300000231370414C94F870106FF01B004FF0DB
:10ED4000FF08FF2901D1BDE8F88301EB8103D4F866
:10ED50006CC001EB43030CEB03025CF803C092F8B8
:10ED6000099067455ED1FD2E03D892F808C0B445DE
:10ED700058D115B1127A02B12A70E06EC21892F819
:10ED80000AC0BCF1FF0F20D0527AFF2A4CD002EB10
:10ED9000820E02EB4E02024482F80AC0E06E94F842
:10EDA00070E0C2188E4592F809C017BF927A84F8B5
:10EDB00070C002EB820E02EB4E021CBF801880F87E
:10EDC00009C0E26E1A4482F80A80E26E94F871007B
:10EDD0001A44FF285072E26E0ED000EB800C00EB5C
:10EDE0004C0010441A44807A907294F8713003EB0E
:10EDF000830203EB4203E26E1A44917294F8FC30F2
:10EE000084F8711023B940F2CF317C20FBF7B0FCBD
:10EE100094F8FC30FE2E03F1FF3384F8FC304FF001
:10EE2000000090D149468CE794F8702002EB820EE6
:10EE300002EB4E02104480F80AC0AFE7883300208E
:10EE400070B50D4C94F87030E56E0B26FF2B02D197
:10EE50006FF01B000AE07343EC18EB58984208D19E
:10EE6000237A8B4203D163681360002070BDFF29B1
:10EE7000F9D0637AEAE700BF883300202DE9F74F25
:10EE8000BE4CDFF8FC820020F9F78EF914F084FD07
:10EE900000F0B2F90546002840F00881DDF7E2FDF8
:10EEA000022723689A683AB353F80C6B6068C6EB84
:10EEB000C6015A184FEA561C53F801A0938850F81F
:10EEC0002CB092F80690019300F096F9A0B9DDF706
:10EED000AFFDDEF79FF9002800F0B58023689A683F
:10EEE000D8F80030C2F101020321B3FBF1F39A42DA
:10EEF00040F2B180DDF7B6FDDDF79AFD00F07CF958
:10EF0000002840F0F58094F8FF30002B40F0F080AE
:10EF100094F870B0D4F86CA00BEB8B020BEB4207AB
:10EF200000F07AFABBF1FF0F0AEB070900F0E0806E
:10EF3000B9F1000F00F0DC80D9F804306FF0004226
:10EF4000C31A934280F0D4805AF8072094F8707066
:10EF500099F8080007EB8703FF2F07EB43051CD048
:10EF6000E16E01EB050C9CF80930FF2B40F0A0800E
:10EF700094F8703003EB830103EB4103E16E194415
:10EF8000FF238B7294F8703003EB830103EB410392
:10EF9000E16E19444B7A84F87030904794F8FC3055
:10EFA00023B94FF49A717C20FBF7E2FB94F8FC3014
:10EFB000FF2F03F1FF3384F8FC3004D140F2371106
:10EFC0007C20FBF7D5FBE26E94F871302A44FF2BCE
:10EFD000537277D1E36E2B449F7284F8717000F006
:10EFE0000BF900287FF44FAF94F8FF30002B7FF42B
:10EFF0004AAFDDF737FD94F87050DDF719FDFF2DAE
:10F0000073D0012500F008FA5C4991F87030C96EA0
:10F01000024603EB830003EB40030B446FF0004117
:10F020005B68981A884228BFD01A00F0FBF9002DBF
:10F030007FF429AF00F0E0F800286DD003B0BDE800
:10F04000F04F00F0D9B8FBF7A7FE00287FF446AFD9
:10F05000FBF7F8F808BB012F3FF44CAFDDF702FDDA
:10F060002268D8F800109368013B9360136801335D
:10F0700006F01F06B3FBF1F001FB103313602BFA0F
:10F0800006F6DDF7D5FCF3070DD501994846D047C4
:10F090000127DDF7E7FC3D4603E7FBF7D9F8002839
:10F0A0007FF41CAFD7E74846D047F1E7002525E7B6
:10F0B00003EB830E03EB4E0319449CF80AC081F85E
:10F0C0000AC055E7E26E03EB830103EB41031344EF
:10F0D0002A449B7A937294F8713003EB830203EB1A
:10F0E0004203E26E1A44977277E700F08BF9CAE6A2
:10F0F00000F082F800289AD194F8FF30002B96D1C6
:10F10000DDF7B0FC94F87060DDF792FCFF2E7FF421
:10F1100079AF00F077F98AE714F03EFC044600F07E
:10F120006BF838BB023425D1144C94F8FF300BBB7C
:10F13000DDF798FC23689B6823B103B0BDE8F04F6E
:10F14000DDF776BCDDF774FC00F0BAF8012384F833
:10F15000583ED4F8643E834206460BD284F8585E8B
:10F1600000F05AF9C4F85C0E304603B0BDE8F04F29
:10F1700000F0D0B803B0BDE8F08F00BF88330020A6
:10F1800074000020F8B51A4C1A4F4FF6FF73A4F81C
:10F19000703000263B68F5B2AB4200D8F8BDFF2DB9
:10F1A00003D128217D20FBF7E3FAE16E94F871305A
:10F1B0000B226A431144FF2B4B7215D0E16E03EB17
:10F1C000830003EB40030B4411449B7A8B7294F849
:10F1D000713003EB830203EB4203E26E1A44957233
:10F1E00084F871500136D5E7E36E13449D72F7E75A
:10F1F0008833002074000020014B93F8FE00704714
:10F200008833002038B50C4615460DF0D5FF054B68
:10F210001B6833B928B929462046BDE838400DF0AF
:10F22000E9BF38BD9C42002070B50646084631460D
:10F2300014461D4600F02CF9F8B104A814F011FC96
:10F240000146204614F017FC00F014F981B2204664
:10F2500014F02DFC2146204614F029FC29462046B6
:10F2600014F025FC00F00CF9DDE90435EE18731BF1
:10F27000002B0BDC0DF0C3FF07E0074B1B68002BD6
:10F28000DBD10DF099FF0028D7D170BD55F8041BD4
:10F29000204614F016FCEAE79C42002010B5074C0B
:10F2A0001423C4F8643E012384F8583E00F0B4F8F7
:10F2B000C4F85C0EBDE8104000F09EB88833002012
:10F2C00010B5134C23689B68E3B994F87030FF2B9A
:10F2D0001AD000F0A1F894F8703003EB830203EB2E
:10F2E0004203E26E13446FF000415A68131A8B42D6
:10F2F00000D3831A4FF4705253434FF47A70B3FB28
:10F30000F0F010BD0023F5E74FF42373F2E700BFE0
:10F310008833002037B5054613F0A8FD044660B1D8
:10F3200004230022162114F096FB05600B482146A9
:10F3300003B0BDE83040FFF7EFB9094B1B6853B984
:10F340000DF03AFF014630B900906B232C224FF0AC
:10F35000FF3014F02FFB03B030BD00BF855A000012
:10F360009C4200202DE9F843DEF71AFB204CDFF821
:10F370008490A56827680646FFF7A2FFD9F8643E87
:10F380008342804632D200F03DF84046DEF72CF949
:10F39000431C1CBF012389F8583E636808BF002046
:10F3A00003444FF47A714FF4705201FB03F8B8FB39
:10F3B000F2F802FB08F2B2FBF1F29B1A102B636029
:10F3C00003D992212C20FBF7D3F95EB1637B13B1F3
:10F3D000236843442360E81B404503D9A0EB0800A1
:10F3E00000F020F8BDE8F843DEF732B9BDE8F88355
:10F3F0008442002088330020014B01225A73704759
:10F4000084420020034B5A7B1AB100221A73DEF7A4
:10F4100011BA704784420020014B1868704700BF42
:10F420008442002070B5124C0546FFF7F5FF637B60
:10F43000064605440BB1DDF715FB237BA2683BB103
:10F44000511B6FF00043994202D3B61A9E4202D27A
:10F450000123A5602373637B0BB1DDF7E9FADEF7C7
:10F460009FFA18B9BDE87040DEF70ABA70BD00BF58
:10F4700084420020014B1868704700BF984200206A
:10F48000024A136801331360704700BF984200209E
:10F49000094B4A1C1B7801D183420AD2834206DB06
:10F4A000064B1B68194214BF012000207047002042
:10F4B00070470120704700BF19050020A0420020BE
:10F4C00073B50D460646FFF7A7FF0C4C0190DE23EF
:10F4D000237001A9AD23023E45F001050222201D43
:10F4E0006370A670E5700CF073FF062221464FF69C
:10F4F000FF70FFF787FE02B070BD00BFC379002028
:10F50000F8B51C46104B1B780D4607469DF81810A1
:10F510001646BBB1A01D2844C90101F0800180B28C
:10F52000FFF7CEFF2A4639464FF6FF70FFF76AFE17
:10F53000224631464FF6FF70FFF764FEBDE8F84003
:10F540000DF05DBEF8BD00BFC979002037B5054696
:10F55000B0B9184813F09CFC044678B1164B1B68F0
:10F5600063B90DF029FE014640B9042300930194CC
:10F5700058233D224FF0FF3014F01CFA03B030BD89
:10F580000B2113F00EFE0B22044600210CF02BFF82
:10F59000204600F02BF800F07BF8A37A208103F0DE
:10F5A0003F0300212846A37203B0BDE8304003F0BA
:10F5B000EBB900BF4DF502009C420020014B83F8DF
:10F5C0004903704788330020034B93F84903003800
:10F5D00018BF0120704700BF883300200146082271
:10F5E00001480CF0F5BE00BFC836002001490822D2
:10F5F0000CF0EEBEC8360020014908220CF0E8BE2F
:10F6000034360020034B93F8C92460F3C30283F817
:10F61000C92470478833002070B50D4CB0FA80F3D0
:10F62000164694F8C92484F8B4025B0963F3000217
:10F6300008460D4684F8C92413F03AFF012804D087
:10F64000294604F2CC4013F062FE84F8146970BDC0
:10F650008833002001480021FFF75EB8B1FB0200AB
:10F66000034B93F8442560F3451283F84425704713
:10F6700088330020024B93F85505C0F30010704703
:10F6800088330020014908220CF0A2BE583800201F
:10F69000014BB3F83C0370478833002038B5002194
:10F6A000044614F093F9204613F001FE0D4D28B9DD
:10F6B00095F8183913B1032385F820392CB940F295
:10F6C000E11140F62B00FBF753F800F0A1FE95F88E
:10F6D000E4366FF3000385F8E4362046BDE8384091
:10F6E000D6F7D0B98833002037B50146044600224A
:10F6F0000F4813F0F2FB0546B8B10E4B1B6873B907
:10F700000DF05AFD014650B904230093019540F2D3
:10F71000F23340F62B024FF0FF3014F04BF9204645
:10F7200003B0BDE83040FAF791BC03B030BD00BF74
:10F7300039F702009C42002073B5CDB20446042183
:10F74000284613F02EFD0378112B064602D10E2019
:10F7500002F0B2F92946204613F00CFC0421284699
:10F7600013F01FFD042201460DEB02000CF030FEE9
:10F77000042300223221284614F06DF904220DEBF7
:10F7800002010CF025FE13482946FEF7C5FF337829
:10F79000092B17D1104D95F895370133DBB20B2BA0
:10F7A00085F895370ED90121204613F0FAFC022383
:10F7B000037021460948FEF7AFFF002385F895370F
:10F7C00002B070BD002CFBD0204602B0BDE87040F6
:10F7D000FAF73CBC855A000088330020A1100300D2
:10F7E00013B50446C0B91B4813F052FB044688B158
:10F7F000194B1B6873B90DF0DFFC014650B90423A7
:10F80000009301944FF40E7340F62B024FF0FF303B
:10F8100014F0D0F802B010BD0F4B1B6863B90DF0A7
:10F82000CBFC014640B9009040F23D2340F62B024C
:10F830004FF0FF3014F0BEF8084B93F8490308B9B5
:10F8400004F084F90648214602B0BDE81040FEF7F6
:10F8500063BF00BFE1F702009C4200208833002014
:10F86000D112030070B5134C0A23002584F8083721
:10F8700084F8005884F82658FF2604F083F901F034
:10F8800073FC3C2384F8FD3784F8FE67EFF70AFC2D
:10F890007022294604F20A700CF0A5FD0135102DE6
:10F8A00084F80E6704F10704F8D1BDE8704002F057
:10F8B0009FB900BF88330020024B93F84C0500F03D
:10F8C0000100704788330020024B93F8D80600F0FF
:10F8D000010070478833002008B50948022104F070
:10F8E0008DFC50B90749082201F5CC700CF049FD98
:10F8F00018B1BDE80840EFF7B5BC012008BD00BF56
:10F9000060380020C836002010B5084C94F84C052B
:10F9100010F0010006D0EFF7A5FC20B994F85505CA
:10F92000C0F3800010BD0020FCE700BF883300203A
:10F9300008B5FDF7F9FE00F007FF0949094808225C
:10F940000CF01FFD20B9F32140F62B00FAF710FF51
:10F95000EFF7DAFB002002F0AFF8002008BD00BF8F
:10F96000DE820400C836002010B528B140F24E21D6
:10F9700040F62B00FAF7FCFE0A4B93F8D84614F039
:10F9800001040DD1032283F82029FE2122460648D6
:10F99000FFF7C8F921460448BDE81040FEF7BCBE99
:10F9A00010BD00BF88330020E1F70200F8B50E4615
:10F9B0001821054613F0F5FB04462EB94FF42A71C1
:10F9C00040F62B00FAF7D4FE0C21284613F003FB77
:10F9D00018220746002120460CF005FD3146384626
:10F9E0000C220CF0F5FC4FF6FD7323800223E37329
:10F9F0001323638129460248BDE8F840FEF78CBE18
:10FA0000BD0F0200F7B51421044613F0CAFBC37CF6
:10FA1000BBB1837B0022032B11460DF107031ED1DE
:10FA2000FAF734F868B99DF80700FAF707FA40B119
:10FA30009DF80700F9F7C8FC18B19DF80700F9F721
:10FA4000A9FD224D95F8E736A3420CD12048214666
:10FA5000FEF762FE002385F8E73603B0F0BD0088AC
:10FA6000F9F74AFFDEE795F8E936A3421CD10027F3
:10FA70000A21204685F8E97613F093FB39460822DF
:10FA800006460CF0B0FC95F809341248C3F3400365
:10FA9000337295F80934C3F300037372214603B03F
:10FAA000BDE8F040FEF738BE204613F042FA037876
:10FAB00003F00302012A04D19B0602D5807812F0DC
:10FAC000B7FD002CC9D004482146E8E78833002060
:10FAD000251403000D7F02009949030010B504218D
:10FAE000044613F05EFB084B0C2283F8952709228D
:10FAF000027093F85233A0F8013021460348BDE864
:10FB00001040FEF709BE00BF88330020E9F602006E
:10FB100038B50A4CD4F8D43805462BB940F23541F3
:10FB200040F62B00FAF724FED4F8D4082946FEF755
:10FB3000F3FD0023C4F8D43838BD00BF883300205B
:10FB400070B5084DD5F8D03804462BB940F24A417B
:10FB500040F62B00FAF70CFED5F8D0382046BDE869
:10FB6000704018478833002070B50E4601210546C5
:10FB7000144613F016FB29460B4D06700B48FEF792
:10FB8000CBFDD5F8D4382BB140F2594140F62B00CB
:10FB9000FAF7EEFD2CB940F25A4140F62B00FAF785
:10FBA000E7FDC5F8D44870BD8833002031800200DD
:10FBB00010B528B14FF4BF7140F62B00FAF7D8FD0D
:10FBC0000F4BD3F8D02812B90E4AC3F8D02893F8B7
:10FBD000180918B1BDE8104001F0E4BA13F046F975
:10FBE000044628B940F2991140F62B00FAF7C0FDFF
:10FBF0002046054ABDE810400021FFF7B5BF00BF11
:10FC000088330020153B04001183020010B5002347
:10FC1000044601211A4613F01EFF21460248BDE8A2
:10FC20001040FEF779BD00BF855A000008B5FFF708
:10FC30007FFEBDE80840014813F02AB90DFC020020
:10FC4000034B0448022283F8642813F021B900BF53
:10FC500088330020B9020300F8B51021064613F0DE
:10FC6000A0FA2A4C0546102200210CF0BCFB082209
:10FC700004F5DE61284694F8F8760CF0A9FB04F24E
:10FC8000EC6105F1080013F042FB94F849333BB9ED
:10FC900094F8A237180744BF23F0080384F8A2376A
:10FCA00094F8A2372B7394F84A2ED10644BF83F000
:10FCB00002032B7394F84A3E9A0642BF2B7B83F0D3
:10FCC00008032B732B7B63F07F032B7302236B736F
:10FCD0000523AB73012357B1EB73002384F874330E
:10FCE00031460B48BDE8F8400522FEF751BEEF73E0
:10FCF00084F8743394F84B3EDB075EBF94F8D83633
:10FD000067F3000384F8D836EAE700BF88330020A1
:10FD1000F15C02001FB50C4B93F84923FF2A04BF86
:10FD2000012283F8492393F849338DF80F30074BAC
:10FD300001930123009352220DF10F03FF21F8F7E5
:10FD4000F3FA05B05DF804FB8833002051FD020092
:10FD500038B5054613F0EDF8037823B14FF412716E
:10FD60000920FAF705FD154C94F8D836DB0702D5C3
:10FD700094F87433E3B194F8D83628466FF300034F
:10FD800084F8D836FAF762F90D486F220021FEF7A1
:10FD9000FFFD002384F8093794F849436CB903F058
:10FDA000F1FE21460748BDE838402122FEF7F0BDAC
:10FDB00029460548FEF7B0FCEBE738BD8833002044
:10FDC000E1F70200E9FE02003D0103001FB5044611
:10FDD00001F09CFD11498DF8040002220DF105008F
:10FDE0000CF0F6FA08220E490DF107000CF0F0FABB
:10FDF0000C4A92F8D03392F849235B0003F0800359
:10FE00008DF80F301AB143F00C038DF80F3001A9B3
:10FE10002046FFF7CBFD04B010BD00BFC436002064
:10FE2000C836002088330020074B93F8D023D20631
:10FE3000014603D505480722FEF7AABD93F8181915
:10FE40000348FEF769BC00BF8833002029FE02008A
:10FE5000A511030073B50446B8B91F4813F018F88C
:10FE6000044680B11D4B1B686BB90DF0A5F9014626
:10FE700048B904230093019440F2331309224FF050
:10FE8000FF3013F097FD02B070BD154D082113F03F
:10FE900088F9D5F834390646C3B19847D5F83039D2
:10FEA000BBB198473071B5F822290E484FF47A71EA
:10FEB00043F6FF3301FB023321464FF47052B3FB8C
:10FEC000F2F202B0BDE87040FEF762BDEFF706FA4D
:10FED000E4E70520E6E700BF55FE02009C42002053
:10FEE000883300204546020008B5002003F012FECA
:10FEF000054B93F8D836DB0704D4BDE80840022050
:10FF000003F036BD08BD00BF883300202DE9F34162
:10FF1000264C074694F8180913F00BF8D4F81C592E
:10FF2000AD0005350646102100EB0508384613F0F4
:10FF300038F91022002104460CF055FA705D69462C
:10FF400000F07F00F8F7BEFF0822694620460CF05B
:10FF50003FFAFFF739FB18B1237B43F00C032373FF
:10FF6000237B63F07F0323730834204613F0A8FA41
:10FF700098F8012098F80230705D02F00F0103F04C
:10FF800003031B01490041EAD01143EA1212204643
:10FF900013F030FA18B172210920FAF7E9FB39465B
:10FFA0000348FEF7B9FB02B0BDE8F08188330020BA
:10FFB000F15C02002DE9F843044612F0BAFFD0F8D4
:10FFC00000800546B8F1000F08D14F4B93F818098F
:10FFD00088B983F81849C3F81C090446296811F147
:10FFE000490F6AD1204613F069F921464748BDE818
:10FFF000F843FEF791BB12F09CFF00F1050C6E1D5B
:020000040003F7
:10000000674641460379994232463DD3002190F834
:1000100004E0BEF11B0FE1D82B798B42DED9674695
:10002000002335E03B7892F8008083EA08035B0602
:1000300021D1BB7892F80290C3F30018C9F30019DC
:1000400048EA090868F30413BB7092F80290C3F3FE
:100050004018C9F3401948EA090868F34513BB7012
:1000600092F80290C3F38018C9F3801948EA09088E
:1000700068F38613BB700EF1010E04322B797345C1
:10008000D0D801310437BDE74FF0000EF6E7013359
:1000900073450AD217F8046B92F8008086EA0806C6
:1000A0007606F4D101310432B1E7FBD116684CF881
:1000B0002360037901330371F4E7134A92F821397D
:1000C00073B1013BDBB282F821394BB12B793BB9DB
:1000D000204612F0C0FF2046BDE8F843FFF7BABE45
:1000E00092F818394BB10A480021FEF715FB44B1CC
:1000F0002046BDE8F843F9F7A9BF204612F0ABFF50
:1001000073E7BDE8F88300BF88330020C9100300FF
:10011000A511030010B5084C034694F8180910B156
:100120000BB1F9F793FF002384F81839C4F81C3990
:1001300084F8203910BD00BF88330020002210B59C
:10014000114604460D48FEF7EDFD0120FFF7E2FFE2
:100150000B48F8F727FF0B4B93F84B2ED20704D52B
:100160002046BDE81040F9F771BF83F8E746214605
:100170000548BDE81040FEF7CFBA00BFE1F7020026
:100180003436002088330020CDFD020030B585B024
:10019000FFF792FB204C68B394F85203FF281CD061
:1001A000F7F7AEFB0546A8B11C4B1B686BB90DF009
:1001B00003F8014648B90423009301954FF4BB733B
:1001C00009224FF0FF3013F0F5FB40F277110920C0
:1001D000FAF7CEFAFF2384F852330022B4F83C0336
:1001E0000DF10F031146F9F787FB18B99DF80F00C1
:1001F000F9F7D0F994F8E43643F0010384F8E436D3
:1002000094F84C3500206FF3000384F84C3505B0AA
:10021000BDE8304003F09ABC883300209C420020A7
:100220002DE9F043204C94F84B5E15F0010585B0A4
:10023000064688461746994611D1FFF7A7FF4FF6A5
:10024000FF70F1F7B7FF94F8E43643F0010384F848
:10025000E43694F84C3565F3000384F84C350822F5
:100260004146124884F8F8960CF0B2F83946104826
:1002700013F04DF894F84933FF2B04BF012384F8A1
:10028000493394F849338DF80F300A4B0193012319
:10029000009330460DF10F035222FF21F8F744F886
:1002A000002005B0BDE8F08388330020783A0020B4
:1002B000743A002059FC020070B51A4C94F8146985
:1002C000054666B1012E06D1314612F06AFF06706E
:1002D000284600F0E5FE032384F8643870BD94F8E6
:1002E000673873B104F66C0104F2CC4013F00FF8D8
:1002F0000D4A94F86638A2F508712846FFF790FF7A
:10030000E9E794F84C332344012293F84B1393F814
:100310004A338A4003B1163B04EB8303C3F8CC2471
:10032000E6E700BF883300205438002070B50F2165
:1003300088B0054612F035FF03680446002B56D1FD
:10034000F7F7ACF84FF6FF739842064604D14FF426
:100350002E710920FAF70CFA07A9304612F038FA84
:1003600020B140F2BB210920FAF702FA234E33688C
:10037000A3BB0CF021FFE0B9079B214A9B7892F8C0
:10038000E41603F01F0301F001011A44059192F8ED
:100390004B23CDE90332A3880293236801931423EE
:1003A0000093092240F2BE2301214FF0FF3013F0E9
:1003B00001FB336893B90CF0FFFE78B9D4F806005E
:1003C000D4F80A1001AB03C30823009309224FF4A9
:1003D000307301214FF0FF3013F0ECFA094812F0AE
:1003E00057FD29460848FEF797F908B070BD074841
:1003F000294608B0BDE87040FEF78EB99C42002047
:1004000088330020ED75020015FD0200A9120300DB
:1004100010B5064C94F864383BB105480022FF2122
:10042000FEF780FC042384F8643810BD8833002074
:1004300041FC0200034B93F86408003818BF012008
:10044000704700BF8833002010B50E4B93F84C2541
:100450006FF3000283F84C250446F3F737FA0022C5
:10046000FE210948FEF75EFC0022FE210748FEF748
:1004700059FC01F06FF92046054ABDE81040012102
:10048000FFF772BB88330020E1F702002D41020024
:100490007113030038B50921044612F082FE0B499E
:1004A000082205460BF06DFF58B9094B93F8493304
:1004B0000BB903F04BFB297A2046BDE83840F6F72C
:1004C00007B92046BDE83840F9F7C0BDDE82040018
:1004D000883300201FB5044631B10146134804B0EB
:1004E000BDE81040FEF718B901460DF10E00F8F70F
:1004F000B3FEBDF80E00F1F75DFE2046F7F700FAF7
:10050000044680B10A4B1B686BB90CF055FE0146DE
:1005100048B90423009301944FF4B8730A224FF0B2
:10052000FF3013F047FA04B010BD00BF2D61020088
:100530009C4200202DE9FF410921054612F031FEC1
:100540000446064614F8017B082221460DEB020002
:100550000BF03EFF3378C82B01D0C22B2ED12046A2
:1005600012F0A2F98046204612F082F9B8F1020F8B
:1005700027D100F0FB04012C23D13378C82B22D1E2
:1005800000263946284602F0F9FF40B9F6B1144B6F
:1005900093F80914284601F00101F6F799F8DCB147
:1005A000002500220DF10703114602A8F9F76EFAA3
:1005B00070B99DF80700F5F7B9FD09E000240126A0
:1005C000DFE70024DCE700273E46DAE7002CE8D12D
:1005D00015B12846F9F73AFD04B0BDE8F08100BF37
:1005E0008833002038B500220D460123032104463C
:1005F00013F031FA057021460248BDE83840FEF795
:100600008BB800BF855A00002DE9F04F4C4B1B788A
:100610008DB007468BB9DDF7C1F830BB494B1B687D
:10062000EBB90CF0C9FDD0B900908C230B2201214D
:100630004FF0FF3013F0BEF911E0424B1B6853B985
:100640000CF0BAFD014630B9009085230B224FF023
:10065000FF3013F0AFF9DDF7A1F80028DED04FF03E
:10066000FF3630460DB0BDE8F08F08213846DDF783
:10067000B5F8064660B1334B1B68002BEFD10CF088
:100680009BFD01460028EAD1009099230B22CFE779
:10069000BC88DFF8B0A0043C24B281464FF00408C7
:1006A0000546002C02DDB9F1000F0ED03B68AB42CD
:1006B000D7D0244B1B68002BD1D10CF07DFD014617
:1006C0000028CCD10090A723E0E7202C2346A8BF28
:1006D00020231FFA83FB4246594604A80393DDF703
:1006E00093F8FA88039BA4EB0B04D844012A8146B3
:1006F00024B21FFA88F806D15A4604A92846FDF705
:100700009FFF0546CDE7022A05D11A4604A92846CF
:10071000FDF776FFF5E769210B20FAF729F8DAF8FB
:100720000030002BBDD10CF047FD01460028B8D1A8
:1007300000906A230B224FF0FF3013F03BF9B0E733
:10074000CA7900209C420020F0B593B0F9F732FC42
:10075000064606A8FFF758FF0446002866D1BDF8F4
:100760001E30012B54D101460A900E220BA80BF02B
:100770003AFE082204210AA80594DDF745F890BB4B
:1007800004220AA905A80BF023FE059813F0ACF982
:100790000C2208210AA8DDF737F820BB08AC082294
:1007A0000AA920460BF014FE8349082220460BF0CC
:1007B000E8FDC0B1814B1B6893B90CF0FDFC054608
:1007C00070B994E8030001AB83E8030008230093A9
:1007D0000B224FF4887329464FF0FF3013F0EAF8EC
:1007E0002046FEF7FBFE764805F058FD2422122134
:1007F0000AA8DDF709F80346C0B90AAA12F8011BD6
:10080000002940F0D1800133122BF7D1002571E08F
:10081000022B40F09A808DF81300082214210AA8B8
:10082000DCF7F2FFC8B1674805F038FD634B1B6881
:100830005BB90CF0C1FC40B9009040F23B230B22A5
:1008400001214FF0FF3013F0B5F800234FF0FF32D5
:100850001721304613F0FFF898E004220AA905A8F2
:100860000BF0B6FD059813F03FF91C2208210AA8E9
:10087000DCF7CAFF0028D6D108220AA908A80BF085
:10088000A7FD4D49082208A80BF07BFD10B108A870
:10089000FEF7A4FE4B4805F001FDAB2201210DF14E
:1008A0001300DCF7B1FF04460028BFD19DF81350B8
:1008B000454B05F00305AC22595D8F1C39460AA84B
:1008C000DCF7A2FF0AA92346224611F8014B0133A7
:1008D0002244BB4292B2F8D30028A7D12AB10AA978
:1008E000284604F0AFFC0028A0D19DF91330002B5E
:1008F00017DBBE25BDF81C40641BA4B2802C3ED97A
:100900002E4B1B68002BA0D10CF056FC0146002892
:100910008CD18023CDE901430823009340F21A23B0
:1009200027E0BE22022108A8DCF76EFF00287FF432
:100930007DAFBDF8203013F0010F40F21B1508BF4A
:10094000C0259907D6D59335D4E71C4B1B68002BDF
:100950007FF47BAF0CF030FC014600287FF466AFDB
:10096000BDF81E30029302220823CDE9003240F286
:100970000A230B224FF0FF3013F01CF856E7E3B2C6
:1009800000221721304613F066F82CB931460F4883
:10099000FDF7C2FE13B0F0BD2A462146DCF734FF56
:1009A00000287FF443AFF1E70AA9032004F04AFCD2
:1009B00000283FF42BAF39E7DE8204009C42002080
:1009C0003D3B0400833B0400E9820400855A00009B
:1009D0002DE9F04FDFF878A085B0262505FB00A5AE
:1009E000CDE9001200249DF838B085F82448064669
:1009F0009846019B9C4228D2009B002703EB4409A8
:100A000007E0022208EB470148460BF0BAFC18B198
:100A100001375F45F5D316E0022249460DF10E007D
:100A20000BF0D6FC95F824281320511C00FB06225D
:100A3000C9B20AEB4202BDF80E0085F824180E294F
:100A4000A2F80608E4D90134D3E705B0BDE8F08F79
:100A5000883300202DE9F04106460D4612F069FA70
:100A60000746304612F023FC10F11C0F23D010F182
:100A70001B0F1CDA134B98421FD00A3398421ED02A
:100A8000304612F014FCC4B202213046B7F801809F
:100A90007F7D12F0A0FA07704470C5F50040223047
:100AA0004246314680B2BDE8F04100F02FBE282812
:100AB000E6D18D24E8E78424E6E78C24E4E7882463
:100AC000E2E700BF52FBFFFF2DE9F74F06460D4658
:100AD00001921F469DF83080DFF87C9012F0BBFA3F
:100AE0001821304612F05DFB4FF0260B0BFB059AE8
:100AF00004460146BAF80208F8F72AFF38BB013568
:100B00009AF80438237205F00105019A62810323E3
:100B10000BFB05952373B5F8020804F10D01F8F7F6
:100B200017FFA0B995F804386375BAF80238E38264
:100B300039463046B8F1000F04D003B0BDE8F04F9D
:100B400013F093B803B0BDE8F04F13F091B8FF2055
:100B500003B0BDE8F08F00BF8833002037B51E4BCF
:100B600093F82418B1FA81F14909262202FB0132D7
:100B7000132592F8242883F84C1805FB012203EB77
:100B8000420200230093B2F80428144B0446FFF7F6
:100B90009BFFFF2805461DD10221204612F01BFABB
:100BA0008A2343700E4B05701B6863B90CF004FB7D
:100BB000014640B9009040F2233340F62C024FF03A
:100BC000FF3012F0F7FE0548214603B0BDE8304083
:100BD000FDF7A2BD03B030BD88330020650C0300D3
:100BE0009C420020F7B51E4C8C4694F84C182625E4
:100BF000134605FB0142074692F82468AEB901315D
:100C0000CDB2012D84F84C5806D10146184603B0E8
:100C1000BDE8F040FDF780BD84F8006884F82668E0
:100C200003B0BDE8F040F9F711BA132202FB0166E8
:100C300004EB4606CDF800C0B6F80428FFF744FFE1
:100C4000FF2801D13846EBE794F84C3805FB034404
:100C500094F82438013B84F8243803B0F0BD00BF79
:100C60008833002010B5044612F063F94378882BCE
:100C700011D00A4B93F84C28262101FB02330021A6
:100C800093F82428013A83F82428054A2046BDE831
:100C90001040FFF7A7BF034A0121F7E78833002080
:100CA000B50C0300A90C0300014A0121FFF79ABF0C
:100CB000A90C0300014A0021FFF794BFB50C030003
:100CC0002DE9F0470F468AB01C21054612F069FA5B
:100CD0001C22014603A80BF07BFB2846BDF80D80C3
:100CE00012F027F9BDF80F2090F800904FF6F77337
:100CF0009A42064604D89DF80C3013F00C0F05D02C
:100D00002846F9F7A3F90AB0BDE8F087037B012B69
:100D100016D0032B45D03E4B1B68002BF0D10CF0B6
:100D20004BFA01460028EBD1337B01930423009357
:100D300040F62C02E1234FF0FF3012F03BFEDFE7DC
:100D40000F24284612F0FFF8A042D9D31C212846D0
:100D500012F027FA08220446711C0BF039FB737A53
:100D60002372022206F10A0104F10A000BF030FBA3
:100D7000337B2373012B06F10D0A14D10222514655
:100D800004F10D000BF024FB2248082221460BF051
:100D9000F8FA237A013BDBB280B9FD2B22D98224F9
:100DA00010E01524CDE7032BEED10822514604F1C3
:100DB0000D000BF00DFB737D6375E5E7FE2B34BF73
:100DC000842482240221284612F005F980F800903C
:100DD0004470C7F5004022304246294680B200F0F8
:100DE00095FC90E71C21284612F0F5F81C2203A977
:100DF0000BF0EEFA2FB1084BA3612846EEF72EFB5D
:100E000081E7064BA3612846EEF7CCFD7BE700BFE8
:100E10009C420020C8360020653C04005F3C040072
:100E200001460148FDF778BCDDFB010001460148A1
:100E3000FDF772BC5DFC010001460148FDF76CBC8A
:100E4000D1FC01002DE9F347044612F072F8064682
:100E5000204612F078F80F2805D8204602B0BDE8E9
:100E6000F047F9F7F3B8B77B10230225204615FBAE
:100E7000073712F068F8B842EFD3B37B06F10108E8
:100E80000733204618F8133015FB037512F05BF892
:100E9000A842E2D3F37A013BDBB2EF2B06D98221E1
:100EA000204602B0BDE8F04712F0E5BE414D95F88E
:100EB000007887B995F8FD273F4885F8004802EB90
:100EC000421252002146FDF763FD204602B0BDE804
:100ED000F047F5F7B1BB95F826280AB18521DFE781
:100EE000FE213548FDF71EFF384612F022F8B28980
:100EF0008189914207460BD04FF6FF73994207D084
:100F00009A4205D08621204612F0B5FE862145E0A2
:100F1000BB7BB07B5B000F3300F10709F918FA5C6B
:100F2000009006F10F0301310020FFF751FD08EB9F
:100F3000490A18F81930BA7B009307F10F010AF13A
:100F400001030120FFF744FD95F8243895F84A285D
:100F50001343D7D00222791C18480BF039FAFB7AD8
:100F6000174885F80438022241460BF031FAF37A2B
:100F7000144885F82A3885F8264811F089FF064676
:100F800038B90146204612F076FE95F80008314641
:100F900087E78A21204612F06EFE8A2195F8000824
:100FA00012F069FE002385F8003885F8263802B073
:100FB000BDE8F08788330020C90F03008A3B00207A
:100FC000B03B00205D0B0300044B0022852183F819
:100FD000002883F8262812F04EBE00BF8833002078
:100FE00073B5154E96F88D37DA07044606D50146D7
:100FF000124802B0BDE87040FDF78EBB43F001031C
:101000000C2186F88D3712F0CCF805460822011D18
:1010100068460BF0DDF92B68C6F804380821204635
:1010200012F0BFF8082269460BF0D2F921460448B5
:10103000FDF772FB02B070BD88330020E10F0300A2
:10104000ED46020013B5144A92F88D37D9070446CD
:101050000BD50146D2F804086FF3000382F88D37F0
:1010600002B0BDE81040FDF757BB0C4B1B6863B9DD
:101070000CF0A2F8014640B9009040F2FD1340F692
:101080002E024FF0FF3012F095FC204602B0BDE872
:101090001040F8F7DBBF00BF883300209C420020DF
:1010A00070B5084DD5F82839044623B940F21F1110
:1010B0004120F9F75DFBD5F8283921460520BDE828
:1010C000704018478833002073B5204E33680446BB
:1010D00063B90CF071F8014640B904230093019400
:1010E000C92341224FF0FF3012F064FC184DC4B9FF
:1010F00095F81849ACB9174811F0CAFE054670B109
:10110000336863B90CF058F848B90423009301958B
:10111000D523412221464FF0FF3012F04BFC02B0A4
:1011200070BD0020FEF7F6FFF3F7C8FCD5F82839AC
:101130001BB9DE214120F9F71BFBD5F828392146E0
:10114000022002B0BDE87040184700BF9C4200205A
:1011500088330020C9100300024B93F8E40600F026
:101160000100704788330020034B052283F82429AF
:101170001E22A3F8222970478833002070B5084D3D
:10118000D5F8283904461BB95F214120F9F7F0FA58
:10119000D5F8283921460120BDE87040184700BF26
:1011A000883300202DE9F0433A4C94F8180987B0B1
:1011B00030B939480021FDF7AFFA07B0BDE8F08338
:1011C00011F0B7FE0025DFF8DC900746461DA84663
:1011D0003B799D422DD296F90230002B3BDB94F8EF
:1011E0002039022B4FD804A8FEF74CFA307802A918
:1011F00000F07F00F7F766FE0822494604A80BF0CE
:10120000C0F800BBF3F7F8FE08B1F3F757FC94F809
:10121000203913B902A8F3F73DFC94F820391F4890
:10122000C4F81C59013384F8203911F031FE064608
:10123000A0B994F81839002BBBD0002DBDD03B7954
:101240009D42BAD1B5E7082204A90DEB02000BF0CC
:1012500098F80028D6D004360135B9E7104B1B6842
:1012600063B90BF0A9FF014640B90423009301962E
:10127000AD2341224FF0FF3012F09CFBAE21412004
:10128000F9F776FAD5E784F82089B37843F080033C
:10129000B370E0E788330020C91003000DFF02009F
:1012A0009C420020DE82040070B5084DD5F8283934
:1012B00004461BB9EA214120F9F75AFAD5F8283932
:1012C00021460320BDE87040184700BF8833002046
:1012D00070B5084DD5F8283904461BB9F4214120D2
:1012E000F9F746FAD5F8283921460420BDE87040C0
:1012F000184700BF8833002070B5084DD5F828394D
:10130000044623B940F23D114120F9F731FAD5F8EE
:10131000283921460620BDE8704018478833002050
:1013200070B5084DD5F82839044623B94FF4A97192
:101330004120F9F71DFAD5F8283921460820BDE8E3
:10134000704018478833002070B5084DD5F828390B
:10135000044623B94FF4AF714120F9F709FAD5F8E3
:10136000283921460920BDE87040184788330020FD
:1013700013B51C4CF8F76AFEFCF75CFDF8F738FD76
:10138000D4F8283923B94FF4C1714120F9F7F0F9A5
:10139000D4F8283900210A209847D4F8842732B19C
:1013A0000020904702B0BDE81040EDF751BF0E4855
:1013B000114611F092FD04460028F3D00B4B1B6838
:1013C000002BEFD10BF0F8FE01460028EAD10423F0
:1013D0000093019440F2931341224FF0FF3012F03A
:1013E000E9FADFE788330020E50503009C4200208E
:1013F00010B5014610B10948FDF78EF9084CD4F834
:10140000283923B94FF4D4714120F9F7B1F9D4F850
:1014100028390021BDE810400B2018473D0103008A
:101420008833002038B5044611F041FF05462046B8
:1014300011F011FE2046294611F040FF0120FCF773
:1014400043FD5DB10121204611F0ABFE0323037083
:1014500021460B48BDE83840FDF75EB92046FFF74E
:101460004BFF084B93F8381E11F0020107D183F8A7
:101470002413BDE8384004480722FDF789BA38BD77
:10148000A110030088330020ADE3020070B5084DC1
:10149000D5F82839044623B940F245214120F9F70F
:1014A00067F9D5F8283921460C20BDE87040184767
:1014B0008833002070B5084DD5F82839044623B983
:1014C00040F24F214120F9F753F9D5F82839214648
:1014D0000D20BDE8704018478833002070B5084DD6
:1014E000D5F82C39044623B94FF416714120F9F789
:1014F0003FF9D5F82C392046BDE87040184700BFA9
:101500008833002013B5104BD3F8842701461AB155
:1015100002B0BDE8104010470C4811F0DEFC044654
:1015200080B10B4B1B686BB90BF046FE014648B906
:1015300004230093019440F2962341224FF0FF30A0
:1015400012F038FA02B010BD88330020E505030020
:101550009C42002070B5084DD5F82839044623B9BF
:101560004FF429714120F9F703F9D5F828392146BC
:101570000E20BDE870401847883300202DE9F3475E
:101580003C4EDFF8F890DFF8F8A000252F46B04673
:10159000C5EBC5034344EC0093F8103703F0030395
:1015A000012B03D196F80E37FF2B47D0631B434422
:1015B00003F5E060D3F80A37002B3FD0027CC2F37A
:1015C00085033F3303F03F0363F387020274002B6C
:1015D00048D1D3B203F00303012BA9B23DD196F851
:1015E0000E27FF2A40D0FF2341EA022186F80E375A
:1015F0000022484611F071FC00B3DAF8003063B9FC
:101600000BF0DAFD014640B900904FF4897340F6C3
:101610002F024FF0FF3012F0CDF9631B434400223C
:1016200093F8101783F80A2762F3010183F80B2758
:1016300083F80C2783F80D2783F810170135102D38
:1016400006F10706A4D18FB10B484FF4A572002113
:1016500002B0BDE8F047FDF79BB996F80E3741EAB6
:101660000321C5E70127E9E71F46E7E702B0BDE828
:10167000F08700BF883300207D1503008516030026
:101680009C420020F7B5CBB21E4EC3EBC3031E44F1
:101690000746D6F80A370D46FBB1022111F09BFC34
:1016A0002D0A852305704370D6F80A073946FDF7E1
:1016B00033F8FF2286F80E2796F81027002363F3ED
:1016C000010286F80A3786F80B3786F80C3786F859
:1016D0000D3786F8102703B0F0BD0B4B1B685BB9C4
:1016E0000BF06AFD014638B90090E52340F62F0261
:1016F0004FF0FF3012F05EF9384603B0BDE8F0401D
:10170000F8F7A4BC883300209C420020F8B50D46B1
:10171000064618212846174611F043FD18220021DD
:1017200004460AF060FE4FF6F7739F42278005D803
:1017300048F234039E421CBF042323740223E37344
:10174000668129460248BDE8F840FCF7E5BF00BFC6
:10175000BD0F02000C49002230B510460D46FF2493
:10176000C2EBC2032B440132102A83F80A0783F824
:101770000B0783F80C0783F80D0701F1070181F8C7
:101780000747EDD130BD00BF883300202DE9F0437D
:10179000064685B0914698460F4619B9002005B017
:1017A000BDE8F0832A4803AA0021FDF749FB1C305D
:1017B00005D127484FF4A5720021FDF7E9F806F599
:1017C0002D3303F2A51303F00F0122480D46B8F1A3
:1017D000010F4FEAC50405D1631B034493F80E378C
:1017E000FF2B1AD1641B0444D4F80A37ABB99DF817
:1017F000301094F8103784F80E67002968F301035D
:101800000CBF0D21042161F38703C4F80A7784F823
:101810000F9784F810370120C1E7013505F00F0557
:10182000A942D4D10C4B1B68002BB7D10BF0C4FCE0
:1018300001460028B2D10423009301964FF4AD7302
:1018400040F62F024FF0FF3012F0B4F8A6E700BFC9
:101850007D150300883300209C420020F8B5064621
:1018600011F067FB0778DFF87CC007F52D3303F232
:10187000A51303F00F021346C3EBC304644494F8AA
:101880000E17B94225D1D4F80A0710B394F81017EF
:1018900001F0030101291CD13146FCF73DFF94F80A
:1018A0000F37013BDBB284F80F3783B9FF2284F88E
:1018B0000E2794F8102784F80A3763F3010284F89E
:1018C0000B3784F80C3784F80D3784F81027002084
:1018D00006E0013303F00F039A42CDD16FF01B00F5
:1018E000F8BD00BF88330020074B93F8FC06FD28A5
:1018F00002D80130C0B2704793F8FD06431E58422B
:101900005841C001704700BF8833002008B5FFF779
:10191000EBFF024B83F8FC0608BD00BF88330020B4
:101920002DE9F3410E4618210546174611F039FC02
:101930008046FFF7D9FF01210446284611F041FCFB
:101940000470B8F80A30152B04BF1A4B83F880478F
:1019500098F80F30032B17D1404610F0C8FFFF282E
:1019600008BF0020AEB9FFF7D1FF844204D0AA21FE
:1019700040F62F00F8F7FCFE29460F48FCF7CCFE96
:10198000012001F0F5FF11E0B8F8000010F0A8FF09
:10199000E8E7003818BF0120009001233A4631469D
:1019A0002046FFF7F3FE0028DDD1FF24204602B0D9
:1019B000BDE8F08188330020BD0F0200014B93F891
:1019C000FC06704788330020CAB20349034B91F8E4
:1019D0004C13F6F7DDBC00BF88330020E11903008B
:1019E0002DE9F0438BB0064611F0A3FA232290F8BC
:1019F000009047780446011D01A80AF0E9FC4C213B
:101A00003046D4F82780224C11F0E5FA054680F8DC
:101A10004B902330B9F1000F2ED1B4F8E428B4F87C
:101A2000E0381344B4F8DE2803EB42039BB20BB357
:101A30001FFA88F8B8FBF3F31649A4F8FE382822F9
:101A40000AF0C6FC232201A928460AF0C1FC902F07
:101A500004D11048282200210AF0C5FCD4F804095A
:101A600090B13146FCF758FE0023C4F804390BB09E
:101A7000BDE8F0830123DFE7282200210AF0B3FC50
:101A8000232200212846E7E73046F8F7DFFAEBE7A4
:101A900088330020643C0020054BD3F8042922B988
:101AA000C3F80409034811F018BA6FF00300704737
:101AB00088330020C9190300192800F29680DFE856
:101AC00000F00D949424942B324039787F861D4782
:101AD0004E555C636A1694949494718D434AB2F89F
:101AE000DC380133A2F8DC381F20FCF7EDB93F4A9F
:101AF000B2F8FC380133A2F8FC38F5E73B4AB2F8FB
:101B0000EE380133A2F8EE387047384AB2F8DE38C2
:101B10000133A2F8DE387047344AB2F8E0380133B6
:101B2000A2F8E0387047314AB2F8E2380133A2F83F
:101B3000E23870472D4AB2F8E6380133A2F8E638A9
:101B400070472A4AB2F8E4380133A2F8E438704703
:101B5000264AB2F8F0380133A2F8F038C4E7234A35
:101B6000B2F8F2380133A2F8F23870471F4AB2F8DF
:101B7000F4380133A2F8F43870471C4AB2F8F6384A
:101B80000133A2F8F6387047184AB2F8F838013332
:101B9000A2F8F8387047154AB2F8FA380133A2F8BB
:101BA000FA387047114AB2F800390133A2F8003907
:101BB00070470E4AB2F8E8380133A2F8E8387047A7
:101BC0000A4AB2F8EA380133A2F8EA387047074AFD
:101BD000B2F8EC380133A2F8EC387047034AB2F897
:101BE00002390133A2F80239704770478833002068
:101BF00010B5044C2822002120460AF0F4FB0023F3
:101C0000A36210BD643C002070B586B00546BDF8E7
:101C100028400E46002C42D12146102202A80AF08C
:101C2000E2FB102302AA31462846F9F70BFF0446CF
:101C300008BB274BBDF80820A3F8DC28BDF80A2014
:101C4000A3F8E828BDF80C20A3F8EA28BDF80E2078
:101C5000A3F8EC28BDF81020A3F8EE28BDF8122058
:101C6000A3F8F0280146BDF81420A3F8FC28E5F7F6
:101C7000EDFA06B070BD174B1B68002BF9D10BF0C5
:101C80009BFA01460028F4D10423009301944FF4F9
:101C9000B27303224FF0FF3011F08CFEE9E70D4BD9
:101CA0001B686BB90BF088FA014648B9042300930E
:101CB000019440F2791303224FF0FF3011F07AFEC5
:101CC0004FF4BD71032006B0BDE87040F8F750BD79
:101CD000883300209C42002030B585B004460D4674
:101CE0001022002168460AF07EFB124BB3F8DC2874
:101CF000ADF80020B3F8E828ADF80220B3F8EA28E0
:101D0000ADF80420B3F8EC28ADF80620B3F8EE28BF
:101D1000ADF80820B3F8F028B3F8FC38ADF80A2085
:101D2000ADF80C306A46102329462046FAF776FEB5
:101D300005B030BD883300202DE9F047074611F08B
:101D4000F8F84FF0000ADFF89C80DFF89C90054619
:101D50005446D8F800309C420CD33846F8F776F950
:101D6000BAF1000F39D1BDE8F0478B214FF4036081
:101D7000F8F7FEBCD9F8C808E308C25C1AB9013309
:101D8000DB00DCB2E5E704F0070C22FA0CF616F0F3
:101D9000010619D0D9F8C41811F804E029788E4545
:101DA00012D1012101FA0CF122EA0102C254D9F840
:101DB000CC08C25C22EA0102C2546B783BB90848E5
:101DC0002146FCF7A9FCB2460134E4B2C1E76FF04A
:101DD00046012046EEF7BAFFF5E7BDE8F08700BF01
:101DE000BD0F02007C000020883300202DE9F04F59
:101DF00089B0DFF8ECA0019011F09BF8DFF8E480E7
:101E000090F800B007460124DAF80020944205D388
:101E1000019809B0BDE8F04FF8F718B9D8F8CC2808
:101E2000E508525D1AB90135ED00ECB2ECE704F0BB
:101E3000070922FA09F2D30719D5D8F8C428125D88
:101E40005A4514D17A78AAB923482146FCF764FC94
:101E5000D8F8CC080122415D02FA09F221EA020118
:101E60004155D8F8C808415D21EA020242550134C3
:101E7000E4B2C9E71821204611F093F9064614226E
:101E8000002103A80AF0AFFAF27B8DF81A20B2897C
:101E9000ADF814203068716803AA03C24FF0FF3216
:101EA0006FF0170120468DF81B108DF81C208DF85F
:101EB0001D208DF81E2011F001FA00221421204669
:101EC0008DF81F2011F06DF903A914220AF080FA91
:101ED00002482146BAE700BFBD0F020005FA020022
:101EE0007C000020883300202DE9F3410F460C21AF
:101EF000054611F056F900F102080446134908227C
:101F000040460AF03EFA18B9FF2002B0BDE8F08161
:101F10000F49082240460AF034FA0028F4D00A217A
:101F2000284611F058F84146064608220AF050FAB1
:101F3000A37A3372E37A73720122238800922946CE
:101F40003A46002011F0D7FEDFE700BFDE82040032
:101F5000D682040070B50E460C21054611F021F919
:101F60004FF6FD730446314620F8023B08220AF082
:101F70002FFA00236381044B2846D3F88817BDE865
:101F80007040FFF7B1BF00BF883300202DE9F74F45
:101F9000CBB281460E4618461821009311F001F984
:101FA000424DDFF810A101900124DAF80020D5F8A5
:101FB000C818944202D34FF0FF0B14E0E2088A5C89
:101FC00004F00701CA40D20746D51821204611F077
:101FD000E8F8019908220AF0D4F900283CD1D5F894
:101FE000C42812F804B0D5F8C828F70806F0070886
:101FF000D25D22FA08F2D30704D5A9214FF4036079
:10200000F8F7B6FBD5F8C818012202FA08F8CA5D3D
:102010005FFA88F848EA0202CA55DAF800309C42B2
:1020200034D10C21484611F0BCF84FF6FD7304463C
:10203000019920F8023B08220AF0CAF900231C4942
:1020400063814846FFF750FFFF2808D0D5F8C43811
:10205000985503B0BDE8F08F0134E4B2A5E74846D7
:10206000F7F7F4FFD5F8C8280098D35D23EA0803F2
:10207000D355D5F8CC28D35D6FF0460123EA080389
:10208000D35503B0BDE8F04FEEF760BE4846F7F712
:10209000DDFFBBF1FF0F04D1D1214FF40360F8F74E
:1020A00067FBD5F8C43803F806B0D2E788330020C0
:1020B000391D03007C0000202DE9F04F0D4689B04A
:1020C00007461821E8B211F06CF84D4EB0F80090B8
:1020D000DFF838A180460124DAF80030D6F8CC28A1
:1020E0009C4202D34FF0000B42E0E308D35C04F0C3
:1020F0000702D340D90778D51821204611F051F8AE
:10210000034600685968DB7B06AA032B03C204D18F
:1021100006A8F7F71DFDADF818004FF6FF739945B7
:1021200003D0BDF818209A421AD1364B1B688BB9E0
:102130000BF042F8014668B9BDF81830CDE90193BB
:10214000082300934FF403624FF4AC734FF0FF3059
:1021500011F030FC40F259114FF40360F8F708FB1E
:10216000BDF818304B4540D1D6F8C43813F804B048
:10217000D6F8CC284FEAD50905F0070312F8092054
:10218000DA40D20707D540F273114FF4036005938C
:10219000F8F7EEFA059BD6F8CC1801229A4011F810
:1021A0000930134301F80930DAF80030A3421FD197
:1021B0000221384610F00FFFB8F8003003804FF6C8
:1021C000F772934205D940F27F114FF40360F8F79C
:1021D000CFFA0D49384611F0F4FDD6F8C448FFF7A0
:1021E000EDFB605509B0BDE8F08F0134E4B273E750
:1021F0003846F7F72BFFD6F8C43803F805B0F1E7F7
:10220000883300209C420020ED1D03007C0000204C
:10221000F7B5044610F097FE0228204604D803B014
:10222000BDE8F040F7F712BF10F083FE014602222E
:1022300011F8017B0DF106000AF0CAF81C212046B6
:1022400010F0AFFF04210646204610F0C4FE0770D0
:102250001E4FBDF80630B7F83C239A42054631D1EF
:1022600000234370B6F80930022B08D0032B1ED090
:10227000712140F63100F8F77BFA002709E00D21C3
:10228000204610F04AFF07F5F46111F089FE48F28C
:10229000020702220DF10601A8180AF099F8B6F813
:1022A000012021463846FFF731FA03B0F0BD022184
:1022B000204610F032FF07F2AD7111F096FE48F2A1
:1022C0000307E6E780234370D7E700BF8833002089
:1022D0002DE9F341054610F02CFE0190284610F040
:1022E00032FE032805D82846F7F7B0FE02B0BDE855
:1022F000F081019B01A913F8016B01930DF102001C
:1023000011F0E5FA019B1C21284693F8008010F09B
:1023100048FF0521B0F80170284610F05CFE234B01
:10232000067000220271BDF802100446B3F83C03A7
:10233000884239D1B8F1000F17D093F8FC07164640
:1023400003F5FB63904207D88EB9B8F1FF0F14BFB5
:102350008323822363701AE053F8041F91F800C0AE
:102360000132C44508BF0E46ECE703F2AF76F379BD
:10237000B17919444900083100232171637001F0DB
:10238000FE01284610F0C9FE314611F031FE02224E
:102390000DEB0201A0180AF01BF83A46294648F254
:1023A0000400FFF7B3F9A1E78023D3E788330020C7
:1023B000F0B58FB04FF6FF7304460E46ADF8063009
:1023C00010F0C1FD0A2804D82046F7F73FFE0FB0F1
:1023D000F0BD204610F0ADFD01460A2211F8017B48
:1023E00004A809F0F5FF08220DEB020004A909F08A
:1023F000EFFF1C21204610F0D4FE1C2201460DEBFD
:10240000020009F0E5FF0C21204610F0E4FD08224F
:10241000054604A9204809F0B4FF78B91F4BB3F86A
:102420003C33ADF80630BDF806204FF6FF739A42F4
:102430000FD116F00C0FC7D1812313E004A810F0C0
:1024400033FA0228EFD104A8F7F782FBADF80600B3
:10245000E9E79DF81830012B1BD9C6F38106022E3F
:10246000B2D0802308220DEB02016B702F70A81CE4
:1024700009F0AEFF0DF10601022205F10A0009F094
:10248000A7FFBDF81D2021464FF40040FFF73EF99D
:102490009DE70023E6E700BFC83600208833002010
:1024A000F0B58DB004460E4610F04DFD042804D85A
:1024B0002046F7F7CBFD0DB0F0BD3149082203A847
:1024C00009F086FF204610F034FD0146042211F881
:1024D000017B02A809F07CFF1C21204610F061FE60
:1024E0001C22014605A809F073FF022202A90DF182
:1024F000060009F06DFF0C21204610F06CFD214B09
:102500000546B3F83C33BDF80600834208D010F00E
:10251000BDF9022804D016F00C0FC9D1812309E0BF
:102520009DF80A30012B1BD91749082203A809F08E
:102530004FFF80236B7003A92F700822A81C09F09D
:1025400047FF0DF10601022205F10A0009F040FFE4
:10255000BDF81520214648F20100FFF7D7F8AAE799
:10256000BDF8060003A9F7F7F3F908B90023E1E77E
:102570004FF4477140F63100F8F7FAF8F6E700BF7C
:10258000D682040088330020C836002070B588B099
:10259000044610F0D8FC0228204604D808B0BDE854
:1025A0007040F7F753BD10F0C4FC0146022211F849
:1025B000016B2D4D684609F00BFF1C21204610F0E1
:1025C000F0FD1C22014601A809F002FF02220DEBDA
:1025D0000200694609F0FCFEB5F83C23BDF8023064
:1025E00093422FD1BDF800209A423AD195F8FC17BA
:1025F000B9B30531C9B2204610F0EDFC0023437099
:102600000670BDF80210023011F06BF9034695F820
:10261000FC2703F8012B05F5FB6195F8FC671A1AF6
:10262000013A964208D8BDF80520214648F2050037
:10263000FFF76CF808B070BD51F8042F127803F85A
:10264000012BEAE780250521204610F0C4FC067026
:102650004570BDF80010023011F043F900230370FB
:10266000E1E78125EFE700BF883300202DE9F04F37
:102670001C218BB0054610F094FD0822002106466F
:1026800005A809F0B0FE284610F05DFC062805D824
:102690002846F7F7DBFC0BB0BDE8F08F284610F0BA
:1026A00048FC90F805900446284610F04CFC04EBDA
:1026B000490407462846A47910F045FC4FEA49082A
:1026C0000738A0EB0800B0EB440FE1D308F1010894
:1026D000063FB845DCD8284610F02BFC01460446DE
:1026E00011F8013B019302220DF11E0009F070FE6A
:1026F000E11C022208A809F06BFE063414F8011C44
:102700008DF8221014F811308DF82330B6F801201E
:1027100002921944B6F8032003924900284610F0AB
:1027200040FD9DF8222007461AB1214611F09BFC7E
:1027300004469DF8232032B19DF82200611C07EB6E
:10274000400011F090FCDFF82C91BDF81E30B9F874
:102750003C239A4214D1DFF820A14FF000084446F0
:10276000AAF5FB6B9BF8FC2790450FD3002C5BD19F
:10277000039A4FF6F7739A428AD82746002454E00A
:102780004FF6F7729342E6D88024F1E75AF8046FC7
:10279000BDF82020B6F80110914203D04FF6FF712A
:1027A0008A4231D1002214E036F81CE037F81100DB
:1027B000864508D12146327805A811F0ABFB0123EC
:1027C0000446002129E001319DF822008142EBD32B
:1027D0000132B1798A4201D30023F2E7002102F1EC
:1027E000040CF1E7B2799DF822E00A4404328644F1
:1027F00036F8122037F81EE0724508D121463278AB
:1028000005A811F087FB044608F10108AAE701308A
:102810009DF823209042E5D30131F2799142F3D221
:10282000002BF1D11846F3E70027611D284610F070
:10283000D2FBBDF81E304FF6F7729342064688BFB2
:10284000B9F83C33ADF812300DF11201022202301A
:1028500009F0BEFD019B3370224605A93471701D3D
:1028600009F0B6FD029A7770294648F20600FEF795
:102870004DFF10E788330020603B0020034B93F8A6
:10288000D80880F00200C0F3400070478833002071
:10289000044B93F8D82880F0010060F3410283F8DC
:1028A000D828704788330020034B93F8D80880F06D
:1028B0000400C0F38000704788330020044B93F875
:1028C000D82880F0010060F3820283F8D82870478E
:1028D0008833002010B504460FF0CBF8024658B3F9
:1028E000FFF7E2FF70B9237D1B0727D4B4F8093046
:1028F000062B23D93A2B10D81C2B04D8A3F1100295
:10290000052A07D910BD1D3B0D489BB2D84000F0E9
:102910000100F7E74FF42C10F8E748F20602934263
:1029200001D8D80BEEE703F5FF4370339BB2012BC0
:102930008CBF00200120E5E70120E3E71046E1E736
:1029400007003038034B93F8D80880F00800C0F334
:10295000C000704788330020044B93F8D82880F0DB
:10296000010060F3C30283F8D82870478833002041
:10297000044B93F8D82880F0010060F3041283F828
:10298000D8287047883300202DE9F041884688B068
:102990000B21054610F005FC0B22014605A809F0A5
:1029A00017FD0921284610F016FB20210446284671
:1029B00010F056FC082205A9204609F009FD9DF8F3
:1029C0001E30227A5E4EC3F3801363F386122272A6
:1029D0009DF81E30D2B2DB0963F3C7122272BDF834
:1029E0001C20B6F83C339A4253D1FEF78FFF96F87D
:1029F000083413F0010407466AD1284610F099FA0A
:102A00000922014602A809F0E3FC02A80FF06FFFBB
:102A1000FF2808BF0020B8F1000F0CD0003818BF05
:102A20000120012300901A4641463846FEF7AEFECB
:102A3000002800F08180B84696F8083496F84903DB
:102A40000122A240134386F8083408B901F07EF849
:102A5000FC3406EB8404B6F83C33A3800A212846F4
:102A6000E771A57110F09DFB08220DEB02010446F1
:102A700009F0AEFC9DF810303248C3F38013237286
:102A80009DF81030C3F3C01363722946FBF744FE70
:102A900044E0082206F5507105A809F072FC0028F0
:102AA000A3D0BDF81C204FF6F7739A4205D940F227
:102AB000531140F63300F7F75BFE012300934246C3
:102AC000BDF81C302946342011F015F9804625E068
:102AD00099072BD55A072BD51B072BD5B8F1000F1B
:102AE00020D0194B1B6863B90AF066FB014640B958
:102AF00000904FF4BA7340F633024FF0FF3010F0FD
:102B000059FF0221284610F066FA8A2307704370A5
:102B100029464046FBF700FE4FF0FF08404608B04C
:102B2000BDE8F0812846F7F791FAF5E7012464E75C
:102B3000022462E7032460E74FF0FF087CE700BF50
:102B4000883300200D7F02009C42002030B50D46E6
:102B500085B00421044610F024FB0422014603A89A
:102B600009F036FC0221204610F035FA9DF80E30AF
:102B7000FE2B28BFFE2303700F4B93F8383EDB0774
:102B80004CBF9DF80F3001234370BDF80C204FF669
:102B9000F7739A420ED92021204610F046FB0123FC
:102BA00000932A46BDF80C302146362011F0A3F8D8
:102BB00005B030BDFE23F3E78833002038B5044666
:102BC0000120FBF781F92CB940F2E63144F683602D
:102BD000F7F7CEFD094DD5F87C3853B1204610F0FB
:102BE000A8F90178D5F87C08002918BF8B21FBF7DC
:102BF00093FD2046BDE83840F7F728BA8833002017
:102C00001FB5044628B94FF4727144F68360F7F794
:102C1000AFFD0A4B93F84C130B44002293F84B334F
:102C20008DF80F30064B01930123009320460DF1E0
:102C30000F03F5F779FB04B010BD00BF8833002007
:102C4000BD2B0300034B93F8091401F00101F3F7C6
:102C50003FBD00BF883300202DE9F04786B0002338
:102C60000493054610F065F980461C21284610F0B3
:102C700098FA98F8053098F80070FE2B06462DD18A
:102C8000284610F060F9062840F28480042208F1FA
:102C9000010104A809F09CFB98F80530FE2B03D134
:102CA0000498E7F71FF910B3DDF810905FEAD964D4
:102CB00041D0814B1B68D3B90AF07EFA0146B0B906
:102CC000049BDB0E01930423009344F683624FF4CC
:102CD000BE734FF0FF3010F06DFE08E0FF2B25D0E3
:102CE000052BCDD9284610F02EF9052852D9B6F873
:102CF00003204FF6F7739A424CD84FF0FF342A2145
:102D00002846B6F8018010F04CFA2A220021064627
:102D100009F069FB003C18BF0124E40174703770AE
:102D2000A6F82680284611F0B1F9BBE0284610F03D
:102D30000AF90828A8E798F805A0BAF1FE0F3DD1D6
:102D400020460DF10E0110F035FB0446E0B905A94F
:102D500010F040FB0446B8B9584B93F84C23134489
:102D600093F84A3383B909F1FF3313EA090F0BD102
:102D70009DF80E1039FA01F306D09DF814300122A7
:102D800002FA03F399450ED9B6F803204FF6F7730C
:102D90009A42B4D9002D00F085802846F7F756F9FD
:102DA00080E00131C9B202FA01F313EA090FF8D049
:102DB00040F24A224248FBF7EBFDE5E7BAF1FF0F8C
:102DC00035D105A810F07CFB0499DFF8F09021F0D4
:102DD000784105A810F065FB08F1070102220DF10A
:102DE0000E0098F8064009F0F3FA99F8B532BDF8EC
:102DF0000E80A34202D34FF0FF34C5E710F057FF17
:102E000018B9B9F8F432002BF5D1059820F07841C3
:102E1000C00E1CBF1638C0B2ECF766FA012089F864
:102E2000B542A9F8F482FBF74FF80446ACE7BAF1D3
:102E3000050F3AD81C21284698F8068010F0B1F901
:102E4000B0F803204FF6F7739A4202D9B6F8032080
:102E500051E7B8F1010FF9D8B0F80180284610F019
:102E600068F80C210778284610F09BF9154B036091
:102E7000061D80F808A0304610F022FB4A46214685
:102E8000304610F057FA0D4B0F4893F80828A3F876
:102E9000028864F34102294683F8007883F8082801
:102EA000FBF73AFC06B0BDE8F08740F2A71144F604
:102EB0008360F7F75DFC67E79C42002088330020C1
:102EC000F92F0300CD2E0300E10F0300F0B5972189
:102ED0008DB0044610F065F92A220546002101A8AC
:102EE00009F081FA204610F0E2F930B92B781B2B5B
:102EF00003D9C221204610F0E1F9204610F0D7F99D
:102F0000034600BB0DF10E00AE1C01272A78DDF848
:102F10000610934238D38DF80E206B7813F0070219
:102F2000134618BF163321F0784118BFDB060B4358
:102F3000CDF806301C4BB3F82023B3F82233ADF89C
:102F40000A20ADF80C30184B93F800288DF80420B7
:102F5000B3F8022893F80838ADF82A20C3F34003E9
:102F600020468DF82C3010F0A2F92A218DF80500AA
:102F7000204610F016F92A2201A909F029FA204664
:102F800011F084F80DB0F0BD16F8132000F8012FF1
:102F900005EB430201335278D20807FA02F20A43E2
:102FA000CDF80620B2E700BF8833002013B50F4BE1
:102FB00093F84C23134483F84B030D480FF068FF3C
:102FC000044688B10B4B1B6873B90AF0F5F801464B
:102FD00050B904230093019440F2BE3344F6836257
:102FE0004FF0FF3010F0E6FC02B010BD8833002037
:102FF000012C03009C420020034A92F8B5320133B1
:1030000082F8B532FFF7D2BF8833002073B505468A
:103010000FF08FFF1C210446284610F0C2F821460D
:10302000022211F8014B06460DF1060009F0D0F915
:10303000114BBDF80620B3F8A8371340ADF80630A1
:10304000ABB1042128460FF0C6FF02220023047012
:1030500043700DF10601104409F0BAF9B6F80120E9
:10306000294648F21500FEF751FB02B070BD284614
:10307000F6F7ECFFF9E700BF883300202DE9F04FA9
:1030800087B082460FF05FFF0128504604D807B092
:10309000BDE8F04FF6F7DABF0FF04BFF1C210546F5
:1030A000504610F07EF8B0F8013003932B7801936E
:1030B000F4F722FE6B78834231D2F4F71DFE6B7871
:1030C000C41AE4B2032C28BF03246B7802931621A0
:1030D000052301FB043150460FF07DFF4FF000083F
:1030E000019B037080F801800746F4F705FE029B00
:1030F000FB70DFF8F4903A4BB8703C717D1DC3460D
:103100001A68934500D264B9019B039A3B705146FB
:1031100048F2310007B0BDE8F04FFEF7F7BA0024DF
:10312000D3E71326D9F8DC2306FB0BF6925DD20712
:1031300052D5029A90454BD32A490822284609F0D5
:1031400047F9D9F8DC2332440DF11601D27905F1A3
:103150000800F6F705F8BDF816202A82AA7C204B55
:1031600002F0FC02AA74D9F8DC13895DC1F3810175
:103170000A4302F0F302AA74D9F8DC133144013C8B
:103180004978C1F3400142EA810202F08702AA7441
:10319000D9F8DC133144E4B24978C1F3820142EA40
:1031A0000112AA74D9F8DC23324416355278C2F3DE
:1031B000000205F8032CD9F8DC23925DC2F3031258
:1031C00005F8022CD9F8DC233244127905F8012CD9
:1031D00008F101085FFA88F80BF1010B90E700BFD6
:1031E0006400002034360020883300202DE9F04FA1
:1031F00085B006460FF0A7FE012805D8304605B079
:10320000BDE8F04FF6F722BF30460FF092FE1C21CA
:10321000044630460FF0C5FFB0F8032094F8009044
:103220004FF6F7739A428346E8D8037813F00C0FF1
:10323000C3F38108E2D165783F4C94F85D75AF42E5
:1032400030D97F1BFFB2032F28BF032707EB470AA4
:10325000CAEBCA0A0AF1050130460FF0BCFE80F83D
:1032600000904FF0000980F8019094F85D3583706C
:1032700007717B19304FC570441D0193019B9D421E
:1032800012DBC24504D9AAEB080130460FF005FF56
:10329000BBF80120314648F2330005B0BDE8F04FDD
:1032A000FEF734BA4746D1E7D7F86825D7F8640562
:1032B00002EBC502EB00D17903938A0010F82110CC
:1032C00002922046F5F786FFD7F86415029A039B11
:1032D000114449782172D7F8641511444A88A4F83A
:1032E0000920D7F868251A449279E272012A08D099
:1032F000032A0ED0C84401354C445FFA88F8EDB279
:10330000BCE7D7F868251A444FF00E099388A381CB
:10331000F0E7D7F8682502931A4404F10C001179FC
:10332000F5F758FFD7F86825029B1A444FF01509A6
:1033300053792375DEE700BF883300202DE9F04381
:1033400089B005460FF0F5FD1C21804628460FF098
:1033500028FF092208F10101074605A809F038F8FD
:1033600028460FF0F0FD092805D9B7F803204FF6DD
:10337000F7739A4205D92846F6F768FE09B0BDE80A
:10338000F083F8890FF066FA06460028F3D17548F5
:10339000082205A908F0F5FF002844D07249082248
:1033A00005A808F0EEFFB0FA80F46409F8890FF080
:1033B000DEF9814600284CD1FFF7C4FAA8B3002CEF
:1033C00040F08A80694B93F80834D80700F1A68052
:1033D0000022664B012093F8081490400143FC3210
:1033E00083F8081403EB820398F80010D971B7F83A
:1033F00001209A800A2128469D710FF0D2FE05A96E
:103400000822044608F0E4FF9DF81C305848C3F336
:10341000801323729DF81C30C3F3C01363722946D6
:10342000FBF77AF9AAE70124C0E79DF91C30002BCD
:10343000C5DB4D49082205A808F0A3FF30B14D496E
:10344000082205A808F09DFF00283BD1002CB9D028
:1034500091E74549082205A808F093FF98B145492E
:10346000082205A808F08DFF68B1002211460DF171
:103470000F0305A8F6F70AFB014620B99DF80F00D7
:1034800004AAF4F74DFAB9F1FF3F1ED13A4B1B687D
:103490005BB909F091FE014638B9009040F2D35370
:1034A00044F68362484610F085FA4CB92F4B93F8E6
:1034B0000834DE0704D52D4B93F808349C0734D428
:1034C00084261BE06FF02709CFE7002C3FF47AAF8A
:1034D00019F1280F3FF44FAF9DF81C30234AC3F376
:1034E0008011C3F3C01343EA410392F8091482F830
:1034F000E95621F003010B4382F8093402212846E2
:103500000FF069FD98F8003003704670B7F801209D
:10351000294648F23400FEF7F9F82FE7134B93F8E9
:103520000834990702D4012253E784265A0713D599
:103530001B0715D5104B1B6863B909F03DFE01460A
:1035400040B9009040F2046344F683624FF0FF30CC
:1035500010F030FA8A26D1E70222002EB0D138E7E7
:103560000322FAE7C8360020DE82040088330020F8
:103570000D7F0200D68204009C420020F7B52E4D3C
:1035800095F8083407460C46002605F2F63223FA71
:1035900006F1C9074CD512F82610B94248D10221CC
:1035A00038460FF018FD06F1FC0305EB8303DA79CA
:1035B000027044709A88B5F83C330124B440E44367
:1035C0009342E4B22ED195F808343846234085F86A
:1035D0000834FEF743F91C300AD13846FFF732FBB6
:1035E00095F808341C4085F80844012003B0F0BD6C
:1035F00012480FF04DFC06460028F1D0104B1B6816
:1036000073B909F0D9FD014650B90423009301961E
:1036100040F2636344F683624FF0FF3010F0CAF962
:103620000020E3E7394648F23400FEF76FF8D7E7A9
:103630000136042EABD1F3E788330020452C03007C
:103640009C42002070B51F4D0446FCF735F995F8F3
:10365000BC3813F0040600D128B98CB32046BDE86D
:103660007040F6F7F3BC7CB917480FF011FC38B383
:10367000224621461448FBF755FB21461248BDE877
:1036800070402122FBF784B9052120460FF089FD07
:103690000670D5F8A838C0F8013095F8BC3843F06A
:1036A000040385F8BC38D5F8B4381BB9FBF7B4FE71
:1036B000C5F8B00821460548BDE87040FBF72CB8B6
:1036C00070BD00BF8833002045360300B180020082
:1036D000074B93F8BC18D3F89C28890704D5D3F876
:1036E00088188A4228BF0A46C3F8A428704700BF3A
:1036F000883300200E4BD3F8AC28D3F8A0180A4327
:103700000AD193F8BC2892074CBFD3F88828D3F885
:103710009028C3F8A8287047D3F89828D3F89418AD
:10372000914238BFC3F89428D3F89428F1E700BF3A
:103730008833002037B5154D95F8BC385A0716D494
:10374000C3F3C0011B0712D41148019101AAFBF772
:1037500077FB70B1FFF7CEFF002211460C48FBF754
:10376000E1FAD5F8A8280A480021FBF711F903B0BF
:1037700030BD019CFBF750FED5F8A838E41A241A96
:103780006FF000439C42F2D2E4E700BF8833002090
:103790004536030038B50C4C94F8495395B9D4F824
:1037A000A0387BB109482A462946FBF7BBFAD4F872
:1037B000AC38C4F8A0582BB9FFF78AFFBDE83840F1
:1037C000FFF7B8BF38BD00BF88330020953703002E
:1037D00070B50C4C0C48D4F8AC58D4F8A068002252
:1037E0001146C4F8AC28FBF79DFA354309D0FFF722
:1037F0006FFFD4F89C38C4F89438BDE87040FFF7E8
:1038000099BF70BD88330020D137030038B52F4BE6
:10381000D3F8AC58002D55D0D3F8B448D3F8A81835
:10382000D3F89828D8B90134012CC3F8B44806D885
:10383000914240D2C3F8A828C3F894280EE001EBC7
:103840004101B2EB510F4FEA5100F3D8D3F8A4284D
:10385000C3F8A8089042EDD8C3F8940838BD012CED
:103860009FBF89000520B1FBF0F1C3F8A818002123
:10387000C3F8B418D3F8A818013D8A42C3F8AC586D
:1038800013D9C3F8A828D3F8AC48C3F89428002C5F
:10389000E4D1224621460E48FBF744FA21460C4863
:1038A000BDE838401622FBF773B8D3F8A4288A4243
:1038B000E7D30A46E7E7D3F8A4288A42BAD3C3F885
:1038C0009418CBE7BDE83840FFF714BF88330020D9
:1038D000D1370300074BD3F8AC2893F8BC18003A53
:1038E00018BF012262F30411012083F8BC18FFF70E
:1038F0008DBF00BF8833002070B5104C94F8BC38E1
:10390000D4F8AC6843F00202C3F340059B0784F887
:10391000BC2811D4FFF7DCFE09482A462946FBF7EC
:1039200001FAD4F88C2806482946FBF731F81EB96D
:10393000BDE87040FFF7FEBE70BD00BF88330020B9
:10394000FB40040008B5094890F8BC389A070CD52C
:103950006FF3410380F8BC38FFF7BAFED0F8AC38FB
:103960001BB9BDE80840FFF7E5BE08BD883300205D
:1039700013B5174C94F849333BBB94F8BC1811F0BD
:10398000010122D1D4F8AC3801AA03441148C4F88B
:10399000AC38FBF755FA10B9019BC4F8B8380022CF
:1039A00011460C48FBF7BEF90A4840F2DE3200210E
:1039B000FAF7EEFF0023C4F8B438D4F89838C4F806
:1039C0009438C4F8A838FFF7B5FE02B010BD00BFA8
:1039D00088330020D1370300064A92F8BC38D90654
:1039E00006D56FF30413012082F8BC38FFF7C0BF7F
:1039F000704700BF88330020034BD3F8AC08B0FAFF
:103A000080F04009FFF7B4BF8833002038B5154C6B
:103A1000D4F8AC3823B3FBF7FFFCD4F8AC38013B47
:103A2000C4F8AC38D4F8B8380546ABB11B1A6FF0FF
:103A30000042934210D2002211460B48FBF772F964
:103A4000D4F8B8280848521B0021FAF7A1FFBDE8B6
:103A500038400020FFF7DABE0023C4F8B838F6E794
:103A600038BD00BF88330020D13703004FF47A728D
:103A700043F6FF3302FB00334FF47052B3FBF2F313
:103A8000024AC2F88838FFF723BE00BF88330020FF
:103A900010B50F4C4FF47A7243F6FF3302FB00333C
:103AA0004FF47052B3FBF2F3C4F88C3894F8BC387E
:103AB0009B070CD5002211460648FBF733F9D4F8D2
:103AC0008C280448BDE810400021FAF761BF10BD02
:103AD00088330020FB4004004FF47A7243F6FF3332
:103AE00002FB00334FF47052B3FBF2F3014AC2F809
:103AF0009038704788330020054BD3F890384FF446
:103B0000705253434FF47A70B3FBF0F0704700BF2C
:103B10008833002008B5FBF7CFFE0B4B93F8BC2889
:103B20006FF3C30283F8BC2852070BD450B193F84B
:103B300049231AB193F82433012B03D1BDE808407F
:103B4000FFF7F8BD08BD00BF8833002008B500208E
:103B5000FFF73EFE0020FFF71DFE0022114607483A
:103B6000FBF7E0F8064B002283F8092793F8BC28FE
:103B700042F0080283F8BC2808BD00BF45360300A8
:103B80008833002038B51C4C3822002104F6880008
:103B900094F8BC5808F027FC4FF42573C4F88C380F
:103BA0002123C4F888384FF4A573C4F89038C4F8BA
:103BB000A8380723C4F89438C4F89838C423C4F844
:103BC0009C38C4F8A43894F8BC3800206FF3041370
:103BD00084F8BC38FFF7BAFF94F8BC3805F001054B
:103BE00065F3000384F8BC3825B1DBB243F002036F
:103BF00084F8BC3838BD00BF88330020F8B50121F7
:103C00003B4C05460FF0CDFA94F8BC3800226FF318
:103C1000820311460646374884F8BC38FBF782F821
:103C20000020FFF7F3FD28460FF041FB08B1EB2819
:103C300017D1002384F80937FBF73EFE94F8493387
:103C40001BB194F82433012B04D118B194F8BC387B
:103C50001B0730D5002D4AD02846BDE8F840F6F7BE
:103C6000F5B994F8093794F80877013384F80937DF
:103C70000CF0E7FF431C94F8092713FB07F39BB2F2
:103C80009A42D9D30020FFF761FF022329463370FF
:103C90001948FAF741FDFBF70FFE94F84953FDB1BF
:103CA00094F82433012B22D108B394F8BC38C3F321
:103CB000C0051A071BD40CF0C4FFA8B194F809671B
:103CC0000CF0BFFF0130B6FBF0F300FB13665EB1F2
:103CD000E6F758F9024600210648FAF759FEB9E717
:103CE00028B194F8BC38E4E7D4F8A828F3E7F8BD85
:103CF0008833002045360300A110030038B5112198
:103D000004460FF04EFA0F490546082208F060FB02
:103D100004232B720B49082205F1090008F058FB17
:103D2000094BD3F81C3E3BB12046984720B12046B2
:103D3000BDE83840F6F78AB921460448BDE8384066
:103D4000FAF7EABC6038002088330020D93E020030
:103D500038B5092104460FF024FA0C49054608221B
:103D600008F036FB04232B72094BD3F8203E3BB1FD
:103D70002046984720B12046BDE83840F6F766B99E
:103D800021460448BDE83840FAF7C6BC6038002038
:103D900088330020613F020013B5274B93F8C822F7
:103DA00082420ED093F8D92282422BD093F8EA2295
:103DB000824229D021480FF06BF8044630BB02B094
:103DC00010BD002293F8071383F8EB0262F342015F
:103DD000D3F8EC22C3F8F022B2F1006F88BF0022C2
:103DE00083F8071388BFC3F8EC22F7F7A3FC07207A
:103DF000FAF76AF80120FAF767F802B0BDE8104058
:103E0000F7F7A6BC0122DDE70222DBE70C4B1B68BB
:103E1000002BD4D109F0D0F901460028CFD10423DA
:103E2000009301944FF4257340F6A4124FF0FF3035
:103E30000FF0C0FDC3E700BF88330020B5140300B6
:103E40009C42002070B50F4A92F807330124C3F357
:103E50004103032603EB0311551895F8C852854218
:103E600003D101F52E71501870BD01340133042CBB
:103E7000B3FBF6F101EB4101A3EB0103EAD1002012
:103E8000F2E700BF883300202DE9F047DFF808A1F2
:103E90008AB0164680460F461D460FF05FFDDAF8E1
:103EA0000040B0FBF4F24FF0000902FB1404DAF812
:103EB00000304B452CD81C22002103A808F093FAAF
:103EC0000822414603A808F083FA1022394605A8C3
:103ED00008F07EFA9DF848309DF824205B0003F03E
:103EE000020306F00106AD00334305F00C052B4339
:103EF00022F00F0213434FF6FF7103A88DF8243010
:103F0000FAF764F830B3224B1B688BB3002022E031
:103F100003A92046F7F734FB00BB0822414603A85B
:103F200008F02FFAD0B99DF824305A0703D4C3F310
:103F30008103AB4212D13946102205A808F048FA95
:103F40009DF82430214665F3830303A88DF82430BF
:103F5000FAF73CF80F480AB0BDE8F087DAF800300D
:103F6000013409F10109B4FBF3F203FB12449EE7AB
:103F700009F022F901460028C8D100904FF4C4632B
:103F800040F6A4124FF0FF300FF014FDBEE700BF63
:103F90009C420020923800206C0000202DE9F04364
:103FA000212189B007460FF0FCF8037A032B054660
:103FB00000F0D980042B00F0F780012B40F0EE8058
:103FC00088498948082208F0DCF960BB08222946A4
:103FD000854808F0FDF90FF06AFE00283AD10FF08D
:103FE00068FEEBF73FF9024630BB01460DF11E03B8
:103FF0007D48F5F7C9FD1B3004D19DF81E107A48A5
:10400000F5F78EF89DF81E00F5F7DEF9A0B99DF8DA
:104010001E00F5F7F5F9754A92F8C93443F04003EC
:1040200082F8C93408E0714B93F95535002BCDDB8C
:104030000FF03DFE0028C9D105F10908404610F0F7
:1040400070F86A4C88B194F8D836D90706D54FF085
:1040500000095AE00FF029FE0028C0D16448394613
:1040600009B0BDE8F043FAF757BB94F8EB226B7E3A
:104070009B1A94F80723C2F3410252FA83F30322F6
:10408000B3FBF2F202EB42029B1A03EB031606F5B6
:104090002E701022414620445FFA83F908F098F907
:1040A000A3196A7E83F8C822524B1B68D3B909F062
:1040B00083F8B8B901AA05F11906D8F80000D8F8B4
:1040C0000410134603C308F10808B0451A46F4D19A
:1040D0001023009340F6A412C42301214FF0FF30B7
:1040E0000FF068FC94F80733C3F341034B450CD140
:1040F0006B7E94F8EB229A4207D084F8EB320720CB
:104100000023C4F8EC32F9F7DFFE94F8D83613F048
:10411000010643D194F852130DF11E00F5F79CF8F7
:1041200094F8D836BDF81E0043F0010384F8D83661
:10413000F3F71CFD6B7E94F8EB229A4218BF84F8CB
:10414000EB3294F8073318BFC4F8EC6269F342030A
:1041500084F807330720F9F7B7FE3846FDF748F92A
:1041600009B0BDE8F083EBF77DF8B8B91F4B93F8C1
:104170005525920712D5D3F80C2922B1384609B03B
:10418000BDE8F04310470092022305F1090105F153
:104190001900FFF779FE0E20F9F796FE384609B0B0
:1041A000BDE8F043F5F752BFEBF75CF80028F5D116
:1041B000F0F790F80028F1D108220B48294608F0C2
:1041C000E0F802460028E9D105F109010090012339
:1041D0002846FFF759FE0E20F9F776FE06483946C5
:1041E0003EE700BFDE8204006038002088330020F4
:1041F000D11203009C420020854202002DE9F043C9
:10420000DFF8B080DFF8B09089B005460E460FF0B9
:10421000A5FBD8F80040B0FBF4F2002702FB140421
:10422000D8F800309F4201D3002012E001A92046B7
:10423000F7F7A6F9B8B90822294601A808F0A1F8AD
:1042400050B9FF2E18D1194D95F8393E9B071AD455
:10425000174809B0BDE8F08308224946284608F00F
:1042600090F80028EDD0D8F8003001340137B4FBC5
:10427000F3F203FB1244D3E79DF81C30C3F3810330
:10428000B342F0D1DFE7102205F2E44103A808F0C1
:1042900078F80028DCD005F2E441102203A808F0E9
:1042A00097F8214601A8F9F791FED1E7883300205D
:1042B000923800206C000020DE82040030B587B008
:1042C0000546EAF7CFFF044668B1164800210FF013
:1042D00035FF30B900900346134901222846FFF705
:1042E000D3FD07B030BD0F490822284608F049F831
:1042F000034608B90090EFE702A9284600F0EEFF58
:10430000024648B12046FDF7E9F848B910220749AE
:1043100002A808F05DF801220023009302A9DDE75E
:104320002046DEE7D68204007C3800206C3800206E
:1043300008B5FFF763FF18B1034B93F8090508BDF3
:104340004FF6FF70FBE700BF8833002070B50546CD
:10435000F7F7DCF8A0BB1B4E96F80935AB4205D049
:1043600040F2067140F6A410F6F702FA0A235D4304
:10437000D6F82835144800245C552B442146DA78B9
:104380005C7022F007029C70DA70082208F02BF8AB
:10439000FF2386F80935D6F828352B440E209C716A
:1043A000DC711C725C72D6F828352B44DA781C71EB
:1043B00002F00702DA705C71BDE87040F9F784BD65
:1043C00070BD00BF8833002092380020F0B50A216C
:1043D00089B005460EF0E5FE0446EAF743FF0028E3
:1043E00044D16378042B41D123782BB1284609B0FE
:1043F000BDE8F040FDF74AB80234214908222046C2
:1044000007F0BFFF90BB01212046FFF791FF4FF659
:10441000FF77B842064623D0F7F7C4F81C220146BE
:1044200001A807F0D5FF9DF81C30022161F383033A
:1044300020468DF81C30FFF77BFFB84201D0FFF714
:1044400085FF104BD3F828350A2202FB06330022E1
:104450009A71DA711A725A72314601A8F9F7B6FDEB
:10446000284609B0BDE8F040EFF742BF2DB128461D
:1044700009B0BDE8F040F5F7E9BD09B0F0BD00BFF7
:104480006038002088330020F8B50B4E0B4F0546EE
:1044900000243368A0B2834200D8F8BDF7F736F89D
:1044A00040B908222946384607F06BFF10B9A0B280
:1044B000FFF74CFF0134ECE76C000020923800203D
:1044C00037B5174B93F8D8361446DA070546084631
:1044D00002D4012003B030BD6946F5F739FA00284F
:1044E000F7D102216846FFF723FF4FF6FF7398428A
:1044F000EFD09C4201D0A042EBD0102D01D0002083
:10450000E8E701216846FFF713FF4FF6FF73984273
:10451000DFD09C42F3D0231A58425841DAE700BF5B
:1045200088330020054A92F8553543F004030146CC
:1045300082F8553502481E22FAF72ABA883300203D
:10454000B940020000F003000138C0B202289ABF4F
:10455000014B185C01207047E682040070B50C46E0
:10456000054620B95E2142F63670F6F701F924B906
:104570005F2142F63670F6F7FBF8144B93F8D83803
:10458000DB071BD595F9052094F90560D143F3436A
:10459000C90FDB0F99420DD1A87CFFF7D3FF01466D
:1045A000A07CFFF7CFFF814204D1B242D4BF0020EC
:1045B000012070BD8CBF01200020FAE72879237903
:1045C000984294BF00200120F3E700BF8833002009
:1045D0002DE9FF4100230E460393044620B99A219A
:1045E00042F63570F6F7C4F826B99B2142F63570CD
:1045F000F6F7BEF84E4F5D2197F8D9080EF0D1FDC1
:1046000096F90230002BBEBF437B01334373037C1A
:1046100001330546037424B9E62142F63570F6F7F6
:10462000A7F8B7F83E23B4F803309A4214D1A37820
:10463000022B14D0032B27D03E4B1B6863B908F024
:10464000BBFD014640B900904FF4817342F63572CC
:104650004FF0FF300FF0AEF904B0BDE8F081B4F8D0
:104660000500ADF80C004FF6FF73984210D1314BA6
:104670001B68002BF0D108F09FFD01460028EBD10C
:1046800000904FF48573E1E7601DF5F761FAE8E704
:10469000B27894F853308DF80E3095F80680C2F356
:1046A0004003D20748BF43F002038DF80F30B8F142
:1046B000120F2C6809D8042203A904EB880007F024
:1046C00087FEAB790133AB71C6E72CB94FF4A0710B
:1046D00042F63570F6F74CF800252E462F4694F931
:1046E0000230002B1ADB26B1314620460FF04DFD7B
:1046F00000B926460137B84504F10404EFD8002D6F
:1047000008BF3546294603A80FF03FFD0028A3D077
:10471000042203A9284607F05BFE9DE72DB1294638
:1047200020460FF032FD0028E4D12546E2E700BF25
:10473000883300209C42002010B5242104460EF04E
:1047400030FD2046F5F782FC044B002083F850032F
:10475000BDE8104093F8D918E5F75ABB883300201C
:1047600010B51C2104460EF01CFDC3792BB904487A
:104770002146F9F7D1FF012010BD0020FCE700BF62
:104780004188030010B51C2104460EF00AFDB0F864
:10479000090020B102482146F9F7BEFF012010BDF3
:1047A000A186030030B587B005460EF05FFB214BB4
:1047B0001B68044673B908F0FFFC58B90423009342
:1047C000019540F2D51340F6290201214FF0FF3048
:1047D0000FF0F0F8C4B1294604A8F4F7FBFC164921
:1047E000082204A807F0CDFDC0B11449082204A88E
:1047F00007F0C7FD90B104A92046FDF7ABFBFF28E9
:1048000002D12046F5F722FC0B20FDF755F90022D6
:1048100029460B48F9F7D6FF07B030BD29460DF100
:104820000E00F4F719FDBDF80E1020460FF0B8FA8F
:10483000E5E700BF9C420020DE820400D68204002F
:10484000D504030038B51C2105460EF0AAFCC27938
:10485000B0F80B30FF2A044608D1B0F80910032243
:104860000020E1F77DFC88B9002038BD4CF25D21C5
:104870008B4203D1C42A1CBFC423C371E079E1F782
:104880002FFBB4F80B1009F0CDFDECE702482946E8
:10489000F9F742FF0120E8E7DDE5030030B51C2110
:1048A00085B004460EF07DFCB0F80B3047F601727F
:1048B0009342054644D009D893B36FF480721344F1
:1048C000072B13D82046FFF7BDFF2CE04FF6FF72F1
:1048D000934230D04CF25E029342F3D04CF25D2210
:1048E0009342EFD04AF2E0129342EBD0164B1B6892
:1048F00083B908F061FC68B9EB79CDE9014308237D
:10490000009340F6290240F2B51301214FF0FF3029
:104910000FF050F8204605B0BDE83040F5F796BBE3
:104920002046FFF71DFF0028E0D0204605B0BDE877
:104930003040F1F781BEC379002BF1D0F02BC1D10B
:104940002046FFF71FFFEEE79C42002038B50446E3
:104950000EF0EFFA0DF05DFE0D4D014620460EF013
:10496000B8FBD5F8003763B12046F1F765FED5F8FE
:1049700000372046984720B12046BDE83840F1F77F
:104980005BBE21460348BDE83840F9F7C5BE00BF0D
:10499000883300209D480300F0B58BB004460EF02C
:1049A00086FC1421074620460EF0FBFB0546FAF76D
:1049B00083FF00284BD0FF238DF80730AB7B032B00
:1049C00002A96BD128460DF024FF002206460DF106
:1049D000070311462846F5F759F80546002E69D118
:1049E00038B11C3505D040F2412140F62900F5F7D9
:1049F000BFFE029B5A7802F01C02042A04D11A78E6
:104A000002F00C02082A22D07D4D9DF8072095F86F
:104A1000521391421BD07B4A97427DD1D978987826
:104A200095F8F06301F00102D20042EA5012B2425E
:104A300060DA013202F0070500F01F00C2F3C00285
:104A400021F0010140EA451011439870D9702046C9
:104A50000DF012FE002840F0A380142120460EF035
:104A6000A0FB074620460EF022FC054620460EF02D
:104A700015FC02065FD5634B9D4203D1BE21204643
:104A80000EF01CFC2046EEF76DFB002840F08880FD
:104A900020460BB0BDE8F040F5F7D8BA28880DF0F5
:104AA00097FE002206460DF1070328881146F4F709
:104AB00023FF92E71C3605D04FF4107140F6290011
:104AC000F5F756FE3DB11C3505D040F2412140F6C8
:104AD0002900F5F74DFE9DF80730FF2BB7D0204693
:104AE0000EF0E5FB474B9842B1D19DF80700FFF768
:104AF00059FEACE7D979444803AAFAF7A1F91C306A
:104B0000A5D195F8F123029B3F48D97902EB4212D7
:104B10005200F9F73DFF9AE79A783B4802F01F02EE
:104B20009A70DA7822F00102DA70029B0022D979B9
:104B3000FAF7F8F88BE720460FF044FBC8B115F5FB
:104B4000956F10D015F1410F0DD015F1470F0AD018
:104B5000183508D020460EF0ECF90DF05AFD01464C
:104B600020460EF0B6FA20460BB0BDE8F0400FF03C
:104B70004ABB244B9D4215D120460EF0DAF90DF0C8
:104B800048FD014620460EF0A4FA1E4B9D4201D17D
:104B9000852343702046FCF761FE00287FF478AF40
:104BA0000BB0F0BD20460EF079FB10F02006E3D1EB
:104BB0007B7AF02B14D11C22314603A807F013FC9A
:104BC0002046324603A90DF062FC9DF80C305B06CE
:104BD000204602D50FF083FDE2E7F5F737FADFE76D
:104BE000002B7FF455AF064BD3F8040700283FF4A1
:104BF0004FAF21460BB0BDE8F040F9F78DBD00BFC7
:104C00008833002059FBFFFFA54703002DE9F0473B
:104C10000D4686B01C21044690460EF0C2FAB0F84C
:104C2000017020460EF085F90378C3F3401A9B0605
:104C3000D14628D580780DF0FBFC811C013120463F
:104C40000EF047FA10F8016CEAF70CFB68B94D4911
:104C50004D48082207F095FB38B10FF028F8F0B95D
:104C60004948F4F775FF87421ED174B32A4651466E
:104C70003046EFF7C3F900284BD1204606B0BDE817
:104C8000F047F5F7E3B904A93846F4F761FE20B917
:104C9000FF2104A8FFF74CFB05460221CEE7EAF707
:104CA000E1FA0028DCD1E0E74FF6FF739D420FD117
:104CB000B9F1000F1BD033493348082207F061FBDC
:104CC0000028D2D02046F5F7C1F906B0BDE8F0873C
:104CD00004A92846F6F770FCB9F1000F07D02A485E
:104CE000082204A907F04DFB0028BED0E3E702AA82
:104CF000214630460DF0A2FC10B1002FB5D0E1E7FF
:104D0000082221480DEB020107F03BFB0028F4D1FB
:104D1000ABE7B9F1000F06D02A4639463046FFF717
:104D2000CFFB0028A9D0092E0BD0102E0FD0052EB6
:104D300013D142462946204606B0BDE8F047EEF7BB
:104D4000FDBD204606B0BDE8F047EFF70BB82046A2
:104D500006B0BDE8F047EFF72BB80C4B1B68002BF3
:104D60008BD108F029FA0146002886D1042300934C
:104D70000196F12340F65B024FF0FF300EF01AFE71
:104D80007BE700BFDE820400603800209C420020E8
:104D900038B50C4C0C4D94F8D836002243F0020381
:104DA0001146284684F8D836F9F7BCFF40F26A521B
:104DB00000212846F9F7ECFDFAF72EFBC4F8DC06D3
:104DC00038BD00BF8833002069420400F0B40022DF
:104DD000184E194F114633688B4203D8F2B1F0BC1C
:104DE000FFF7D6BFD7F8204601EB41031C44A37858
:104DF0009D060FD003F03F038342C8BF1B1AA5785E
:104E0000CCBF03F03F03002363F30505AB06A57099
:104E100018BF012202F001020131DCE7064B07480E
:104E200093F8D81662F3410183F8D816F0BC114606
:104E3000F9F778BF60000020883300206942040041
:104E40002DE9F74F884617461E4600220DF107034D
:104E50000121F4F751FD002872D1DFF8E890DFF866
:104E6000E8A099F8D836DAF80050990715D5FAF77E
:104E7000D3FAD9F8DC466FF00043001B98422DD2DC
:104E8000FAF7CAFAD9F8DC36C01A4223B0FBF3F0BD
:104E900010F0FF0001D0FFF799FF9DF80740DAF806
:104EA0000020D9F820C604F52D3303F2A513B3FB77
:104EB000F2F102FB11310B4603EB430B0CEB0B0041
:104EC00090F802E01EF03F0F0CD1AA4219D1581CF5
:104ED0001D46B0FBF2FE02FB1E0317E0FAF79CFA38
:104EE000201AD2E71CF80BB0A3450AD190F801B004
:104EF000C34506D1CEF3801BBB4502D1B6EBDE1F06
:104F00000FD00133B3FBF2F002FB10339942D3D13F
:104F1000AA4209D005EB45050CEB050083789A06FB
:104F200004D003B0BDE8F08F0120B4E767F3861327
:104F300066F3C7130CF8054080F801808370F0E732
:104F40000020EEE78833002060000020F7B5002243
:104F50000DF107030121F4F7CFFCC8B103B0F0BD98
:104F600000EB4003D5F820269DF8077012F803C027
:104F7000BC4508BFD65402EB030100F1010002BF9B
:104F80008B786FF305038B7023689842E8D3E5E7CD
:104F9000014C024DFF26F7E7600000208833002017
:104FA00070B50F4D0F4C0023FF262A689A420BD88C
:104FB00000220D481146F9F7B5FE94F8D8366FF384
:104FC000410384F8D83670BD03EB4301D4F82006C2
:104FD00046544218013391786FF305019170E4E76C
:104FE00060000020883300206942040010B50446A8
:104FF00020B9F12140F65C00F5F7BAFBA378152241
:1050000062F30503A370054B93F8D8369B0703D4CE
:10501000BDE81040FFF7BCBE10BD00BF88330020C4
:1050200010B504460DF085FF8378C3F38103032B8D
:1050300014BF0721092120460EF04BF821460248F3
:10504000BDE81040F9F768BBC58B03002DE9F043BC
:105050000E4687B01B219846914605460EF0A1F8F2
:10506000044628460DF065FF1B2200210746204616
:1050700007F0B9F984F8199084F81A8028460DF0E1
:1050800062FF022812D85B4B1B685BB908F094F8EA
:10509000014638B90090A62340F65D024FF0FF307C
:1050A0000EF088FC2846F4F7D1FF9FE0BB78C3F3ED
:1050B0008103032B284614BF072709270DF043FF60
:1050C000B8420BD24B4B1B68002BEBD108F074F8A5
:1050D00001460028E6D10090AE23DDE7294603A86B
:1050E0000FF0D6F89DF81430C3F38103032B23D1BE
:1050F000414B93F80436ABB93E4B1B68002BD1D122
:1051000008F05AF801460028CCD1BDF80E300193C2
:105110000423009340F65D02BC234FF0FF300EF0F5
:1051200049FCBFE7BDF80E004FF6FF7398422ED042
:10513000EAF764FE0028DFD09DF81430C3F3810342
:10514000022B1FD0032B22D033BB2046032300F8B1
:10515000033B0822314607F03BF9E4F7FBFE40BB76
:10516000BDF812204CF25E039A4222D1214B1B68FB
:10517000002B97D108F020F80146002892D100902A
:10518000DF2389E723703388A4F80330E5E70123A0
:105190002370BDF80E30F7E7164B1B68002B81D14A
:1051A00008F00AF8014600287FF47CAF0090D12374
:1051B00072E7738AA4F80130338AA4F80B3008220E
:1051C000B11804F10D0007F003F902220DF11201EC
:1051D00004F1150007F0FCF804A9022204F11700FD
:1051E00007F0F6F805482946F9F796FA07B0BDE842
:1051F000F08300BF9C42002088330020ED8B030029
:10520000032898BF0E4B73B594BF1E5C10260D4645
:1052100032464FF6FF7128460EF082FB022204460A
:10522000A9190DF1060007F0D3F8E443BDF8060014
:10523000A4B2001B18BF4FF0FF3002B070BD00BF1A
:10524000E982040073B505460E46FFF7D9FF044610
:1052500080B9032D98BF104B104896BF5A5D12229B
:105260000232314607F0B4F80D4B83F83E55204624
:1052700002B070BD0B4B1B685BB907F09DFF014688
:1052800038B90090992340F2D7124FF0FF300EF05A
:1052900091FB6FF03104EAE7E9820400B4380020A2
:1052A000883300209C4200200A4B93F83E25027070
:1052B000002203F22B53114613F8010F013100288D
:1052C00008BF01321229F7D1122A034808BF002073
:1052D000704700BF88330020B43800202DE9F0412A
:1052E00090B080460C4600230146082240488DF8C5
:1052F0001F3007F046F858B90DF11F00FFF7D4FF33
:10530000064668B96FF01B05284610B0BDE8F0816D
:1053100038493748082207F034F80028ECD0F1E784
:105320009DF81F7001463846FFF76AFF0546D8B161
:10533000314B1B6813B16FF02B05E5E707F03CFF1D
:1053400004460028F7D1D8F80000D8F8041001ABC3
:1053500003C30823009340F2D7127A2321464FF06B
:10536000FF300EF027FBE6E724B93C2140F2D710CE
:10537000F5F7FEF9214B93F8393E9B070AD5032F29
:1053800098BF1F4B1F4994BFDA5D1022204607F0DB
:105390001FF8B9E7032F9BBF194BD95D12210231CA
:1053A00008AA30460DF020FC102208A9204607F07C
:1053B0000FF8114B1B68002BA6D107F0FDFE00284B
:1053C000A2D1234603F1100601AC186859682246A1
:1053D00003C20833B3421446F7D11023009340F2BE
:1053E000D7124E2300214FF0FF300EF0E3FA8BE787
:1053F00060380020DE8204009C42002088330020B8
:10540000E98204006C38002060B1A0F11703082B7A
:1054100027D8183807280ED8DFE800F0111717171B
:105420001B1B1B1FA1F10B030F2B1DD8104B194485
:10543000116000207047182916D80E4BF7E7A1F12C
:105440003803142B10D80C4BF1E737290CD80B4B31
:10545000EDE73D2908D80A4BE9E71A2904D8094B9A
:10546000E5E76FF0090070476FF00A00704700BF72
:105470007E450020994500207A450020C745002040
:10548000FF4500203D460020014B987CF5F734BDD8
:10549000C442002030B589B004460DF04AFD2146D3
:1054A000054602A80EF09EFF2B5C022B05EB0002C6
:1054B00005D0082B23D02046F4F7C8FD0AE0214B85
:1054C00093F8E03003F01C030C2B05D102A9204611
:1054D00001F0A8F909B030BD1B4B1B68002BEAD1C5
:1054E00007F06AFE01460028E5D1009040F625034A
:1054F0004FF493724FF0FF300EF05CFADBE7114B84
:1055000093F8E1209206D6D593F8EE20032AD2D163
:1055100093F8E2200D4842F0020283F8E22021468F
:105520000022F9F7B1F80028D4D0074B1B68002BF4
:10553000C1D107F041FE01460028BCD1009040F6E1
:105540003703D5E7C44200209C42002021700300AD
:1055500030B52B4C87B005461322002101A806F078
:1055600042FF94F8D0303BB994F8E030DA0703D426
:1055700003F01C030C2B09D1E82128460DF09EFEF8
:1055800020482946F9F7C8F807B030BD28460F2152
:1055900084F8D0500DF005FEA3884FF6FD729342BB
:1055A00005461DD802228DF80420ADF806302B7870
:1055B0008DF80530032B1ED10822691C0DF10E0059
:1055C00006F006FF94F8E03043F0010384F8E03081
:1055D000D5F80B30C4F8B83201A801F0F7F9D3E7D9
:1055E0000323082204F13E010DF106008DF804307A
:1055F00006F0EEFEDBE7B5F80130ADF80E30E1E77E
:10560000C44200205D81020010B50D4C94F8E130D9
:10561000DA0705D440F62E114FF49370F5F7A8F889
:1056200094F8E03043F0800384F8E03094F8E130FF
:105630009B0704D4A07CBDE81040F5F75DBC10BD0D
:10564000C442002013B5114BD3F8C03204463BB11D
:105650000DF10702984718B99DF907007F280DD171
:1056600074B1A4F11803072B0CD9172C0CD04FF4EC
:10567000937040F6ED21F5F77BF87F2002B010BD66
:105680001420FBE70E20F9E71E20F7E7C4420020B4
:1056900038B52D4D0B2421460020FFF7D3FF0134F0
:1056A000E4B21B2C05F8010FF5D1284D0024E1B21E
:1056B0001720FFF7C7FF0134192C05F8010FF6D1A9
:1056C000234D382421461820FFF7BCFF0134E4B2F3
:1056D0004D2C05F8010FF5D11E4D00241A2CE1B216
:1056E0002ED9232C34BF1A201B202331C9B2FFF737
:1056F000A9FF0134382C05F8010FEFD1164D002415
:105700001A2CE1B21ED9232C34BF1D201E202331B8
:10571000C9B2FFF797FF01343E2C05F8010FEFD116
:105720000E4D0024E1B21F20FFF78CFF01341B2C2B
:1057300005F8010FF6D10A4B012283F8C42238BDC7
:105740001920D2E71C20E2E7884500209845002078
:10575000B1450020C6450020FE4500203C46002003
:10576000C442002010B5044602F056FC78B1094B43
:105770009B7C23B921884FF6FF72914208D0237D8C
:105780001B0704D5607D10F0300018BF012010BD4C
:105790001846FCE7C44200202DE9F04794B00146CA
:1057A000044606A80EF01EFE014620460DF091FCB0
:1057B0009DF82D309D07064620D520460DF0C3FBF1
:1057C0006A460146054630460DF0E6FE0746A8B19A
:1057D0000099A94212D020460DF07BFC9DF82C5078
:1057E00015F0070506460DD0032D07D120460DF014
:1057F000AAFB6A46014630460DF0EEFE2046F4F75D
:1058000025FC9FE020460DF094FB064620460DF057
:105810009AFB814620460DF063FF202280462946F0
:105820000CA806F0E0FD96F901207378002AE5DB6C
:1058300032785006E2D15B0043EAD2135BB27E2B92
:10584000DCD10225A9EB0503012B7ED8A945D5D1D2
:10585000002FD3D09DF83030002BCFD09DF82D30C5
:10586000494E9B098DF804300822BDF82830ADF868
:10587000053008A90DF1070006F0AAFD96F83C30A6
:105880008DF8103002220DF13A0196F83A308DF879
:105890000F300DF1110006F09BFDBDF83C30ADF866
:1058A0001530204600238DF813300DF01FFF8DF8C2
:1058B000140020460DF047FB411B20460DF0EDFB88
:1058C000022120460DF005FC96F8E130990607D537
:1058D000F37D2BB140F2CB414FF49370F4F748FFC6
:1058E000542120460DF06DFC54220546002106F09F
:1058F0007AFD012385F84F309DF82E306B70002320
:1059000085F8513020460DF01EFB543885F85200C2
:10591000132201A9A81C06F05BFD95F8522095F80A
:1059200051301A4885F85380134485F85030214689
:10593000F8F7F2FE96F8E1309A0603D543F08003BB
:1059400086F8E13014B0BDE8F08773195B78DA09A6
:105950003FF47CAF715D1A0202F4E062114302353C
:1059600005EB010AD145C3F3C303FFF46FAF022B6C
:1059700004D00F2B3FF46CAF554663E70CAA7019A7
:105980000DF053FE0746F7E7C4420020014B02002A
:1059900038B50E4D0E4C0C2128460DF0EDFF0822B7
:1059A0000021204606F01FFDF4F704FB84F89B005D
:1059B00001F084FDD7F756F840F2FF136B60D7F77C
:1059C00037F8002384F8863238BD00BFB842002083
:1059D0000243002037B50446014601221448F8F777
:1059E00053FE10B3022120460DF0DBFB114B45782E
:1059F0001B6863B907F0E0FB014640B9009040F234
:105A00003D734FF493724FF0FF300DF0D3FF02213E
:105A100020460DF0C6FBF123037045700648214671
:105A200003B0BDE83040F8F777BE03B030BD00BF2B
:105A3000D56303009C420020A58002002DE9F04FB1
:105A40006C4C94F8E1305E0787B005468A4605D471
:105A500040F662014FF49370F4F78AFE94F8E13057
:105A6000D80708D594F8E4302BB940F664014FF418
:105A70009370F4F77DFEBAF1FF0F05D140F6650192
:105A80004FF49370F4F774FE94F8E130DFF86C8112
:105A900023F0030343F00303284684F8E1300DF0BC
:105AA00048FA98F8493E990606460BD5037823F044
:105AB000080343F00803037098F8493E6FF3451359
:105AC00088F8493E294668460EF08CFC9DF8153052
:105AD000C3F38103032B5DD0022B5DD1BDF80070B1
:105AE0004FF6F7739F428CBF0027012796F800906E
:105AF000DFF80CB119F0200953D0DBF80420B3789B
:105B00009A424BD194F8DA30AB4247D194F8DB900B
:105B1000A9EB0A02D2F1000949EB0209D6F7A2FF6C
:105B2000B378CBF80430D6F783FF94F8E0303248EE
:105B300084F8DA506FF3C7130022FF2184F8E030B5
:105B400084F8DBA0F9F7EEF898F8493E94F83A208B
:105B500003F0400313434FF0000684F8DC6014BFE9
:105B600003240124B9F1000F39D1AFB302F0B8FB1F
:105B70000121284601F0F6F921462846F5F740F9BB
:105B800028460DF08BFB430601D502F009FC07B057
:105B9000BDE8F08F0127A9E70027A7E74FF000092C
:105BA000BCE7D6F75FFF40F2FF13CBF80430D6F71F
:105BB0003FFF94F8E03094F83A2084F8DC9069F3E1
:105BC000C71384F8E03098F8493E03F040031343CC
:105BD0000CBF01240324C8E702F0C4FBC8E702F0AD
:105BE000ABFB2846012101F0BDF931462046F5F70F
:105BF000DBF8C5E7C44200200956030088330020C3
:105C0000B84200202DE9F0438FB0D7F703FB08B965
:105C1000F5F7C2F8D6F726FFD7F7FCFA05469F4CF2
:105C2000D6F706FF002D39D001200DF023F90546E7
:105C300000286DD0D6F716FFD6F7FAFE2846D7F71C
:105C4000F1FA064620B30020F4F7F6FA28460DF0E4
:105C50007AF928B940F2FA214FF49370F4F788FDED
:105C600028460DF066F92946804608A80EF0BAFBD2
:105C70002946064608A802F043FA08A8FFF772FD75
:105C8000002847D12846F4F7E1F902F075FB05E05A
:105C90002846F4F7DBF93046F4F7CEFAD6F7E2FE01
:105CA000F5F77AF806467E4DD6F7C2FE002E00F0D4
:105CB000AD8194F8E1306FF3410384F8E1302B6853
:105CC000012B40F08981E12384F8DC3002F05EFB97
:105CD00000227448FF21F9F725F86A6840F2FF13A3
:105CE0009A4207D094F8E010C90903D1E2686D48E0
:105CF000F8F74EFE94F8DC30002B00F078816A68EB
:105D000040F2FF139A4240F0728102F0FFFA6EE116
:105D10000120C1E728469DF837700DF014F90237CD
:105D20008742AFD80021284601F01CF99DF8343095
:105D3000990605D59DF83620002101200EF031FC92
:105D400094F8E030DA0703D403F01C030C2B29D1BC
:105D50000022FF215448F8F7E5FF0022114653487E
:105D6000F8F792FC28460DF0EEF89DF83730023334
:105D700098420CD12846F4F769F994F8E030EB200A
:105D80006FF3410384F8E03000F0A0FD86E794F85B
:105D9000E0306FF3410384F8E030DB0702D50020E8
:105DA00000F094FD94F8E1309F060CD594F8EE30A5
:105DB000042B1DD8DFE803F01803031203009DF83D
:105DC0003430580710D19DF83530C3F30112022A40
:105DD00029D137482946F8F79FFC5FE79DF8343012
:105DE00003F00703032BEED02846F4F72FF955E70D
:105DF000304B1B6883B907F0DFF9014660B994F8AE
:105E0000EE300193042300934FF493724FF46773C1
:105E10004FF0FF300DF0CEFD40F29D314FF4937006
:105E2000F4F7A6FCCFE79DF8347007F00707012FC1
:105E30002AD0032F00F09F80002F40F0B280284628
:105E40000DF077F80EF049FA064628460DF048FCAA
:105E5000804628460DF077F8331D98422ED2154B18
:105E60001B68002B7FF40EAF07F0A6F9014600284F
:105E70007FF408AF009040F2DF334FF493724FF09D
:105E8000FF300DF097FDFDE618F80630C3F38303ED
:105E9000032B3FF4F7AE084829469CE7C442002094
:105EA000B842002009560300CD680300895403005E
:105EB000995703009C420020D16E03009DF83530B5
:105EC0009B0908220AA98DF80C300DF10F00BDF8CE
:105ED0003030ADF80D3006F07BFA94F83C308DF898
:105EE0001830284694F83A308DF817300DF021F824
:105EF0009DF83710022201440DF1190006F068FAEE
:105F000028468DF81B700DF0F1FB31468DF81C0012
:105F100028460DF0DEF8022128460DF0BEF828468E
:105F20000DF011F85421814628460DF04AF99DF8EC
:105F300036304370064680F84F70132203A90230B2
:105F400006F046FA3922394606F1150006F04BFAFA
:105F50002946A84886F8509086F853803770F8F79D
:105F6000DBFB94F8E13099067FF598AE43F08003AF
:105F700084F8E13092E69B09032B02D09E48294623
:105F800029E79E4908220AA806F0FBF900283FF4F9
:105F900079AE9B4908220AA806F0F3F90028EDD152
:105FA00070E6984B1B68002B7FF46CAE07F004F989
:105FB000014600287FF466AE9DF8343003F00703F5
:105FC0000193042300934FF4937240F239434FF04E
:105FD000FF300DF0EFFC55E62B68042B04D10021B7
:105FE0008948F8F799FB85E6002384F8DC30F4F75C
:105FF000CDFE00222A60696840F2FF13994202BF79
:1060000094F8E13062F3000384F8E130AB68002BD0
:1060100049D06A6840F2FF139A4244D0AB68012B22
:1060200040F2C98094F8E030DA0700F1C68003F04E
:106030001C03A3F10C077B427B4194F8E02063F33F
:10604000410284F8E0206A68A9680026D2B201F013
:10605000FE0100200EF0A5FAAE60D6F703FD40F277
:10606000FF136B60D6F7E4FC94F8E030664866F303
:10607000C7133246FF2184F8E030F8F753FE94F856
:10608000E13084F8DA6066F3000384F8E130A37C41
:1060900084F8E4603BB994F8E0309E07C3F3400015
:1060A00001D4F4F729FF6A6840F2FF139A4232D113
:1060B00094F8E130D9072ED49A072CD4D7F7AAF850
:1060C00048BBF4F769FE064628BBD4F8D43023B1A8
:1060D00094F8D8009847C4F8D4604C4E3369D3B1D3
:1060E000B36894F8E12006F1140103EB8303581818
:1060F00042F0040284F8E120CB58007998473369D4
:10610000013B3361B36811220133B3FBF2F202EBBE
:1061100002129B1AB36094F9E030002B3EDAD7F7F5
:1061200079F800283AD1F4F737FEB8BB94F8E1309B
:10613000C3F340079B0731D43A463348AF60FF2191
:10614000F8F7F0FD94F8E430227D0133DBB29A4297
:1061500084F8E43033D2A07CF4F7CEFED6F782FC8C
:1061600040F2FF136B60D6F763FCB4F8E03084F8BC
:10617000DA7023F4C073A4F8E030E92384F8DC304B
:10618000D4F8D43084F8E47043B102F0BFF8D4F806
:10619000D43094F8D8009847C4F8D47094F8E1301B
:1061A0006FF382039D0684F8E130DAB230D5002027
:1061B0000FB0BDE8F08300233FE701233DE794F8EB
:1061C000DA302BB940F2D9114FF49370F4F7D0FACA
:1061D000F4F7DCFD00232B6094F8E13094F8DB1039
:1061E00094F8DA0043F0040384F8E130FFF726FC6A
:1061F000D4E700BF014B020095540300DE82040087
:10620000D68204009C4200200956030088330020F7
:1062100094F8E03013F01C0FC9D1D007C7D40B4C51
:1062200021690029C3D1D907C1D49307BFD4D6F7B8
:10623000F1FF0028BBD1F4F7AFFD0028B7D194F8E7
:106240000A31002BB3D16FF00100B1E78833002091
:1062500010B50F4B93F8D02004464AB12046F121E7
:106260000DF02CF821460B48BDE81040F8F754BA61
:1062700093F8E03013F00102F0D103F01C030C2B73
:10628000ECD001460448F8F7FFF90028E6D110BD2C
:10629000C44200205D81020051550300014BC3F848
:1062A000C0027047C442002010B5084C94F9BD22CA
:1062B000824209D084F8BD02D6F7BEFE04F2BD20AA
:1062C000BDE81040D6F7CABE10BD00BFC4420020D2
:1062D00073B53F4C94F83A30FF2B0D4609D1FF2897
:1062E00084F83A0084F83B0084F83C1017D102B0DF
:1062F00070BDFF2805D14FF6FF73638784F83C100B
:10630000F5E7B0FA80F1B3FA83F2490952099142F4
:1063100010D084F83A0084F83B0084F83C50002800
:1063200046D10423A3600223E36094F83A30FF2BA4
:1063300010D1DCE7A3F117014B42A0F117064B4146
:1063400072427241934284F83A0084F83B0084F828
:106350003C50E4D194F83C30FF2BC8D094F8C432C0
:106360000BB9FFF795F994F83C1094F83A00FFF751
:1063700069F994F83C1084F8BC02064601AA94F826
:106380003A00FFF741F8F8B9019E96F90000FFF7CF
:106390008BFF94F9BD3233702846D6F741FEA07CBE
:1063A000003818BF012002B0BDE87040F4F7A4BD6A
:1063B00010F0170F01D00523B4E740F69D214FF4EC
:1063C0009370F4F7D5F9B0E73046FFF76DFFE3E7D8
:1063D000C442002070B5002105460CF06FFF022179
:1063E00028460CF0DEFE1E4CFF210646084684F8C7
:1063F0003B10FFF76DFF3378012B01D101F05EF800
:106400006088D6F771FD0022FF211648F8F78AFC54
:1064100094F8E13014486FF3451384F8E13000221A
:10642000FF21F8F77FFC94F8D00020B1F3F70EFEBF
:10643000002384F8D030A07C767808B9F4F75CFDAE
:10644000022128460CF0ADFE00234670037001F0D7
:106450008DFE29460548BDE87040F8F75DB900BFDC
:10646000C442002075780300CD680300A5800200B7
:106470002DE9F0430E2187B080460CF092FE0022F9
:10648000817A314D074603200DF0B7FF00F1020974
:106490000646494695F8D9000CF09DFD044620B902
:1064A000FD2140F22710F4F763F94A460021204607
:1064B00005F099FF0222002105A805F094FF9DF840
:1064C000143023F0270343F023038DF81430B97AF6
:1064D00005A80EF02CF89DF8153005A823F0300320
:1064E00003218DF815300EF010F8EB7C8DF8163086
:1064F00039460133EB7431F8023BADF81230082213
:10650000684605F065FF08224FF6FF730DEB0200A9
:106510000E49ADF8103005F05BFF694620460DF0DE
:10652000A8FF0122A255A3197A7B5A7095F8D900C9
:10653000074BC5F8D430314685F8D880FFF77EFA8E
:1065400007B0BDE8F08300BFC44200200243002032
:106550006167030070B50E2186B00CF022FE0F4D6E
:1065600004460326294608220DF106008DF8046032
:1065700005F02EFFA37A8DF805300822A11C0DF13D
:106580000E0005F025FF95F8A23001A866F38403FC
:1065900085F8A23000F01AFA06B070BD0243002060
:1065A000E829F7B504460D4658D02D4991F8E0305A
:1065B000C3F34112013262F3461381F8E030DAB2DC
:1065C00003F07C03102B29D001270B2120460CF06F
:1065D000E8FD0B220646002105F005FF294620466E
:1065E0000CF06CFE1F48B5702146F8F795F89FB186
:1065F0001B4D95F8D030A34205D040F2AB1140F2CC
:106600002710F4F7B5F895F8E030002262F3840320
:1066100085F8D02085F8E03003B0F0BD13460522A0
:1066200062F3840381F8E030002201460E48F8F757
:106630002BF80028F0D00D4B1B68002BC4D106F0BE
:10664000BBFD01460028BFD1009040F2851340F207
:1066500027124FF0FF300DF0ADF9B5E70027B4E792
:10666000C4420020CD550200556503009C42002025
:1066700013B50022044601460D48F8F705F8A8B105
:106680000C4B1B685BB906F097FD014638B90090CA
:10669000562340F227124FF0FF300DF08BF9F12115
:1066A000204602B0BDE81040FFF77ABF02B010BD2F
:1066B000B96603009C4200202DE9F341254C0E21D0
:1066C00006460CF06EFD94F8E05094F8D02005F0EA
:1066D0001D051543034602D1827A022A06D0E8211D
:1066E000304602B0BDE8F041FFF75ABF1F88197B62
:1066F000C07A84F8DC501FFA87F8FFF7E9FD4046BE
:10670000D6F7F2FB04F13E006780D6F703FC12488F
:1067100084F8D0602A463146F7F7B6FF80B10F4BB8
:106720001B685BB906F048FD014638B900908C2320
:1067300040F227124FF0FF300DF03CF9F121CFE786
:1067400094F8E030012262F3840384F8E03002B070
:10675000BDE8F081C4420020716403009C42002027
:1067600037B51A4C94F8E030022262F3840394F8AF
:10677000DC2084F8E030054662B9DBB262F34613F0
:106780000146627D124884F8E03003B0BDE8304035
:10679000F8F7FEB80F4B1B6883B906F00DFD0146F4
:1067A00060B994F8DC3001930423009340F227127F
:1067B0004FF49F734FF0FF300DF0FCF894F8DC10AD
:1067C000284603B0BDE83040FFF7EABEC4420020CF
:1067D000D96703009C42002013B5002204460146FD
:1067E0000E48F7F751FFB0B10D4B1B6863B906F0C7
:1067F000E3FC014640B900904FF4A57340F2271224
:106800004FF0FF300DF0D6F8F121204602B0BDE880
:106810001040FFF7C5BE02B010BD00BF55650300B4
:106820009C4200202DE9F341244C06460F4694F883
:10683000D0000B2190460CF0B4FC214B1B680546A0
:1068400063B906F0B9FC48B9009040F2BD1340F2BC
:10685000271201214FF0FF300DF0ACF82A464146D7
:1068600038460DF076FE0822E91C164805F0B0FD0A
:106870002B88A380A97894F8D0000CF01FFDAB788A
:106880002BB14FF6FF7363804FF6FE73A380A08891
:10689000D6F752FB94F8D0100B48F7F73DFF94F869
:1068A000E0306FF3840384F8E0303046002384F84E
:1068B000D03002B0BDE8F041F3F7C8BBC4420020BD
:1068C0009C420020F0420020CD55020073B5294CB7
:1068D00094F8D0300546002B40D0002211462648BF
:1068E000F7F7D2FE00222548FF21F8F71BFA94F8AB
:1068F000E03003F01C020C2A1DD1042666F3840349
:1069000084F8E0301E4B1B686BB906F055FC01465D
:1069100048B9CDE9006540F21F3340F22D124FF027
:10692000FF300DF047F894F8D000294602B0BDE8DA
:106930007040FFF735BEDA0712D56FF3000394F805
:10694000D00084F8E03029460CF0B8FC94F8D01060
:106950000C48F7F7E1FE002384F8D03002B070BD98
:1069600040F2323140F22D1002B0BDE87040F3F732
:10697000FFBE00BFC442002089540300CD6803005D
:106980009C4200205D81020010B50E4B93F8DC4064
:106990003CB1987CF4F7B0FA2046BDE81040FFF710
:1069A00095BF93F8E020920706D5BDE810409A689D
:1069B0000548EB21F7F7ECBF987CF4F79DFAEB2044
:1069C000EBE700BFC4420020CD680300F0B5447877
:1069D00087B00546002C5BD02146007801220DF0DF
:1069E0000CFD04462D4E05F10A010822684605F00B
:1069F000EFFC08227388ADF812300027A91C0DEBBC
:106A00000200ADF8107005F0E3FCF37C8DF8163051
:106A100002220133394605A8F37405F0E4FC9DF821
:106A20001430697823F0670343F0630305A88DF8F9
:106A300014300DF07CFD9DF815302978671C23F08B
:106A4000300305A8FFB28DF815300DF05EFD96F805
:106A5000D90039460CF0BFFA054620B99C2140F216
:106A60002D10F3F785FE3A460021284605F0BBFCC1
:106A7000694628460DF0FDFC04232B552146084BA2
:106A800096F8D900C6F8D430FEF7D8FF07B0F0BDAD
:106A90007D2140F22D10F3F76BFEA3E7C4420020E6
:106AA0008969030070B586B0054618220021684642
:106AB00005F099FC172128460CF073FB5F4E417DD1
:106AC000044628460CF009FC228A7388E17CA07CED
:106AD000A2EB030CDCF1000242EB0C02C1F341110A
:106AE000C0F341100DF089FCE37C60F30403E37410
:106AF00028460CF028FAE37C03F01F030344FF2B25
:106B000005D940F2111140F22D10F3F731FE0222A7
:106B1000002105A805F067FC9DF81430718823F06A
:106B2000270343F001038DF81430A27C520102F0D8
:106B30002002134303F0B9038DF81430228A8A42ED
:106B40005CD1A27C12F0600206D0E27C12F0600FF1
:106B500014BF0122002292011A438DF81420E17C17
:106B600005A8C1F341110DF0E2FCA17C05A8C1F319
:106B700041110DF0CAFC9DF8153023F030038DF85B
:106B80001530F37C8DF816300133F3740822238A14
:106B9000ADF81230A118684605F01AFC7388ADF8FC
:106BA0001030A37C264E03F06003402B28D12388AD
:106BB000ADF8083028460CF0BCF996F84A3E5A0762
:106BC00007D58388B6F8542E99B2914201D1ADF819
:106BD0000830E17C284601F01F010CF0F2FA04466F
:106BE00028B940F2811140F22D10F3F7C1FD204683
:106BF00069460DF03EFC002006B070BD0022ABE7F8
:106C0000082221460DEB020005F0E2FB28460CF0BD
:106C100090F996F84A3E5B07DBD5082206F64C61F0
:106C2000103005F0AEFB0028D3D1082206F64C61E7
:106C30000DEB020005F0CCFBCBE700BFC442002007
:106C40008833002070B505460CF028FB044610F090
:106C50000E003FD028460CF06CF943780278C3F35D
:106C600081019809C2F380120DF0C7FB04F00603FE
:106C7000062B064612D1184C014694F8D920002361
:106C80002846ECF759FB28BB144B94F8D90093F82D
:106C900010293146BDE87040F1F768BD620709D59B
:106CA0000E4A014692F8102928460023BDE870409C
:106CB000ECF742BBA30705D5084B014693F8102912
:106CC0002846E7E740F22D104FF41271F3F750FD1C
:106CD0006FF0160070BD00BFC44200208833002052
:106CE0002DE9F0430E4687B01721904605460CF07B
:106CF00058FA6C46034600F11002A146186859681C
:106D0000274603C7083393423C46F7D118683860DA
:106D10009A889B79BB71BA80B8F1000F06D09DF8B4
:106D20001310284601F01F010CF0D3F91721284653
:106D30000CF037FA9DF815304375044686743146D9
:106D400028460CF0BBFA49460822204605F040FBD5
:106D500002AB03CBA060E160BDF8103023829DF848
:106D60001230E27C1048C3F3411363F30512E2745E
:106D70009DF813209DF81230C2F3411203F00F0367
:106D800043EA8213E27C02F030021343E3749DF87D
:106D9000143023759DF81630A3752946F7F7BCFC0F
:106DA00007B0BDE8F08300BF95650200024B0122E9
:106DB00093F8DC10FFF794BFC4420020F7B5172109
:106DC00004460CF0EEF9074628B940F2612140F282
:106DD0002D10F3F7CDFC214E0023204686F8DC3041
:106DE000FFF730FF054678B91D4BC6F8D430204672
:106DF00086F8D8400CF052FA10F00E0FF97C20D132
:106E000001F01F01204621E0164B1B6873B906F004
:106E1000D3F9014650B90423009301954FF41F7331
:106E200040F22D124FF0FF300CF0C4FDE423153575
:106E300086F8DC300FD0204603B0BDE8F040FFF705
:106E4000B5BF094B93F8100901F01F0103B0BDE86D
:106E5000F040FEF7F3BD03B0F0BD00BFC442002018
:106E6000AD6D03009C4200208833002038B5172107
:106E700004460CF096F905462CB94FF4EC7140F23B
:106E80002D10F3F775FC2046FFF70CFEAB7C5A077C
:106E900004D52046BDE83840FFF790BF0A4B93F871
:106EA000E130C3F340129B0606D520460122BDE81F
:106EB0003840F121FFF714BF04482146F7F7E4FBFF
:106EC0000028F2D138BD00BFC4420020BD6D0300D0
:106ED00038B504460CF037F828B94FF4377140F252
:106EE0002D10F3F745FC8CB1042120460CF059F924
:106EF0000821056820460CF054F900230370456012
:106F000021460348BDE83840F7F706BC38BD00BF4E
:106F1000A1650200F0B5144685B0082207460D466B
:106F20000DEB020000211E4605F05DFA03238DF8EB
:106F300008300B4B039793F83A2093F83C308DF8C8
:106F40000A2008218DF80B30009623462A460DEBC7
:106F500001008DF80940F8F7D3FA05B0F0BD00BF85
:106F6000C44200202DE9F7432B4B1B7804460E4604
:106F7000002B49D0294A136801331360F8F77AFAD5
:106F80000746002E43D120460CF0AAFB814620463E
:106F90000CF0ACFB054620460BF0CBFF80462046AC
:106FA0000BF0D1FF811E4144022201A805F010FA26
:106FB000022120460CF071F84FF002080221204611
:106FC0000CF0ABF86D0865F07F05457080F8009017
:106FD00020460BF0AEFF054620460BF0B4FF2946D5
:106FE000024633463846FFF795FF022120460CF053
:106FF00054F8B8F1000F07D0022120460CF08DF8AC
:10700000022201A905F0E4F903B0BDE8F0830025F0
:10701000A946A846D2E700BFC979002094460020BF
:1070200070B588B005460BF084FF2946019002A890
:107030000DF0D8F9134E019B34460130034401A9E9
:10704000304601930CF043FC34F80209D5F74CFFAD
:1070500001A920460CF03BFC019B187884F83C0009
:10706000D5F7DEFF019B01A90133B01C01930CF0A1
:107070002EFCA088D5F760FF2846F2F7E7FF08B09E
:1070800070BD00BFC64200202DE9FF4705460BF04A
:1070900050FF002104460B2201A805F0A4F90023AB
:1070A0008DF8043023788DF8053063788DF806303C
:1070B000214611F80B3B5A2B44D83F2B06D8002B06
:1070C0005CD0042B00F08180F42368E0403B1A2B55
:1070D000FAD801A252F823F0DF710300FB7103001C
:1070E000C970030003720300C97003000B72030030
:1070F000117203001B720300C970030025720300A4
:10710000357203002F7203003B720300C970030045
:10711000C9700300C970030043720300C970030003
:107120005572030069720300C9700300E571030022
:10713000C9700300C9700300D5710300EB7103002F
:10714000F371030003F17F02D2B2072ABCD8813B5E
:10715000072BB9D801A252F823F000BF7B720300BD
:10716000C9700300C9700300C9700300C97003002F
:107170008B7203000B74030003740300A64E96F891
:107180003B30FF2B05D14FF4337140F22510F3F75C
:10719000EFFAE17A96F83B00FFF79AF80023D4F86B
:1071A00003408DF804300B2128460BF014FF0B220E
:1071B00001A905F00DF9002C00F02A81294620468E
:1071C000F7F7AAFA04B0BDE8F087934BE27A83F8A8
:1071D0003B20E3E79148022205F0FAF8DEE7904809
:1071E0000222F9E78F480222F6E78B4BE27A1A7502
:1071F000D4E7894BE27A5A75D0E7874BE27A9A75E1
:10720000CCE7854BE27A1A76C8E787480F22E3E796
:10721000814BE27A83F82820C0E77F4BE27A83F83B
:107220002920BBE77C4BE27A83F82A20B6E77A482C
:107230000222D1E77D480822CEE7774BE27ADA7462
:10724000ACE702227A4805F0C3F8734B5888D5F7AB
:107250004BFEA3E7704BE07A987493F83A30FF2B1B
:107260009CD0F3F749FE99E70222724805F0B0F886
:10727000694B9888D5F760FE90E708226E4805F0C4
:10728000A7F86D48D5F746FE88E728460BF05BFE69
:10729000082801D8E82382E7E37A032B00F2AA80CA
:1072A000DFE803F0024171A0284694F80D800BF04E
:1072B00040FE074628460BF046FE04F11406801BEC
:1072C0004FEAC8080744B84505D940F2991140F281
:1072D0002510F3F74DFA237B627B1344DBB2102BAE
:1072E000D8D8E27B102AD5D89342D3D84A4F97F802
:1072F0004800824207F1490806D9121AD200FF213C
:1073000008EBC00005F06FF8627B207BD2003146AD
:1073100008EBC00005F05CF8E37B87F84830A37BFE
:1073200087F8C9303AE73C4E96F8483001330F2BC6
:10733000B0D80023184604F10C0896F84820D9B2BA
:1073400091420FD25F1C00287FF428AF06EBC101E9
:1073500008224931404605F014F8B0FA80F040099F
:107360003B46EAE700287FF419AF06EBC20004F1C0
:107370000C010822493005F02BF896F8483001330B
:1073800086F848300AE7244F4FF0000904F10C0A50
:1073900097F848305FFA89F6B3427FF6FFAE07EB05
:1073A000C60808F1490808224146504604F0E9FFA2
:1073B00009F101090028EBD197F84820531EB34288
:1073C0000AD0921B013AD20007EBC60102F0F80284
:1073D0005131404604F0E5FF97F84830013B87F80B
:1073E0004830DBE60C4B002283F84820227B83F8F0
:1073F000C920D3E640F2AD1140F22510F3F7B8F9F9
:10740000CCE60E48042204F0E3FFE27A024BEEE7FA
:107410002846F2F71BFED5E6C4420020CC420020ED
:10742000D0420020D4420020DD420020F042002063
:10743000C6420020C84200200243002090430020A2
:1074400013B504460BF075FD0378532B2CD8492B4C
:107450001CD81BBB174800222146F7F715F930B39B
:10746000154B1B6863B905F0A7FE014640B90090B3
:1074700040F2AA2340F225124FF0FF300CF09AFAA6
:10748000204602B0BDE81040F2F7E0BD4A3BDBB257
:1074900040F2433222FA03F3DB07DBD4204602B08A
:1074A000BDE81040FFF7F0BD812BF7D1D2E702B065
:1074B00010BD00BF897003009C420020F8B5234C2A
:1074C0000223E3604FF47073A3864FF4FA732382B0
:1074D00042F20303A38204270123FF20A374A760C1
:1074E0000CF0D8F9E074FF200CF0D4F94FF6FF76D9
:1074F00084F82A004FF6FE73FF206680A3800CF00C
:10750000C9F900250523668784F83C60104E84F88D
:107510002B00C4F8CC3084F8485084F8C95084F863
:10752000DC5084F8DA5084F8E450D5F79BFA40F246
:10753000FF137360D5F77CFAB5603A46294604F12B
:10754000E000BDE8F84004F04EBF00BFC442002098
:10755000B84200202DE9FF4104460BF0EAFC0A2264
:10756000014601A804F034FF9DF804305A2B4BD893
:107570003F2B0CD8002B73D0042B79D0042120464C
:107580000BF029FD00230546C370F4269AE0403B2A
:107590001A2BF3D801A252F823F000BF797603002A
:1075A000997603007D7503009F7603007D750300C7
:1075B000A5760300E3760300EB7603007D750300F8
:1075C000117703001F770300197703002F7703005B
:1075D0007D7503007D7503007D750300357703001D
:1075E0007D7503003B770300417703004777030075
:1075F0004D7703007D7503007D750300537703000D
:107600006D7703007377030003F17F02D2B20F2A74
:10761000B4D8813B0F2BB1D801A252F823F000BFA0
:10762000F37603007D7503007D7503007D7503000F
:107630007D750300797703001B780300237803002E
:107640007D750300137803007D7503007D750300CD
:107650007D7503007D750300477803004F780300B4
:10766000804B93F83C1020460CF0F0FF0026CBE056
:107670007C4B93F83A10F6E77A4DEB68B3F5803F10
:1076800005D34FF4EA7140F22510F3F771F8A98998
:1076900020460CF0C9FFE9E7724B997DE3E7714B97
:1076A000197EE0E7132120460BF095FC6D49054655
:1076B00091F82830C3700F2219310430002604F0ED
:1076C00087FEAE709DF804306B702E70DDF80600FA
:1076D000002800F0C2802146F7F71EF804B0BDE88C
:1076E000F081604B93F82810BDE75E4B93F82910AA
:1076F000B9E70C2120460BF06EFC5B4905460822D9
:10770000281D04F065FE00260823AE70EB70D9E753
:10771000544B93F82A10A6E7524B1988B8E70C216E
:1077200020460BF058FC514905460822E8E74D4B2E
:10773000D97C98E74B4B5988AAE74A4B997C92E74A
:10774000484B9988A4E7474BD988A1E7454B198A4C
:107750009EE7444DAB68B3F5803F05D340F22D2141
:1077600040F22510F3F704F8298991E73D4B197D84
:1077700079E73C4B597D76E720460BF0DAFB394E32
:1077800000F10A010222684604F022FE9DF8007012
:1077900096F848309F422ED2DB1B9DF80170DBB279
:1077A0009F4228BF1F467D1CED00294620460BF056
:1077B00012FC804620460BF0C6FB031F88F80330FE
:1077C0009DF8003088F8043096F8482088F80520A5
:1077D00088F8077096F8C92088F80620002F3FF433
:1077E00045AF2349A5F1080201EBC30108F10800E8
:1077F00004F0EEFD3AE7002FD5D0042120460BF02F
:10780000EAFB0023C370F92620460BF092FB0546E5
:1078100058E7144B93F8481025E7124B93F8C9101A
:1078200021E7104B0821D3F8CC30009320460BF011
:10783000D2FB04220546C2706946104404F0C8FD1C
:107840000023AB7012E720460CF00BFF0EE720463A
:107850000CF007FF00F034FD08E72046F2F7F6FBD6
:107860003CE700BFC442002002430020F042002059
:107870000D4300202DE9FF41A14C242107460BF0C8
:1078800090FC94F8E13090F803805A0605462DD517
:10789000D023437094F8E13023F0600384F8E130A2
:1078A00094F8EE303BB994F8E2305B0703D50DF164
:1078B0000F00D5F783FB94F8ED10FF2903D094F85F
:1078C000EC00FEF705FD94F8EE30012B01D0042BFF
:1078D00002D16088D5F708FBA07CF3F70DFB89483F
:1078E000394604B0BDE8F041F6F716BF0DF10E01C0
:1078F00040460BF05FFD20B1F92140F23110F2F764
:1079000037FF0DF10F0140460BF064FD20B1FB2164
:1079100040F23110F2F72CFF94F8EE209DF80F3072
:10792000032A04D194F8E2108E0700F1A5809DF897
:107930000E60D4F8E8109E4258D821FA06F0C0072D
:1079400040F1C8805AB994F8E2305B0707D528792E
:1079500009302844D5F732FB2B7901332B7194F889
:10796000E23043F0040384F8E2300DF10D023146B9
:107970004046F2F7F3FD28B140F21D1140F23110FC
:10798000F2F7F6FE9DF80D104046FEF7A1FC94F8C4
:10799000EE301BB994F8F000D5F7E4FAD4F8E830EB
:1079A0000122B24023EA0203C4F8E83094F8EE3032
:1079B000012B63D1002254481146F6F765FE78B1D9
:1079C000524B1B6863B905F0F7FB014640B90090C4
:1079D00040F2331340F231124FF0FF300BF0EAFF68
:1079E000D4F8F0204A483946F6F7D2FF9DF80F3018
:1079F00001339E423DD194F8EE303BB928790930ED
:107A00002844D5F7DBFA2B7901332B7194F8ED106C
:107A1000FF2962D094F8EC00FEF75AFC94F83C1071
:107A200094F83A00FEF754FC94F8EE30012B5DD147
:107A300094F8E130DB0904BFEA236B7094F8EE3070
:107A4000012B01D0042B02D16088D5F74DFA94F8B0
:107A5000E130A07C6FF3451384F8E130F3F74CFA82
:107A6000FF212B480022F7F75DF926483946F6F743
:107A700053FE04B0BDE8F0811E465AE7042B13D133
:107A8000244800223946F6F7FFFD0028A8D01F4BF6
:107A90001B68002BA4D105F08FFB014600289FD165
:107AA00000904FF49D7395E7032B99D100221A485B
:107AB0001146F6F7E9FD002892D0144B1B68002B05
:107AC0008ED105F079FB0146002889D100904FF452
:107AD000A1737FE70136F6B22DE794F83A3084F8C7
:107AE000EC3094F83C3084F8ED3097E7042B9FD0CD
:107AF000032BA3D194F8E23013F0020F9BE700BFF1
:107B0000C4420020A1470200F97C03009C420020EF
:107B1000757803001D7B03009D7D03002DE9F04770
:107B200086B006460BF005FA804630460BF00BFA9D
:107B3000012810D998F8004098F8015030460BF011
:107B400002FA63190233834207D94FF4E77140F216
:107B50003110F2F70DFE00252C46012202210320F0
:107B60000CF04BFC2E192B1E06F1010618BF012349
:107B7000064406EB8306DFF87C91F6B207463146F1
:107B800099F8D9000BF027FA824628B94FF4F5711D
:107B900040F23110F2F7ECFD32460021504604F07D
:107BA00022FC0222002105A804F01DFC9DF81430DF
:107BB00023F0470343F043038DF814309DF815304C
:107BC00023F0020343F00203022105A88DF81530CB
:107BD0000CF0ADFC032105A80CF097FC9DF81530C6
:107BE000434923F0300343F020038DF8153099F812
:107BF00013308DF816300822013389F813300DEB5D
:107C000002004FF6FF73ADF81230ADF8003004F00B
:107C1000DFFB694650460CF02CFC0AEB070654B912
:107C2000BDBB0723337099F8D9003946FDF706FF2D
:107C300006B0BDE8F0872246304608F1020104F0A4
:107C4000C7FB33199E1C3F2265B300210234197013
:107C50005A7008EB04010B465A781C464FEA022C76
:107C600014F8020BC2F3C3020CF4E06C022A40EADF
:107C70000C001BD023185A1A9542EDDC2A463046D8
:107C800004F0A6FB731900227255F8225A709E1C4C
:107C9000C7E73F230AF80740023606F8013C08F11F
:107CA0000201D8E7802119705A70BAE79A781B2A26
:107CB000E0D1DA78192ADDD11A794A2ADAD10533E6
:107CC0001A1B824204DB23185A1AAA42C4DBD5E7E6
:107CD0001A784FEA921CBCF1010F03D199F8BC222B
:107CE0009A70CBE702F03F0202321344E8E700BF8C
:107CF00002430020C4420020F0B5002287B00221D8
:107D000010460CF07AFB244E471CFFB2054639465C
:107D100096F8D9000BF05FF9044628B940F27F21AC
:107D200040F23110F2F724FD3A460021204604F0DB
:107D30005AFB0222002105A804F055FB9DF81430DF
:107D400023F0070343F0030305A802218DF8143044
:107D50000CF0EDFB9DF8153005A823F03003002151
:107D60008DF815300CF0D1FBF37C8DF81630013313
:107D7000F37469464FF6FF732046ADF81230ADF844
:107D800000300CF076FB07236355294696F8D9009E
:107D9000FDF754FE07B0F0BDC4420020F0B501224B
:107DA00087B0022103200CF028FB2E4D471CFFB2A8
:107DB0000646394695F8D9000BF00DF9044628B966
:107DC00040F2BD2140F23110F2F7D2FC3A460021D8
:107DD000204604F008FB0222002105A804F003FB62
:107DE0009DF8143023F0070343F0030305A8022194
:107DF0008DF814300CF09BFB05A803210CF085FBDB
:107E00009DF81430184923F0400343F040038DF8E7
:107E100014309DF8153023F030038DF81530EB7CCD
:107E20008DF81630082201330DEB0200EB744FF68B
:107E3000FF73ADF81230ADF8003004F0C9FA6946AE
:107E400020460CF016FB0623A355012195F8D90016
:107E5000FFF788F895F8D9000121F2F7D1FF07B0B4
:107E6000F0BD00BFC4420020024300202DE9F743CB
:107E7000074600210BF022FA082138460BF091F951
:107E8000054620B9382140F23110F2F771FC6B78C9
:107E900095F8028095F807900E2B02D92B78032BCA
:107EA0000DD1D5F8033053B14A4C94F8E1309B061C
:107EB00005D42B78012B15D9033B012B12D9242192
:107EC00038460BF06EF980F803802B788370E82336
:107ED000437080F800904048394603B0BDE8F04355
:107EE000F6F71ABC94F8E13043F0200384F8E1304F
:107EF000D5F80330C4F8E83094F83A3084F8EC3020
:107F000094F83C3084F8ED302B7884F8EE3084F827
:107F1000F4902B78032B04BF05236B706A78012340
:107F20009340013324213846C4F8F0300BF039F97E
:107F30000022427094F8EE30837080F80380D4F809
:107F4000E810D5F80330027123EA0103C0F80530C8
:107F500080F800900646FF212048F6F7E3FE94F8EB
:107F6000EE30042B0ED8DFE803F025030D2C0300C0
:107F700094F8E1306FF3C71384F8E1304FF6FF70E7
:107F8000D4F7B2FF154800223946F6F77DFBE8B179
:107F9000134B1B685BB905F00FF9014638B9009027
:107FA000BB2340F231124FF0FF300BF003FDF12301
:107FB000737090E794F8E2306FF3820384F8E23054
:107FC000E0E794F8E2306FF34103F7E703B0BDE870
:107FD000F08300BFC4420020A1470200757803006F
:107FE0009C420020F8B50B4C06460025A4F1F6078C
:107FF00097F8F530AB4201D80020F8BD21460822A1
:10800000304604F0BEF9083408B10135F0E701202C
:10801000F3E700BFBA430020F7B5437D204D9B092D
:10802000022B044607D095F8F52012B1027D5207C5
:108030002ED1012028E095F8261105F59372002332
:1080400099421BD895F8F530002BF2D0237D5B07C1
:10805000EFD0144F002695F8F530B34213D920899C
:108060006946F1F775FC30B908223946684604F0D4
:1080700088F90028DDD001360837ECE7268932F888
:10808000020F864202D1002003B0F0BD0133D7E7D2
:10809000032BCED1083003B0BDE8F040FFF7A2BFFC
:1080A000C4420020BA43002038B5134B93F8CC23C8
:1080B0003F2A4FEA12119EBF013161F3071283F884
:1080C000CC2393F8CC23541C04F0030464F3030280
:1080D00083F8CC23062202FB04330546002103F576
:1080E000657004F080F929460448BDE8384049F637
:1080F000B022F6F74DBC00BFC4420020A9800300A7
:1081000070B5054608460E460BF0F0FA154C84F89B
:10811000CA0330460BF0E4FA84F8CB036B7DC3F35B
:108120008103022B0DD12B8823F00F039BB24FF656
:10813000F072934210D1D4F8AC330133C4F8AC33AD
:1081400070BD002BF7D0032BFAD10749082228462F
:1081500004F017F90028EED0D4F8B4330133C4F892
:10816000B433EDE7C4420020D682040038B50D4D8B
:108170000D4C0022FF212846F6F7D4FD39220021BC
:10818000204604F030F994F83830012262F30713E6
:1081900084F83830284649F6B022BDE8384000213E
:1081A000F6F7F6BBA9800300584600202DE9F04100
:1081B0000446002874D02722002104F014F93F4D12
:1081C0000A2384F82030D5F8AC332360D5F8B033D7
:1081D0006360D5F8B433A360B5F8C4336383B5F8EE
:1081E000C633A383B5F8C833E383D5F8BC33E36063
:1081F000B5F8C0332382B5F8C233638295F8CA3329
:1082000084F8213095F9CB3384F8223095F8CC33BB
:108210000F2B41D900221B092946164617469046C6
:10822000D0B2834201F106013CD8B8FBF3F3B3F5B9
:10823000803F04D39F214FF49470F2F799FA95F898
:10824000CC331B09B7FBF3F3B3F5803F04D3A02174
:108250004FF49470F2F78CFA95F8CC331B09B6FB07
:10826000F3F3B3F5803F04D3A1214FF49470F2F7F8
:108270007FFA95F8CC331B09B8FBF3F8A4F8148007
:1082800095F8CC331B09B7FBF3F7E78295F8CC33AD
:108290001B09B6FBF3F62683D5F8B833C4F82330B0
:1082A000BDE8F081B1F88E038044B1F89003074433
:1082B000B1F8920301320644B2E700BFC442002085
:1082C000064B0022C3E9EB22C3E9ED22C3E9EF220A
:1082D000C3F8C423A3F8C823704700BFC4420020DA
:1082E000094A92F8CC33062103F00F0301FB032364
:1082F000B3F894130131A3F89413D2F8BC330133CB
:10830000C2F8BC33704700BFC4420020094A92F84B
:10831000CC33062103F00F0301FB0323B3F89613BC
:108320000131A3F89613B2F8C0330133A2F8C03379
:10833000704700BFC4420020094A92F8CC3306219E
:1083400003F00F0301FB0323B3F898130131A3F8E3
:108350009813B2F8C2330133A2F8C233704700BF9A
:10836000C4420020034AD2F8B0330133C2F8B0331C
:10837000704700BFC4420020034AB2F8C63301333D
:10838000A2F8C633704700BFC4420020034AB2F8C7
:10839000C8330133A2F8C833704700BFC44200207D
:1083A000034AD2F8B8330133C2F8B833704700BF7C
:1083B000C4420020431E9BB24FF6F672934213B59F
:1083C000044602D9002002B010BD00220DF10703BF
:1083D0001146F1F791FA0028F4D0034BB3F83C03AF
:1083E000001B18BF0120EEE78833002030B4164888
:1083F00090F8C3232AB300252C4604F1E00100EBDA
:1084000081018B7913F0010F0CD0012B05BF1D46A4
:108410006FF30005FE3302F1FF3209BF8D718B71DE
:10842000D2B21D460134102CE7D10DB180F8C32320
:1084300090F849332BB130BC044842220021F6F7B2
:10844000A7BA30BC704700BF88330020ED8303001B
:1084500038B51B4991F8493383B3002202F1E00398
:1084600001EB83039D7915F0010521D191F8C343F8
:108470009A790134E4B242F001029A7181F8C3435F
:108480008288A3F80320C2795A719A79092161F38D
:108490004702012C9A7109D12A46FF210948F6F7B3
:1084A00041FC084842222946F6F772FA012006E00C
:1084B0000132102AD2D11920F9F7FEFA002038BD76
:1084C00088330020ED83030070B50F4C002204F2C6
:1084D000853502F1E0018B0004EB81018E79F6070E
:1084E00009D5B1F8036081888E4204D115F8226065
:1084F000C1798E4204D00132102AEAD1002070BD29
:10850000D81C2044FBE700BF883300200B48002222
:1085100002F1E00100EB810101328B7913F0010FD0
:108520001CBF6FF300038B71102AF1D1002280F879
:10853000C32311460248F6F7F5BB00BF883300207D
:10854000ED83030010B5054CD4F8500828B1012183
:10855000F6F7E2F80023C4F8503810BD8833002045
:108560002DE9F04F85B00E461F469DF8403001932F
:1085700080469DF8483000931821304691469DF87A
:108580003CB09DF844A09DF838500AF00AFE18222D
:108590000446002103F027FF019BA4F80890A4F8EB
:1085A0000A80237384F80DB0278084F810A0E6F7C2
:1085B00059FEE8B9022D1BD102A93846F1F7C8F9D6
:1085C00018B1E573009BA37316E008220E490DEB6A
:1085D000020003F0D6FE0028F3D0012102A80BF020
:1085E000ADFD0028EDD0237C43F001032374E8E7C0
:1085F000E573013D012DE5D90448314605B0BDE8DC
:10860000F04FF6F789B800BFD6820400BD0F020014
:1086100030B51C2189B004460AF0C3FD1C22014676
:1086200001A803F0D5FE20460AF083FC0821057856
:1086300020460AF0B6FD9DF80B3043719DF80C30D2
:108640008371BDF8053043809AB20223037105702F
:10865000002343709DF804301B0903F00403C37129
:108660000D4BB3F83C33934204D12046F1F7EEFCB6
:1086700009B030BDBDF80D30012B07D12046F1F710
:10868000E5FC064A138801331380F1E754212046A4
:108690000BF0F4FFECE700BF883300201A520020F3
:1086A00070B51C2186B004460AF07BFDB0F8093095
:1086B000A3F11C02012A05D8204606B0BDE870408F
:1086C000FFF7A6BF012BF7D0542B1DD120460AF08F
:1086D00030FC054620460AF036FC01280ED900225F
:1086E0001F4E20481146F6F71DFBD6F8500810B172
:1086F0006978F6F711F80023C6F85038204606B01E
:10870000BDE87040F1F7A2BC4AF6CD329342F5D0F5
:10871000022B03D1144B00221A80EFE7032BEDD17B
:108720001C2120460AF03DFD0221054620460AF0A4
:1087300052FC0D4B1B8803801E220420B5F801302B
:10874000CDE903022A7A0292EA790192022200928A
:10875000214647F60172FFF703FF06B070BD00BF68
:1087600088330020458503001A5200202DE9FF417F
:10877000314D2B6804460E4617466BB904F01CFDBC
:10878000014648B908230093CDE901465E237422CF
:108790004FF0FF300BF00EF9DFF8A0802B68D8F80F
:1087A000002EFAB92B686BB904F006FD014648B9F2
:1087B00008230093CDE901463D2374224FF0FF309A
:1087C0000BF0F8F8012C31D12B6863BB04F0F4FCFA
:1087D0000146D8B90090432374224FF0FF300BF0CC
:1087E000E9F813E053B904F0E7FC014630B9009012
:1087F0006C2374224FF0FF300BF0DCF8D8F8003E09
:108800003A463146204698470028CBD02B6853B9CA
:1088100004F0D2FC014630B90090762374224FF068
:10882000FF300BF0C7F804B0BDE8F081522174208E
:10883000F1F79EFFEAE700BF9C420020883300204A
:108840002DE9F0431C2187B004460AF0AAFC054636
:1088500090F8009020460AF06CFB90F8008085F8B4
:1088600015802846B5F80960FAF734F8B5F809100C
:10887000074620B10B46180489B228D501272046A7
:108880000BF0D0FF002800F0EA80B5F8093003F5BE
:10889000FF427E3292B2012A40F2F28048F2150283
:1088A000934200F05E8100F2E08048F204029342BD
:1088B00000F0468100F2CD8083F40043012B00F2EA
:1088C000CE8048F234039E4240F0E780DCE0BA4BB1
:1088D00093F8392E92060AD4B5F80960B31E012B1D
:1088E00010D8204607B0BDE8F043F9F791BCD3F8A3
:1088F000343E002BF0D0204698470028ECD007B03B
:10890000BDE8F083202E00F09E804DD8062E37D98A
:10891000152E79D0B5F803204FF6F7739A4200F27E
:108920009E8002212046B5F801700AF054FB022215
:108930000021054603F057FD84233A46214646F4BC
:10894000004085F800806B7007B0BDE8F043F8F791
:10895000DDBEA6F13103072BDCD801A252F823F0CB
:10896000158A030015890300218A03002D8A03005C
:10897000158903001589030015890300FD8903008B
:10898000062EC7D801A353F826F000BFC9890300FB
:10899000D78903001589030015890300BD890300E9
:1089A000E5890300F1890300382EB3D8302ED0D8E2
:1089B000212E41D0222EADD100213EE0204607B02D
:1089C000BDE8F043F9F784BC4946204607B0BDE84E
:1089D000F043F9F7EDBC4946204607B0BDE8F04347
:1089E000F9F75EBD204607B0BDE8F043F9F7CEBD0C
:1089F000204607B0BDE8F043F9F738BE204607B07F
:108A0000BDE8F043FAF728B9204607B0BDE8F043C7
:108A1000FAF7FCBA204607B0BDE8F043FAF72EBBE0
:108A2000204607B0BDE8F043FAF7E0BB204607B0A8
:108A3000BDE8F043FAF782BC0121204607B0BDE84B
:108A4000F043F8F73DB9204607B0BDE8F043F8F72A
:108A5000F9B903F5FF437B339BB2012B10D92046B4
:108A600007B0BDE8F043F1F7F1BA03F5FF43603317
:108A70009BB2192BF3D8514A22FA03F3DB07EED548
:108A800048F234039E4202D120460AF052FAB5F869
:108A9000093083F40043012B3BD820460AF049FA01
:108AA00090F801800646B8F1000F32D1871C06F11C
:108AB0000A09394604A80AF065FF022249460DF169
:108AC0000E0003F085FC082204A9384603F080FC60
:108AD00002220DF10E01484603F07AFC71890DF176
:108AE0000D0342463846F1F74FF8064688B1344B3D
:108AF0001B6873B904F060FB014650B9042300936E
:108B000001964FF4937340F635024FF0FF300AF0B0
:108B100051FFB5F8092048F202039A4209D12046D4
:108B20000AF007FA437823B9427A41894088E8F786
:108B3000ABF82046F8F792FE00283FF4E0AE8EE74F
:108B400020460BF004FA002889D11B4BD3F8783863
:108B5000002BEED0B5F80910204698470028E8D140
:108B6000CDE620460AF0E5F9054620460AF0EBF985
:108B700003287FF674AF104E2A7896F880379A4211
:108B80007FF46DAFD6F87C37002B3FF468AFEA78FE
:108B9000AB7843EA0223022204A9A818ADF81030EA
:108BA00003F016FCD6F87C072146F5F7B5FD002F3B
:108BB0003FF455AFA3E600BF8833002007005A02F8
:108BC0009C42002010B5084B9B68044643B92046E0
:108BD000DDF72EFA38B12046BDE81040F1F736BA7D
:108BE00098470028F3D110BDA442002038B51B21BE
:108BF00004460AF0D6FA0378012B14BF0721092195
:108C000020460AF066FA0A4BD3F89C5725B920464D
:108C1000BDE83840F1F71ABA93F84C2313442046C4
:108C200093F84B2393F84A13A8470028EFD038BD98
:108C30008833002010B50C4C236813B10B4B1B6814
:108C40002BB900F027FE30B9084B01221A6001232E
:108C50002360002010BD0138062801D9044810BD4A
:108C6000044B53F8200010BD9C460020984600207D
:108C7000FE8FFFFF3C520400BFF34F8F0549064BA8
:108C8000CA6802F4E0621343CB60BFF34F8F00BFAA
:108C9000FDE700BF00ED00E00400FA0510B40A4B48
:108CA0000A490B4C4FF0FE32C3F800244968C3F860
:108CB0000424C3F80824C3F80C240023C4F80035A6
:108CC0005DF8044B084700BF00B00250740200205A
:108CD00000A00250D0E90012014BC3E90012704716
:108CE000740200202DE9F043134B144E002814BFEA
:108CF00004461C4683B02368B34219D00D46204673
:108D00004FF4E07104F10409174604F58E7800F081
:108D1000E5F8484600F0A8FC404600F0D7FA0849BC
:108D200000972B464A46404600F0E6FA08B926600E
:108D3000002003B0BDE8F083A0460020A5BCC95ABE
:108D4000F196030070B51D460C4B002818BF034672
:108D50000B481E68864282B00DD1002603F58E7046
:108D600000963346144600F013FB002818BF344623
:108D70002C6002B070BD0348FBE700BFA046002096
:108D8000A5BCC95AE88FFFFF10B5044650B163680F
:108D900013F0685F05D0064A934202D00023236097
:108DA000626010BD034B04485B689847EFE700BF63
:108DB0002C5F5CA97402002058520400C8B14368BB
:108DC0000D4A934213D013F0685F0ED0012350E890
:108DD000002F194640E8001C9CF0000FF7D1012A33
:108DE000F5D0BFF35F8F00207047044870470448F8
:108DF00070476FF4E04070472C5F5CA9E98FFFFF7C
:108E0000EA8FFFFF80B14368094A93420AD013F00A
:108E1000685F05D0BFF35F8F00230360184670477B
:108E200004487047044870476FF4E040704700BF43
:108E30002C5F5CA9E98FFFFFEA8FFFFF10B50446A6
:108E400020B1044B63600022226010BD0248FFF78E
:108E500025FFF6E73A00003A8052040070B5D0E9E9
:108E60000023154C154D6360D0E90230C4E902308F
:108E7000226048680E68124BC3E90060D5F81801FB
:108E80008E689E6010F0685FCE680969DE601961C7
:108E900010D00C49C5F8BC110023C5E9453105F5D2
:108EA0008A70C5F8B8319047236805F5DC70BDE8D5
:108EB0007040184770BD00BF90020020A0460020FF
:108EC0007C0200202C5F5CA938B131B10144002242
:108ED0000346013081421A70FAD1704738B131B17E
:108EE000014400220346013088421A70FAD17047CB
:108EF0002DE9F04FB2F5C07FB5B000F2D780DFF8B2
:108F0000B89114460D464FF4D07200210DF15C0863
:108F10000746484603F067FA404601F051F900233E
:108F200009F11806A9F8103063BA29462246A9F8B3
:108F300012303046202389F8173003F049FA5D4B90
:108F4000079303F104338022089303F10433099358
:108F5000325503F1043307A940460A9301F046F95C
:108F6000824600287FD104F119030BAE0FAC0293A7
:108F70000397019604940198DFF840B11022002174
:108F800003F031FADDF808A005940E9B5BF8044C61
:108F90005BF80C7C0B995BF8100C5BF8085CDDE966
:108FA0000C625C40019B7E40554081EA00071A46F6
:108FB00001214046CDE90B76CDE90D5401F030F9A1
:108FC000BAF1100F94BFAAEB0A0AAAF1100A0BF12A
:108FD000100B002865D1BAF1000FD6D1059C01997C
:108FE0002046102203F0F4F999F8033010340133CD
:108FF000A04589F80330BED1049C039F019E8022C6
:109000002146404601F0F2F8824670BB07F1200984
:109010003D4613AB1A460121404601F001F91022EA
:10902000824613A928461544BAF1000F1DD103F05A
:10903000CFF94D45EDD1404601F0D2F81E484FF42E
:10904000D071FFF74BFF20462021FFF747FF07A80D
:109050001021FFF743FF30461021FFF73FFF504636
:1090600035B0BDE8F08F0FAC0BAE404601F0B8F85C
:1090700011484FF4D071FFF731FF20462021FFF750
:109080002DFF07A81021FFF729FF10213046FFF719
:1090900025FF20213846FFF721FF504635B0BDE8B7
:1090A000F08F039F019E049C8246DEE76FF0370A33
:1090B000F3E700BF00010203704800208048002051
:1090C0002DE9F04188B004460D4620220021684673
:1090D00003F089F904F120066F46E27B0132D2B237
:1090E000E273002A4DD1A27B0132D2B2A273002AD0
:1090F00047D1637B0133DBB26373002B41D1237B08
:109100000133DBB22373002B3BD1E37A0133DBB2B3
:10911000E372002B35D1A37A0133DBB2A372002BAB
:109120002FD1637A0133DBB2637253BB237A0133ED
:10913000DBB223722BBBE3790133DBB2E37103BBF8
:10914000A3790133DBB2A371DBB963790133DBB2FD
:109150006371B3B923790133DBB223718BB9E3783F
:109160000133DBB2E37063B9A3780133DBB2A370E0
:109170003BB963780133DBB2637013B923780133F1
:1091800023703B4622460121304601F049F88046D3
:1091900050BB103708AB9F429FD1029AAB68039F28
:1091A0000799534002933046EE68009B7E40039639
:1091B000049F2E697E4004966E69059F7E40059649
:1091C000069FAE697E400696EE6971400791296858
:1091D0004B40009301996B6880224B406946019394
:1091E00001F004F8804638B168462021FFF776FE8A
:1091F000404608B0BDE8F08110220DEB0201204688
:1092000003F0E6F8F0E700BF2DE9F8430446806973
:10921000B0F5C07F52D81D46C0F5C073AB424DD3E8
:10922000C5F5C0731B1A9342164647D3DFF89890D2
:109230004FF4C0720F464846002103F0D4F8D4F82A
:109240009430A269D4F8980049469847002838D14C
:10925000D4F818803DB1D4E925302A4609EB08013D
:10926000984770BBA84407B1C6B91749424608469B
:10927000FFF73EFE054638B113484FF4C071FFF7C3
:109280002DFE2846BDE8F8830F492046FFF718FF5A
:1092900005460028F0D101232361EDE709EB080022
:1092A0003946324603F094F80749B044424608462E
:1092B000FFF71EFE05460028DED1E5E76FF0370513
:1092C000DFE76FF03305DCE7104A002010B5A42279
:1092D0000446002103F087F8064B4FF0FF314FF6AC
:1092E000F0722161E26104F19C001B68BDE810404E
:1092F000184700BFE00200202DE9F04385B0054685
:109300000F461646002110226846994603F06BF876
:109310001D4B05F19C081B684046984720B1044648
:10932000204605B0BDE8F08305F12004204600F09A
:1093300047FFAA69C5E925762E69E2B92022002EE9
:10934000AA611FDB20466946802200F04FFF0446D9
:1093500030B90C9A334649462846FFF755FF044674
:109360000A4B40461B689847002818BF0446204611
:1093700005B0BDE8F083002EE4DA172A02D80132E6
:109380005608DFE70026DDE7DC020020D8020020D7
:109390002DE9F04F8DB0B2F5806F169F00F2E3809B
:1093A000B7F5807F00F2DC80044615460E46202289
:1093B000002104A8984603F016F86C4B04F19C09B0
:1093C0001B68484698478346002840F092802269EF
:1093D000E3699A4200F391806369002B40F08D802D
:1093E000002F40F0A980DFF888A16F46002D00F023
:1093F000988004F120086F460EE0102DAB4628BF80
:109400004FF0100B30465A46394602F0E1FFB5EBFB
:109410000B055E4400F08580E37B0133DBB2E37330
:10942000002B4DD1A37B0133DBB2A373002B47D1BB
:10943000637B0133DBB26373002B41D1237B0133A8
:10944000DBB22373002B3BD1E37A0133DBB2E3724F
:10945000002B35D1A37A0133DBB2A372002B2FD1BD
:10946000637A0133DBB2637253BB237A0133DBB21D
:1094700023722BBBE3790133DBB2E37103BBA37926
:109480000133DBB2A371DBB963790133DBB2637102
:10949000B3B923790133DBB223718BB9E37801339C
:1094A000DBB2E37063B9A3780133DBB2A3703BB9DD
:1094B00063780133DBB2637013B92378013323700F
:1094C0003B4622460121404600F0AAFE8346002882
:1094D00093D0DAF80030484698472021034604A884
:1094E000002B18BF9B46FFF7F9FC10213846FFF709
:1094F000F5FC58460DB0BDE8F08F3A4641460023D2
:109500002046FFF781FEDFF868A000283FF46DAF2A
:10951000DAF8003048469847834600283FF465AFA4
:10952000E7E704A92046FFF7CBFD83460028D0D10A
:10953000236901332361CCE73A46414604A8FFF78B
:10954000D7FC834618B1DFF828A06F46C1E704A90D
:109550002046FFF7B5FD834600283FF444AFF2E70D
:109560006FF0370BC5E76FF0350BC2E7DC02002068
:10957000D80200202DE9F043202B8BB01D46064673
:109580008846914626D8DBB202AF8DF80480B046FB
:109590008DF8053058F8041B21B9404600F084FED0
:1095A000044640B901233360022201A9404600F07D
:1095B0008FFE044638B138462021FFF78FFC204645
:1095C0000BB0BDE8F0832A464946404600F080FED5
:1095D0000446F0E702AF1946104600233A4600F071
:1095E000FDFF04460028E6D12023B9461D46CCE7FE
:1095F000F0B5D0F8F830A7B0002BD8BF02AE2CDD04
:10960000D0F80C410546002302AE0193A4F10107F6
:10961000D0F80001D5F8FC4001AB90223146A047BC
:10962000B7FA87F77F09044610B9019B3BB9A7B188
:1096300030469021FFF752FC204627B0F0BD01468E
:1096400032462846FFF796FF50B9D5F80431019A03
:109650001344C5F80431002FEAD16FF03C04E7E76A
:109660000446204627B0F0BD70B50025044604F539
:10967000887614222946C0F8F850FC3002F0B3FE78
:1096800008222946304602F0AEFE154B30461B68D4
:109690009847204640F8045B00F0ECFD114B304643
:1096A0001B689847D8B9D4F8F830AB4211DC03EB0B
:1096B000830204EB82022021C2F808110121C2F8C2
:1096C0000C1101330849C2F80001C2F8FC10C4F8BB
:1096D000F830064B30461B68BDE87040184770BD37
:1096E000E0020020DC020020C5A00300D802002018
:1096F0002DE9F047202A88B079D83E4B00F58879CB
:109700001B68044648461746884698470546F8B9F8
:10971000D4F8F83040F20116002B64D02046FFF751
:1097200067FF054638B9D4F8F830002B14DC013E49
:10973000F2D16FF03B056E4620213046FFF7CEFB9D
:109740002D4B48461B689847002818BF6FF01D0531
:10975000284608B0BDE8F087D4E94132934203D3EC
:10976000D4F80C21012A02D0013ED7D1E1E71F2B0A
:10977000FAD96E4601462022304604F1040A02F06E
:1097800032FE3146504600F0CDFD05460028D3D1CB
:10979000504600F083FD504600F06CFD29465046CF
:1097A00000F082FD05460028C6D1504620223146F1
:1097B00000F08EFD05460028BED10346324620212A
:1097C000304600F00BFF05460028B5D1D4F8F8303C
:1097D000002BC4BF0023C4F804313A46404631464A
:1097E00002F0F6FDA8E76FF03F056E46A4E76FF0C4
:1097F0003B05ADE7DC020020D802002030B58DB07B
:109800000021282202A8019102F0EDFD02A800F03B
:109810000DFF044610B120460DB030BD174D4FF07E
:10982000FF31286800F044F9044620B11448FFF7DE
:1098300035FA012C18D0002000F06AF9D0B9114A8D
:1098400002A901A800F030FC0446012000F060F9F4
:1098500060B9286800F034F90028DCD00A48FFF726
:109860001DFA20460DB030BD0524F2E70748FFF78A
:1098700015FAEEE70648FFF711FAE0E7C402002008
:10988000A4520400904B0020FC520400DC5204005F
:10989000BC52040030B583B000F05CF828B100F091
:1098A000ABF80324204603B030BD00F077F8D8B9F8
:1098B00000F02EF9E0B9224CD4F828391B0EF02B19
:1098C0000AD1D4F8242A1F4B9A4231D000F044F830
:1098D000072400F091F8E5E700F03EF800F08CF87E
:1098E0000624204603B030BD0424204603B030BD1A
:1098F00000F032F800F080F8FFF780FF044698B9D6
:10990000114D2B68002BCDD102460146FFF7EAF935
:1099100050B90E4901AB6822FFF714FA20B90C4B7D
:109920002B60204603B030BD0524204603B030BD77
:10993000012000F0EDF80028DAD1C4F80C0ADBE7CA
:1099400000B002500000E020B04D0020B44D0020D7
:109950005AEA5A5A0020704700207047430504D540
:10996000044B4FF0FF32C3F80821024BC3F8080A3A
:10997000704700BF00B00250014BC3F8040A7047A3
:1099800000B0025008B100F06BB84FF4750070479A
:1099900008B100F04FB84FF47500704710B511488A
:1099A00000F072F800B110BD0F4800F06DF800280B
:1099B000F9D10E4C204600F067F80028F3D10C4B8B
:1099C0000C481C6000F060F801460028EBD100F064
:1099D0002DF8044608B1204610BD00F07BF8204663
:1099E000FAE700BFD4020020D0020020CC02002001
:1099F000C4020020C802002008B5084800F04EF854
:109A0000074800F04BF8074800F048F8064800F017
:109A100045F8BDE8084000F00BB800BFD4020020B4
:109A2000D0020020CC020020C80200200020704795
:109A3000704700BF10B4094C0246D4F8003A1342F4
:109A4000FBD021B1D4F804310B60C4F80831034BCA
:109A5000C3F8082A00205DF8044B704700B002509C
:109A6000044AD2F8003A1842FBD0C2F8080A002093
:109A7000704700BF00B0025002F093BC02F0B3BCCC
:109A80000A46002102F0AFBC08B5034B02681B6810
:109A900010689847002008BD9002002008B5034BCD
:109AA00002685B6810689847002008BD900200209B
:109AB000024B02689B681068184700BF90020020A4
:109AC00008B5034B0268DB6810689847002008BDA2
:109AD0009002002070B5094C094D2069AB68984789
:109AE00018B1084B08485B689847084AEB6820693A
:109AF00000211160BDE87040184700BF7C020020C3
:109B00009002002074020020145304001C4E002018
:109B1000F8B51A4D1A4E0446B26828699047E8B95C
:109B2000184F3B684CB1A3B1012B19D0013B3B60EE
:109B30002869F36898470020F8BD43B9124A01210B
:109B4000C2F800151149D1F81029002AFBD10133C0
:109B50003B60F368286998470020F8BD0C48F8BDC1
:109B60000A4AD2F81039002BFBD1074A6FF07E4029
:109B7000C2F80035FFF700FF3B68D7E77C02002002
:109B8000900200201C4E002000A0025000B00250A5
:109B9000E98FFFFF014B1B68184700BF90020020B0
:109BA000014B9B68184700BF90020020014BDB6807
:109BB000184700BF900200202DE9F047002878D018
:109BC0000C46002975D01D46002B72D007461AB1ED
:109BD000012200232A6003602B68002B64D02946F1
:109BE000204600F0DBFD804600285FD12868214632
:109BF00000F0BAFD8046002858D12B68082B6CD0A5
:109C0000042B6DD0A3F10209B9FA89F94FEA591969
:109C1000354E0121C6F8C411C6F84011C6F8C4116A
:109C2000636AC6F83031D6F830219342F6D14FF04E
:109C3000000A4FF0FF30C6F82CA1FFF78FFE6FF03F
:109C40001B03C6F800315046FFF796FEC6F80C918C
:109C5000D6F8040A40F48060FFF78EFE0A23C6F8A7
:109C60003831089B012B29D02369204AA2FB03230A
:109C70001B09626A02FB03F303EB43031A4ADB038B
:109C80009B09C2F8D8310123C2F82C313B682A68FD
:109C900023F07F4343EA02633B602A6843EA0223DE
:109CA0003B604046BDE8F087DFF844804046BDE8B1
:109CB000F087DFF840804046BDE8F0874FF08053E2
:109CC000D3F80C2C013206D0D3F80C3C074AA2FB87
:109CD00003231B09CDE71623CBE74FF0030997E7D2
:109CE0004FF0020994E700BF00B00250ABAAAAAA45
:109CF000310CF100350CF10050B34B1EB3F5047F6D
:109D000026D24FF0000C30B5CD00E646644663091C
:109D100004F01F0150F823301F2923FA01F306D065
:109D200003F001031CB901249E46A446EFE79E45BB
:109D300004F1010406D09E464FF0010CAC42E6D17E
:109D4000002030BD0CF1010C9445F7D1014830BD25
:109D500000487047360CF100C8B32DE9F0434C1EA3
:109D6000B4F5047F1CD2DBB1D2B14FF0000ECF00AE
:109D70007646F046754603F1FF396C0905F01F0180
:109D800050F824401F2924FA01FC0CD00CF0010CDF
:109D90004DB90126E0463546B646EEE7964218D95B
:109DA0000D48BDE8F08373450CD0C44508BF0136AB
:109DB000F145F3D00EF1010E0135BD42DDD1002099
:109DC000BDE8F0834FF0010EE0467646F4E7024826
:109DD00070479E46F0E700BF370CF1002DE9F04FC9
:109DE00091B00D46DDE91B41824600296ED12869FC
:109DF00006901A981C6000230360002A00F02E8150
:109E00009C4B6A6AD3F83811D3F830319A4269D141
:109E10000A2967D19AF80330089304F108030699D8
:109E20000793954B934CA3FB01239B0803EB430340
:109E3000A1EB43030393042305931A9B069E1E6024
:109E4000002E00F0E980002700F0B8FC0997BAF175
:109E5000000F00F0D580DDF81C804FF00109002DC7
:109E600000F0CE80089B002B3ED008A9284600F0C9
:109E700095FC00283AD0814B984220D0089B082BB3
:109E800000F0E4805B0000220893009208AB2946B2
:109E90005046FFF791FE7A4B984200F0D38070B99C
:109EA000DAF80020130A03F47F03134323F07F43FF
:109EB000CAF80030059B013B0593BED100200390FA
:109EC00000F07CFC039811B0BDE8F08F4FF080509B
:109ED000D0F80C6C013614BFD0F80C0C4FF40470A1
:109EE000069086E76748EAE76548C4E70898294688
:109EF00000F03AFC0028BED1089B082B00F0A88097
:109F0000042B00F0A880A3F10203B3FA83F35B09EA
:109F10000493C4F8C491C4F84091C4F8C4916B6A26
:109F2000C4F83031D4F830219342F6D14FF0000B11
:109F3000C4F82CB14FF0FF30FFF710FD6FF01B039A
:109F40005846C4F80031FFF717FD049BC4F80C31E4
:109F5000D4F8040A40F48060FFF70EFD0A23C4F829
:109F600038312B69ABF1553BABFB03236A6A1B0904
:109F700002FB03F303EB4303DB039B09C4F8D83173
:109F8000C4F82C91DAF80030089923F07F420B02D4
:109F900043EA01631343CAF8003009A800F0D4FB78
:109FA000099B03F01A0303437FF468AFABFB063B46
:109FB000D4F814310A93D4F818310B93D4F81C3127
:109FC0000C93D4F820310D93D4F824310E93D4F8A7
:109FD00028310F93B7EB9B0F01D1039B93B94046F8
:109FE00018220AA9183EFFF747FD08F118080137A3
:109FF00096B100F0E3FB00230993002D7FF432AF0C
:10A00000214838E74046F61A1A460AA9984401370B
:10A01000FFF732FD002EECD1069F079E6A69394694
:10A020003046FFF769FEAA6940B94FF480633946AC
:10A030003046FFF791FE00283FF440AF1A9A002304
:10A04000136018E72B6A002B3FF439AF0F4836E74F
:10A05000032304935DE7022304935AE7009108ABBE
:10A06000012229465046FFF7A7FD00283FF4D5AE50
:10A0700025E700BF00B00250ABAAAAAA020CF1006B
:10A08000310CF100300CF100350CF100320CF10014
:10A0900010B4DDE901340194039C0294002403947C
:10A0A0005DF8044BFFF79ABE10B586B005AB0124EE
:10A0B000CDE901240093002204ABFFF78FFE06B028
:10A0C00010BD00BFF0B587B0002966D01E46002B3A
:10A0D00063D01446002A60D0314F0D4638684FF0E7
:10A0E000FF31FFF7E5FC00284DD10020FFF710FD00
:10A0F000002844D12B4800F099FA0346D8B101203A
:10A100004FF0FF35FFF704FD002834D126484FF407
:10A110000871FEF7D9FE25480421FEF7D5FE214837
:10A120002821FEF7D1FE3868FFF7CAFC00282ED19F
:10A13000284607B0F0BD1C4A029205AA019204AA63
:10A1400003900092174919481A46FFF7A1FF0346EA
:10A150000028D4D128461D46059B04999C422246DE
:10A1600028BF1A4632600831FFF786FC0120FFF74E
:10A17000CFFC0028CAD00E48FEF790FDC6E70D4878
:10A18000FEF78CFDB6E70C48FEF788FDADE70B48FF
:10A19000FEF784FD284607B0F0BD4FF0FF35C7E756
:10A1A000C4020020244E00204C4E0020204E0020EF
:10A1B000DC520400BC520400A452040034530400D6
:10A1C00010B5044630B1002201236265A265E36543
:10A1D000236610BD0148FEF761FDF4E74C5304000F
:10A1E00018B174220021FFF749BC704790B1A1B1AA
:10A1F00010B5802A4FF00004846380F83C4006D1FB
:10A20000102204631044FFF737FC204610BD6FF0A6
:10A210001F0010BD6FF0210070476FF01F007047E6
:10A2200028B322B31BB3012921D870B50446816B32
:10A2300086B017D0012917D1102500210DEB050696
:10A24000616310460095019602AA294600F0C2FA01
:10A2500050B92B46324602A9204600F043FD18B9FA
:10A2600006B070BD0029E7D06FF02100F8E76FF06D
:10A270002100704710B5044628B12046F421BDE8FE
:10A280001040FFF7FDBB0448FEF708FD2046F4210F
:10A29000BDE81040FFF7F4BB6053040010B1F42197
:10A2A000FEF712BE704700BF08B521B1012908D0E2
:10A2B0006FF0360008BD012100F058F80028F7D1F2
:10A2C00008BD022100F052F80028F9D0F0E700BFE5
:10A2D00030B505468818B0F5801FA1B00B4614466E
:10A2E00001D8802A0CD9B3F5801F17D92246194608
:10A2F000284600F07DF8044684B9204621B030BDE0
:10A300006846FFF7B9FB22466946284600F070F818
:10A31000802104466846FFF7B3FBEDE76FF0360493
:10A32000EBE700BF70B5E8B10E46D9B1044600F0C6
:10A3300031F80546B0B92368012B0BD0022B01D0B0
:10A34000284670BD1C2204F108013046FFF794FB3B
:10A35000284670BD202204F108013046FFF78CFB2F
:10A36000284670BD6FF03605EAE700BF78B138B512
:10A3700004460D46F021FFF783FB40232560E3658B
:10A38000204600F05BFA003818BF012038BD0120DC
:10A39000704700BF70B5056EA4B0044604AEE5B9C1
:10A3A0000122002362603046CDE9003302AA29462B
:10A3B00000F010FA10B1012024B070BD2A4602A9A5
:10A3C000204600F063FA0028F5D1204600F074FB27
:10A3D0000028F0D1206624B070BD802D2A4600F1FF
:10A3E000640128BF80223046FFF746FB256ED7E781
:10A3F000002800F0AE802DE9F04F1446A5B0002AE9
:10A400003DD00F46002949D0B2F5803F0546006E89
:10A4100020D34FF6FF7805F1640AEB6D1A1AB2FBF0
:10A42000F3F103FB1122002A65D18342B9464FF6AE
:10A43000FF7672D0B6FBF3FB03FB0BFBBBF1000F07
:10A4400030D1002E45D1A4F57F44FF3CB4F5803FC8
:10A450004744E2D2EA6D161AB6FBF2F302FB13662A
:10A46000A64228BF2646002E75D1824200F08D807C
:10A47000B4FBF2F602FB06F62EB9002C79D10020CF
:10A4800025B0BDE8F08F0023CDE9003302AA3146A4
:10A49000384600F09FF9002800F09580012025B093
:10A4A000BDE8F08F0023CDE9003302AA59464846A3
:10A4B00000F090F90028F1D102A95A46284600F090
:10A4C000E5F90028EAD1A6EB0B06286ED944002E48
:10A4D000B9D01930494605EB80003246FFF7CCFA77
:10A4E000A4F57F44286EFF3C3044B4F5803F4744D8
:10A4F000286692D2AEE7424528BF424650443946CC
:10A500001646FFF7B9FA286EEB6D3044834207EB2D
:10A5100006092866A8EB06068CD1802B28BF80236D
:10A520001A46514604A8FFF7A7FA0023CDE90033E5
:10A5300002AAE96D04A800F04DF90028AED1EA6D39
:10A5400002A9284600F0A2F90028A7D1EB6D2866E1
:10A5500070E70120704705F164033946324618441C
:10A56000FFF78AFA286EEA6D3044A41B3744286648
:10A570007BE72B6E193305EB830022463946FFF744
:10A580007BFA2B6E23442B6679E7802A28BF802232
:10A5900005F1640104A8FFF76FFA0023CDE9003349
:10A5A00004A8E96D02AA00F015F900287FF476AF3F
:10A5B000EA6D02A9284600F069F900287FF46EAF21
:10A5C000EA6D286654E702A93246284600F05EF993
:10A5D00000287FF463AF3744A41B4EE7F8B51C4650
:10A5E000054611480E461746FFF744FE21460E4821
:10A5F000FFF75AFE044620B10B48FFF74FFE2046F6
:10A60000F8BD094832462946FFF762FE0446002895
:10A61000F2D139460448FFF785FE04460248FFF7A9
:10A620003DFE2046F8BD00BF6C50002030B583B021
:10A630001C2301A90546019300F032F8044638B9FD
:10A64000019B1C2B07D0144C1C212846FFF718FA3D
:10A65000204603B030BDD5E90112131E18BF0123F7
:10A6600000392A6818BF01219B0043EA4103002AF0
:10A6700018BF43F00103EA680120E8612AB9C5E97F
:10A680000834002BE4D1054CDEE743F008032046F4
:10A69000C5E9083403B030BD370CF0000E0CF000F3
:10A6A00018B111B10B681C2B01D0012070474FF07D
:10A6B0008053D3F8102C013214BFD3F8102C41F280
:10A6C0005C224FF080530260D3F8142C013214BF87
:10A6D000D3F8142C41F664124FF080534260D3F843
:10A6E000182C013214BFD3F8182C40F6D8624FF062
:10A6F00080538260D3F81C2C013214BFD3F81C2C79
:10A7000041F288324FF08053C260D3F8002C0132FE
:10A7100014BFD3F8002C90224FF080530261D3F87D
:10A72000042C013214BFD3F8042C51224FF0805373
:10A730004261D3F8082C013214BFD3F8083C40F230
:10A74000373383610020704708B501464FF48060BD
:10A75000FFF71EF9034B0022C3F8C821C3F82C21D0
:10A7600008BD00BF00B002500138072805D8DFE857
:10A7700000F0100E040A0404040607487047CB6872
:10A780004B62002070478B684B62002070474B681B
:10A79000F6E70B68F4E700BF310CF1000B6802E04C
:10A7A000082B0B6006D8026A13424FEA4303F7D026
:10A7B0000020704700487047310CF100044B002224
:10A7C000C3F82C214FF48060C3F8C421FFF7C6B84A
:10A7D00000B00250F0B583B01D46B0F1005F4FF0FD
:10A7E00000038DF8073024D38C468444BCF1804F9D
:10A7F00004461ED817460DF10703012200F064FE3F
:10A800000646B0B9099A9DF807303C603B7192B199
:10A810004DB1024608990DF10703284600F054FE99
:10A8200038B99DF80730099A30461560137103B0A6
:10A83000F0BD4FF47506304603B0F0BDD8B108B591
:10A840000368012B04D0022B0FD043B10B4808BD85
:10A850000B4920220830FFF70FF9002008BD0949F5
:10A8600014220830FFF708F9F7E7074920220830DB
:10A87000FFF702F9F1E74FF4730070470100F300AE
:10A8800070530400B0530400905304002DE9F843C2
:10A89000002900F0F9800446002800F0F9800368E0
:10A8A00090460F46002B00F0C380013B012B00F2C5
:10A8B000D78079484FF0FF314FF00209FFF7F8F8E1
:10A8C000002840F0BF800020FFF722F9064600284C
:10A8D00040F0C280714AD2F81C39002BFBD16F4D79
:10A8E000D5F8203C002BFBD14FF0FF30FFF736F8B6
:10A8F000D5F8040A20F04000FFF73EF801230722B4
:10A90000C5F81838C5F80029C5F8C437A36CC5F8D0
:10A91000CC37E36CC5F8D037C5F8C09723685BB176
:10A92000013B012B18D8636AC5F85C36236AC5F869
:10A930005836E369C5F85436584BA269C3F8502617
:10A940006269C3F84C262269C3F84826E268C3F856
:10A950004426A268C3F84026504AD2F81039002B8A
:10A96000FBD1B8F1000F5FD06368012B08BFC2F8BC
:10A9700084364A4B3A68C3F8282C4020C3F82C8C04
:10A98000FFF700F80646454AD2F81039002BFBD1F4
:10A99000424AD2F8203C002BFBD123685BB1013B3B
:10A9A000012B18D8D2F85C366362D2F8583623628D
:10A9B000D2F85436E361394BD3F85026A261D3F86C
:10A9C0004C266261D3F848262261D3F84426E2601F
:10A9D000D3F84036A360314AD2F8CC17A164D2F83C
:10A9E000D017E16400230121C2F8C417C2F88436ED
:10A9F000C2F8C837D2F81039002BFBD1C2F818388A
:10AA0000002E3BD1254BD3F8040A40F04000FEF75E
:10AA1000B3FF0120FFF77CF860BB1F48FFF750F839
:10AA200010BB3046BDE8F8830423C2F8C837AAE754
:10AA300019484FF0FF314FF00109FFF739F80028AE
:10AA40003FF441AF1648FEF729F90020FFF760F800
:10AA5000064600283FF43EAF1248FEF71FF939E7DB
:10AA6000114E3046BDE8F8831048FEF717F930461E
:10AA7000BDE8F8830E48FEF711F9CEE7102104F186
:10AA80000800FEF7FDFFBDE70A4E3046BDE8F8833B
:10AA90004FF47306C5E700BFD402002000B0025097
:10AAA000A4520400BC5204000100F300FC52040054
:10AAB000DC5204000300F30098B370B4D0E9024103
:10AAC000D0E9042326BA0DBA14BA19BAD0E906237C
:10AAD00012BAC0E904418261D0E90842C0E90265C6
:10AAE0001BBA25BAC0E9073514BAD0E90B23816A2D
:10AAF00012BA09BAC0E90941C262D0E90D421BBAD3
:10AB000025BAC0E90C3514BAD0E91023C16B12BACA
:10AB100009BA1BBAC0E90E41C0E91023002070BC7D
:10AB200070474FF473007047002847D090F83C30CE
:10AB3000002B34D0032B10B513D02248224C2268AE
:10AB4000224B1268C3F8002422685268C3F8042418
:10AB500022689268C3F808242268D268C3F80C24DB
:10AB600010BD016B006C184C00F0A8FB0028E6D16A
:10AB70002268164B1268C3F8002422685268C3F892
:10AB8000042422689268C3F808242268D268C3F8B3
:10AB90000C2400F0A1FB0028D1D1002010BD0B4BEC
:10ABA0000269C3F800244269C3F804248269C3F827
:10ABB0000824C269C3F80C24002070474FF47100C8
:10ABC000704700BF0900F100C002002000B0025031
:10ABD000374A38B50446D2F81039002BFBD1344A35
:10ABE000D2F87034002BFBD1314AD2F8203D002B33
:10ABF000FBD12F4AD2F8203C002BFBD12C4AD2F8B3
:10AC0000383D002BFBD12A4DD5F8383C002BFBD129
:10AC10004FF0FF30FEF7A2FE636BD5F8040A23F075
:10AC20000403032BE36D39D0012B0CBF20F080000F
:10AC300020F02000FEF7A0FE1D4A0123C2F80039D3
:10AC4000D2F81039002BFBD1194AD2F87034002BFE
:10AC5000FBD11749C2F8BC34D1F81039002BFBD115
:10AC6000134AD2F87034002BFBD1626B22F004013E
:10AC7000032918BFA36B0E494FEA820218BF03F0E5
:10AC8000010302F01C021A43C1F8C024636B072BB6
:10AC900004BF0123C1F87C34002038BD012B0CBF58
:10ACA00020F0400020F01000FEF766FEC4E700BF71
:10ACB00000B00250094A0A4B11680968C3F8001431
:10ACC00011684968C3F8041411688968C3F8081446
:10ACD0001268D268C3F80C24704700BFC00200207D
:10ACE00000B002502DE9F04F85B0002900F0EC8053
:10ACF0009046002A00F0E8800546002800F02981EF
:10AD00009946C36D0E46002B52D1B9F5805F54D2DF
:10AD100095F83C30042B00F0FF800027AD484FF041
:10AD2000FF31FEF7C5FE002840F0D5800020FEF779
:10AD3000EFFE002840F0D880A7480123C0F8103863
:10AD4000D0F81049002CFBD16B6B032B3ADC002BA5
:10AD50003BDAA24CA04AD2F81039002BFBD1002FCD
:10AD600040F0D1806B6BEA6D23F00403032B9A4B08
:10AD7000D3F8040A00F09F80012A0CBF40F0800045
:10AD800040F02000FEF7F8FD934B0022C3F8102896
:10AD90000120FEF7BDFE002840F0B1808D48FEF78F
:10ADA0008FFE002840F0A480204605B0BDE8F08F5B
:10ADB000012BADD1B9F5803FAAD3894C204605B00F
:10ADC000BDE8F08F063B012BC3D8AB6B012B00F223
:10ADD000BE80EB6D012B7CD82B6E012B00F2E8803E
:10ADE0002846FFF7F5FE04460028B3D12846FFF7B2
:10ADF0009BFE04460028ADD16B6B072BA9D801221E
:10AE00009A4012F08A0F40F0D58012F0440F40F0C3
:10AE1000BA80D2079DD523F00403032B32680DD0EE
:10AE20002B6ED8F80010012B6B4B0BBFC3F8281DFD
:10AE3000C3F8301DC3F82C9DC3F8349DEB6D012B76
:10AE4000654B0BBFC3F8282CC3F8302CC3F82C9CDF
:10AE5000C3F8349C6B6B23F00403032B00F0A28037
:10AE60002B6E012B14BF20208020FEF78BFD0446A3
:10AE700000287FF46FAF584BD3F81049002CFBD15A
:10AE8000696B072914D801228A4012F08A0F40F01A
:10AE9000BB8012F0440F0BD0D3F860242A60D3F8A3
:10AEA00064246A60D3F86824AA60D3F86C34EB6039
:10AEB0000123AB654EE7012A0CBF40F0400040F093
:10AEC0001000FEF759FD5FE7464C204605B0BDE88F
:10AED000F08F454C3EE74548FDF7E0FE0020FEF7C9
:10AEE00017FE00283FF428AF4148FDF7D7FE23E7BF
:10AEF0004048FDF7D3FE204605B0BDE8F08F3E4840
:10AF0000FDF7CCFE4AE7042385F83C30202105F10B
:10AF10001000FEF7B5FD25E7296B286C00F0C0F99D
:10AF200098B9364F2C4C3B681B68C4F800343B681A
:10AF30005B68C4F804343B689B68C4F808343B6819
:10AF4000DB68C4F80C34296B31B10127E6E62C4CE0
:10AF500000E74FF4710427E72B6D0193EB6C00932E
:10AF600005F1100A4FF0100BCDF808A0CDF80CB089
:10AF7000D5E91123286C00F0B9F9002851D100233C
:10AF800085F83C30E1E7144B2A68C3F860246A680E
:10AF9000C3F86424AA68C3F86824EA68C3F86C2478
:10AFA0006B6B38E7EB6D012B14BF102040205CE782
:10AFB000144CCFE6084B2A68C3F840246A68C3F8EB
:10AFC0004424AA68C3F84824EA68C3F84C246B6B8D
:10AFD00021E700BFD402002000B002500100F100C0
:10AFE0000500F1000B00F1000300F100A452040081
:10AFF000BC520400FC520400DC520400C0020020D9
:10B000000200F1000400F100D3F840242A60D3F8D4
:10B0100044246A60D3F84824AA60D3F84C34EB6027
:10B0200046E73B681B68C4F800343B685B68C4F8BB
:10B0300004343B689B68C4F808343B68DB68C4F898
:10B040000C3459465046FEF71BFD98E72DE9F041B8
:10B0500009B302B30446002800F0AF801D46436BDD
:10B06000072B0E461BD05DB9032B10D1836D73B92E
:10B0700000F1640345668566C56605670B601025AB
:10B080002B4631462046BDE8F041FFF72BBE2F4648
:10B090003846BDE8F081764F3846BDE8F081C36D93
:10B0A000002B40F08D80B5F5805F80F090801DB959
:10B0B000A36D002B40F08B806E484FF0FF31FEF700
:10B0C000F7FC002840F08F800020FEF721FD0028CB
:10B0D00040F08580684A0123C2F81038D2F8103950
:10B0E000002BFBD1636B032B4FDD063B012B4ED8AE
:10B0F000A36B012B6DD8E36D012B78D8236E012B48
:10B1000077D82046FFF764FD0746002840D1204647
:10B11000FFF70AFD074600283AD1626B072A36D8A6
:10B120000123934013F08A0F40F0818013F0440F05
:10B130006FD1DB072BD5504B0122C3F87C24C3F819
:10B14000BC543168002D56D1A16D09B9C3F824252E
:10B15000494BD3F81079002FFBD1616B072917D821
:10B1600001228A4012F08A0F6FD112F0440F0FD0E3
:10B17000D3F860242260D3F864246260D3F8682492
:10B18000A260D3F86C34E36002E0002BB0DA3B4FEE
:10B19000394AD2F81039002BFBD1C2F810380120FF
:10B1A000FEF7B6FCB8B93348FEF78AFC00283FF436
:10B1B0006FAF3348FDF772FD6AE74FF4710767E739
:10B1C000012B7FF474AFB5F5803FFFF470AF2D4FC6
:10B1D0005EE72D4FDCE72D48FDF760FDE3E72C48E7
:10B1E000FDF75CFD76E72B48FDF758FD6CE72A4F2D
:10B1F000CEE72A4FCCE7E26D012A33D0C3F8301CEA
:10B200001020C3F8345CFEF7BDFB074600289FD032
:10B21000BEE7194B2268C3F860246268C3F864244F
:10B22000A268C3F86824E268C3F86C2483E7124B71
:10B230002268C3F840246268C3F84424A268C3F8B3
:10B240004824E268C3F84C2475E7D3F84024226010
:10B25000D3F844246260D3F84824A260D3F84C3475
:10B26000E36095E7C3F8281C4020C3F82C5CCAE7CC
:10B270000B00F100D402002000B002500100F100E8
:10B28000FC5204000500F1000200F100DC52040051
:10B29000BC520400A45204000300F1000400F100B9
:10B2A00029B9044B002814BF1846002070470248F3
:10B2B000704700BF0100F7000300F70029B9044BF5
:10B2C000002814BF1846002070470248704700BF8E
:10B2D0000100F7000300F700034B00200122C3F830
:10B2E000380AC3F87824704700B002502DE9F047BF
:10B2F000CCB00024579DDDF8588182468946164619
:10B30000214674220EA81F4601F06DF880222146C6
:10B310002CA82B9401F067F88423B5F57F6FCDE955
:10B320000A44CDE90C44059363D8FFF7C3FC05AB91
:10B3300030462BAE01930295DDE954233946009641
:10B3400000F062F800284FD103238DF813309DF8E8
:10B3500013308DF87430072300221C9010210EA8A2
:10B360001B9301240123CDE92423CDF86890CDF867
:10B3700078A026940DF12009FEF782FB102200929E
:10B380000599CDF804900AAB304606AAFFF722FAD9
:10B39000074670B11DE00EA908EB0700FEF76CFB35
:10B3A00010210EA8FEF76CFB0134AD1B3744E4B24C
:10B3B00024D0102D4A46059B8DF8AC4006A90EA856
:10B3C0002E4628BF1026FFF741FE32460028E2D065
:10B3D00007460EA874220021FEF750FBFFF76AFC17
:10B3E00038464CB0BDE8F087054F38464CB0BDE854
:10B3F000F087044F38464CB0BDE8F0872F46E8E7A9
:10B400000E00F1000F00F1002DE9F04182B01E4660
:10B410000A9D0023B5F57F6F01933ED8ED00B5F589
:10B42000807F174601F1FF3234BF032304233F2AF4
:10B430000C46009331D880B366BB089A6AB3099A68
:10B44000116851B3A2191344994226D3089B0146AF
:10B450002246581CFEF710FB089B04F102081C440E
:10B460000023637026BB089B0095FF2D03EB0800AB
:10B4700017D92B029BB243EA1523022201A901939B
:10B48000FEF7FAFA08F10203099A0020136002B0ED
:10B49000BDE8F0810FB1402ECFD90A4802B0BDE817
:10B4A000F08101226946FEF7E7FA08F10103EBE7B4
:10B4B000089B324603EB08003946FEF7DDFAB0443C
:10B4C000D1E700BF0600008000201870704700BF61
:10B4D000704707B504210DEB010000F0A6FF0198AD
:10B4E00003B05DF804FB38B53421054607F059FE7A
:10B4F000002343600378044633B1072B16D1007A4A
:10B50000BDE83840CAF738B9027A837A062A08D1EA
:10B5100083B9007B0038BDE8384018BF0120CAF766
:10B52000F7B9082A06D12BB98089E9E72846D0F770
:10B5300011FD10B96FF01E03636038BD836800EB26
:10B54000C101B3F5004F2CBF51F8220031F81200B1
:10B55000704700EBC1018068B0F5004F2CBF41F887
:10B56000223021F81230704708B50122FFF7E6FFBC
:10B57000D04008BD8368B3F5004F00EBC10108D38C
:10B580004B681AB143F001034B60704723F001038D
:10B59000FAE74B881AB143F001034B80704723F060
:10B5A0000103FAE753000122FFF7D3BF8368B3F525
:10B5B000004F34BF04230823C91A081AC008704773
:10B5C000B0F5004F34BF042308230731C818C00862
:10B5D000704708B50A460121FFF7F2FF0132121A3F
:10B5E000B2FA82F0C0F11F0008BD2DE9F041174604
:10B5F00003220E460446FFF7A1FF8642054607F1E7
:10B6000004080AD1E3680122BA4023EA0203E36096
:10B61000002344F82830BDE8F0813146022220465C
:10B62000FFF78CFF2B460646014644F8285020467B
:10B630000322FFF78EFF3346294620460222BDE84B
:10B64000F041FFF786BF70B50D4686680446FFF7E8
:10B650008BFFB6F5004F014601D3012809D03046D3
:10B66000FFF7B7FF294602462046BDE87040FFF7C6
:10B67000BCBF70BD2DE9F047054680688846FFF7DE
:10B68000A8FF05EB800A0646DAF81090B9F1000F22
:10B690001BD00327DAF8104028462146FFF764FF45
:10B6A000404507D3324621462846FFF79EFF2046F5
:10B6B000BDE8F087032221462846FFF73FFF013F00
:10B6C000CAF8100001D08145E4D1EB6801364FF093
:10B6D000FF34B4401C40EAD094FAA4F2B2FA82F2E9
:10B6E000131D55F82340DEE72DE9F04114460546C9
:10B6F0000E46FFF739FFA4EB0608371B0744424606
:10B7000031462846FFF74EFF3A4621462846FFF7C6
:10B7100049FF4346002221462846FFF71AFF2146EB
:10B720002846FFF721FF3B46211800222846BDE8A6
:10B73000F041FFF70EBF2DE9F041164604460F46D3
:10B74000FFF712FF314605462046FFF70DFF05447F
:10B750002A4639462046FFF725FF31462046FFF7A7
:10B7600003FF2B46311800222046BDE8F041FFF7C9
:10B77000F0BE2DE9F0410D4686680446FFF7F4FE61
:10B78000B6F5004F014601D3012832D03046FFF70D
:10B7900020FF04EB80010E6996B9E3680122824024
:10B7A0001343E36002220D612B4629462046FFF732
:10B7B000D0FE032229462046BDE8F041FFF7C9BE6E
:10B7C000022231462046FFF7B9FE294603460746C6
:10B7D0002046FFF7BEFE0322334629462046FFF7E8
:10B7E000B8FE39462B462046FFF7B3FE022231460B
:10B7F000E1E7BDE8F081F8B50C460546FFF7B4FE79
:10B800002618012231462846FFF798FEC3070CD4BC
:10B8100031462846FFF717FF21462846FFF7A4FECA
:10B82000214622182846FFF786FF00222146284697
:10B83000FFF784FE271A012239462846FFF77EFECD
:10B8400010EA020613D139462846FFF7FCFE2146CE
:10B8500032462846FFF772FE2246211A2846FFF795
:10B860006AFF214632462846FFF768FE241A214621
:10B870002846BDE8F840FFF77CBF70B5066809B9F7
:10B88000002070BDB068B0EBD10FF9D9FFF798FE7A
:10B89000014605463046FFF7EDFE04460028EFD08E
:10B8A00001463046FFF760FEA84209D925442146EB
:10B8B00030462A46FFF718FF29463046FFF759FF62
:10B8C000304601222146FFF755FEB368B3F5004F1D
:10B8D00034BF0423082303EBC4031844D1E700203A
:10B8E000704730B58A680C68551C14B14B68934298
:10B8F00001DC8D6030BD013B934208BF00228D60AA
:10B900000CBFE254A054F5E70FB407B504A951F8F1
:10B91000040B0191CAF7AAFB03B05DF804EB04B075
:10B9200070470CB407B504AB53F8042B0193CAF766
:10B93000B1FB03B05DF804EB02B07047044608B5F4
:10B94000084611461A46A047E1F76CFCCCF73AF9D5
:10B95000D0E9002130B54FF03333A2FB0324D518D2
:10B9600043EB0405A1FB0313521844EB03045219E3
:10B9700044F10002891843F10003C0E9001330BD0F
:10B9800010B50A68002A03460FDD013A0A601A68FA
:10B9900044680A20A2FB001200FB0422100F22F0D0
:10B9A0007042C3E90012303010BD3020FCE72DE9B1
:10B9B000F84F9A46D3786F2B80460F461546A3F171
:10B9C000410B29D024D8582B0CBF10260A26DDF8AD
:10B9D00028903246002340463946C4F723FC092A02
:10B9E000D4B21ED83034B045E4B277F1000709F87C
:10B9F000014D01D3D14511D82B789B0605D5082ED2
:10BA000015D1AB7843F00803AB704846BDE8F88F1A
:10BA100003F0F703702BD7E70826D8E780460F46D8
:10BA2000D7E7BBF1190F94BF37345734DBE7102E3B
:10BA3000EBD1AB7843F01003E6E72DE9F041074680
:10BA4000884615461E461446B44205D30EB1601B07
:10BA500008E02378002BFAD014F8010B4146B847D0
:10BA60000028F1DABDE8F081002383F31188BFF3E9
:10BA70006F8F0423184602DF70470FB407B504A97F
:10BA800051F8040B0191CAF7F1FA03B05DF804EB29
:10BA900004B07047036800220BB9184670478B4208
:10BAA00010D10B6842B942680360914200D14360F3
:10BAB00000230B600120704713604368994208BF60
:10BAC0004260F5E71A461B68E6E7838B13F007032D
:10BAD00005D10368002B0CBF002003207047022B08
:10BAE00005D1C08BB0FA80F0400980007047012B6F
:10BAF00005D10368002B0CBF0020052070470020F3
:10BB0000704710B50C4600B111B96FF0150010BDAB
:10BB1000081D00F02FF80028F9D1A368032BF6D9EF
:10BB2000F3E72DE9F0410D4607461946281D9046DA
:10BB30001E46CAF7CFFD044638B133464246294671
:10BB40003846A446BDE8F0416047BDE8F08138B50D
:10BB50000C46054658B151B10B6843B14B6833B13F
:10BB60002022002100F03FFC2C61002038BD6FF046
:10BB70001500FBE7034640B1426802F00302022AC7
:10BB800006D0032A04D0012A05D06FF015007047B3
:10BB90001A68002AF9D0002098607047704770B486
:10BBA00006688489806A0D0C16FA81F105FB041180
:10BBB00084682468A44670BC60472DE9F0431C46A5
:10BBC000C36A1D686D4289B006468846174605F06F
:10BBD00020051CB9204609B0BDE8F083AC42A1465F
:10BBE00028BFA9464B466A4641463046FFF7D7FF75
:10BBF0000028F0D16B46484502D1241A8044E8E77A
:10BC000013F8012BBA4201D10130F4E70120E2E739
:10BC100038B5828903680D0C090C04462D04806A2E
:10BC200002FB013183689B68984750B9E26AA38997
:10BC3000127929462046FFF7C0FF002818BF6FF091
:10BC4000050038BD0B6803F580330B60C0891A0C02
:10BC5000B0EB134F04BFA3EB02430B60704710B56A
:10BC6000014604460722FF20CAF7A4F8E07110BD80
:10BC70000378012B81BF01F1FF31C9185B421940E4
:10BC80000846704770B50C4605460821C06AFFF7A4
:10BC9000EFFF072206462146FF20CAF78BF8E3791B
:10BCA000834207D1AA896388901B83422CBF00205E
:10BCB000012070BD0020FCE738B505460C46FFF7B3
:10BCC000E1FFA0B1A08898B922884FF6FF739A428D
:10BCD0000DD1E86A0821FFF7CBFF6288AB899B1A78
:10BCE000B3FBF0F202FB1030B0FA80F0400938BD2F
:10BCF0000020FCE7F7B504460D46C06A0821FFF7AF
:10BD0000B7FF2968074608232046FFF748FF064685
:10BD1000002836D12B683B442B60A28999B2D21BF4
:10BD200091422ED11A0C03BFE28902F1FF3203EBDC
:10BD30000241A3F58031296008236A462046FFF7B7
:10BD40002EFFE8B9E36A1A796B4613F8011B8A42A1
:10BD50000CD101300828F8D1636805E02B68BDF8E4
:10BD600002201B0C1B0413442B600AE0694620468A
:10BD7000FFF7A2FF0028F1D129462046CAF7D4FCDC
:10BD80000646304603B0F0BD2DE9F043074689B0C2
:10BD900090461E461BB9002009B0BDE8F0833C6800
:10BDA0008389080C14FA81F100FB0314FB6A1D68F7
:10BDB0006D4235400CD0B86A83682146D3F80490B0
:10BDC0002B46C8470028E7D1761BE4D02C44A84472
:10BDD00032464146684600F0FBFAFB6A1A68197958
:10BDE000921B0DEB060000F0FEFAD7E90A031B6870
:10BDF0008268214655686A46A847CDE710B50A46CD
:10BE0000082341680446FFF7BFFF08210246E06AA5
:10BE1000FFF72EFF63681B1A6360104610BD13B551
:10BE20004FF6FF7300220446ADF800308DF806305F
:10BE30008368ADF804206846ADF80230FFF70FFFC5
:10BE400069462046FFF7DAFF02B010BD2DE9F04F3A
:10BE5000044695B0C06A0821FFF70AFF63681B0C0F
:10BE60001B04054603A920460393FFF7EBFEDDF80C
:10BE70000CB0A6895E44761B06AA082331462046EC
:10BE80000496FFF78CFE021EC0F2A980E36A06AAA0
:10BE90001979002312F8010B814240F08F800133A1
:10BEA000082BF7D1A36862682B449A427ED2594688
:10BEB0002046FFF7ADFE024691E0BDF81A30360C81
:10BEC00036041E44049608AA04A92046DDF810A0F2
:10BED000FFF710FF0246002840F0818008A92046A5
:10BEE000FFF7D0FE18B9019B9A45ECD1DAE76368F9
:10BEF00005930AAA05A92046059EFFF7FBFE024608
:10BF000000286CD1BDF82820BDF820309A4227D0F7
:10BF10006268059B9A42ECD15645E4D1BDF82430C5
:10BF2000002BE0D0BDF822704FEA1A431B041F44D7
:10BF300008A8A368ADF82230FFF791FEE36ABDF8C8
:10BF400024901E68764206F02006B9F1000F0ED14B
:10BF500008A92046FFF752FF02460028C3D03EE062
:10BF60000AA92046FFF78EFE0028D1D0D4E74E451F
:10BF7000B04628BFC8460CAA434639462046FFF7BC
:10BF80000EFE024658BB4346A1680CAA2046FFF7A6
:10BF9000FBFE41460246E06AFFF76AFEA3680344DF
:10BFA000A360E2B9A9EB08094744CEE72046FFF7B2
:10BFB00036FF024600283FF47AAF10E0731B06A953
:10BFC00020460193FFF778FE00287FF476AF04A99E
:10BFD0002046CAF7A9FB024600283FF474AF10467A
:10BFE00015B0BDE8F08F00231A46CAF769BD13B536
:10BFF00000240094CAF758FE02B010BD0FB407B574
:10C0000004A951F8040B0191CAF730F803B05DF8A8
:10C0100004EB04B070477047002930B4044618465A
:10C020000BDBA5680844A84207D8E068646821448F
:10C0300084682468A44630BC60476FF0150030BCAB
:10C040007047002930B4044618460BDBA568084445
:10C05000A84207D8E0686468214484686468A446FC
:10C0600030BC60476FF0150030BC704700290346B4
:10C0700010B410460BDB9C680844A04207D8D8686F
:10C080005B68194483685DF8044B9B6818476FF040
:10C0900015005DF8044B704770B54C680368A34207
:10C0A00001D2012070BD8A682244934201D300204E
:10C0B000F8E7D1E903254E69B54203D36FF00B03CE
:10C0C0008B61F4E71B1B42F835304368086902EBCB
:10C0D000C00253600B6901330B61E2E70020CAF72D
:10C0E000E1BE034610B508460AB10021116053B104
:10C0F000D0B1411E11F8010F80B113F8014BA042DD
:10C1000001D13D28F6D100200EE0013313600AE092
:10C110003D2808D0B0FA80F0400905E018782F28B3
:10C12000F6D1002AF1D1012010BD0830704710B5BA
:10C13000134614460A4681880068FFF758FFA0425C
:10C14000A8BF204610BD2DE9F04F97B004460192DC
:10C150009A46894600297CD0DAB1BAFA8AF676097D
:10C16000258F0135ADB2A84604F1080B6F1EBFB292
:10C17000B7F5004F26D04A2303AA39465846FFF7A1
:10C1800036FF002807DA10F1020F08BFB8463D4617
:10C19000ECE70126E4E700F158030DEB0300002370
:10C1A00000F84C3C03A9484600F0DFF80028EED127
:10C1B00026B339465846FFF716FF002805DA17B0B0
:10C1C000BDE8F08FBEB30020F9E705F57F513F31A0
:10C1D00089B25846FFF707FF0028F0DB238FBB42E8
:10C1E000F1D12246013B22F8383F4FF400410223AF
:10C1F0005846CAF765FC00EAE070E0E7B846B8F5D3
:10C20000404F29D0238F434504F1080515D308F585
:10C210008041019A534689B22846CAF751FC00284A
:10C22000CDDB002ECFD0484600F098F84A460346B2
:10C2300041462846DDE70126E1E72246022322F8AF
:10C24000388F4FF400412846CAF73AFC0028DEDA5E
:10C25000B5E76FF01500B2E76FF00B00AFE773B50D
:10C26000C36B03630446C3B100F108063046CAF746
:10C270008DFA054670B902230DF106024FF4004114
:10C280003046FFF7B4FE0028ACBFBDF806304FF4CF
:10C2900000432387284602B070BD6FF01205F9E70E
:10C2A00008B50020C9F70CFF01460068CBF748B974
:10C2B00008B5CBF7A5F9BDE80840CBF7A5B9002133
:10C2C0000120CBF73DB938B504460D4611461A4654
:10C2D000CBF716F92046049A2946CBF73FFD2046B6
:10C2E00038BD61B662B680F31188BFF36F8F7047B7
:10C2F00072B6002383F31188BFF36F8FBFF34F8FA4
:10C3000030BF62B6BFF36F8F704772B6002383F3FE
:10C310001188BFF36F8FBFF34F8F20BF80F3118859
:10C32000BFF36F8F62B67047202809D9B0F1004F74
:10C3300008D80138B0FA80F0C0F11F004000704703
:10C34000082070473E2070470139034611F8012F3D
:10C350000AB91A70704703F8012BF7E7034600206B
:10C360001A5C02B970470130FAE7431E013913F82D
:10C37000012F11F8010F824201D1002AF7D1101AC2
:10C38000704710B55AB10139841810F8012B11F813
:10C39000013FA04201D09A42F7D0D01A10BD1046FA
:10C3A000FCE7431A934210B500EB020308D30139AE
:10C3B00002469A420BD011F8014F02F8014BF8E700
:10C3C0000A4412F8014D03F8014D8A42F9D110BD1B
:10C3D00010B5431E0A44914200D110BD11F8014B23
:10C3E00003F8014FF7E7C9B202440346934200D174
:10C3F000704703F8011BF9E74FF0FF3070474B68B7
:10C40000012B07DD0B6818700B6801330B604B685C
:10C41000013B4B6000207047034600201A5C0AB1C4
:10C42000884200D170470130F8E70022CBF7E6BF21
:10C4300008B50122CBF7E2FF002818BF6FF0040017
:10C4400008BD7047C16A8968CCF758B88388C2882C
:10C450008168D21A03685B1AD01A70470368826831
:10C46000C0889B1AC01A80B2704708B500F079FAEC
:10C47000CCF75AFCCCF7B8FBCCF730FDCCF730FC4E
:10C48000002008BD10B504468069A2681346CBB9E8
:10C4900094F8471063F3820184F847106AB121468B
:10C4A00000F04EF801280FD194F8473043F0040310
:10C4B00084F84730204600F0B6F92046BDE8104029
:10C4C00000F078B95B68E2E70028F6D110BD10B142
:10C4D000006800B140687047DFF7E2B810B5034666
:10C4E000FFF7F5FF28B1C2681AB1BDE81040184641
:10C4F000104710BDDFF78AB92DE9F041054688469F
:10C5000017461E46CCF75EFA08212846CCF7DAF922
:10C51000044690B92846CCF799F9C0F8008028461F
:10C52000CCF794F907712846CCF790F94671284664
:10C53000CCF762FA2046BDE8F0814FF0FF34F6E711
:10C5400010B50346FFF7C3FFBDE810400268184668
:10C55000104738B5C36804460D465868E06030B1EE
:10C560004DB10C30FFF77AFFE3680028F5D0E3689F
:10C570001BB9236138BD008AF6E7DB68F9E738B5F7
:10C580000446C0680D4688B171B10C30FFF766FFF4
:10C59000D4E90323D2689B1A834207D12946204657
:10C5A000BDE83840FFF7D5BF008AF1E738BDF8B5E0
:10C5B0000446164694F84630C068DA070F4615D48C
:10C5C000A6B10C30FFF74AFF0546D4E90303C26861
:10C5D0009B1A3B44AB4211D194F84630DB0708D498
:10C5E00031462046BDE8F840FFF7B3BF058A002674
:10C5F000EBE70C30FFF732FFA842F1D923693B4447
:10C600002361F8BD2DE9F04F85B0824602A80D46A2
:10C6100093461F4605F077FBDDE902890024264694
:10C620005A463B4650460194FFF70CFF01990446D9
:10C6300028B9CEB90026304605B0BDE8F08F06B95E
:10C6400081B14C60638AAB4288BF6582638A42468F
:10C65000ED1A02A84B4605F07AFBDDE902B7002D82
:10C66000DED1E8E70646EDE73046CCF713F8E1E720
:10C670000346002003B970471A8A5B681044F9E743
:10C680002DE9F8439DF8208004460F46164699464A
:10C69000E368002B00F083800EB9304684E094F804
:10C6A000463013F0010F20460CBF41460021FFF732
:10C6B00066FFE068002875D0B8F1000F1ED094F82E
:10C6C0004630DD071AD40C30FFF7C8FED4E9032347
:10C6D000D2689B1AC51A002D64D0B54228BF3546D2
:10C6E000B9F1000F2ED07FB9B8F1000F43D1424607
:10C6F00029462046FFF75BFF002731E02369C26827
:10C70000058A9B1AED1AE6E720692A46B8F1000F60
:10C710000DD03946FFF75CFE94F84630D90730D586
:10C72000012229462046FFF742FF4FB9E4E70146C0
:10C730003846FFF74DFE424629462046FFF737FFB1
:10C740002F440DE077B1396820692A46FFF74BFE88
:10C75000B8F1000F09D1424629462046FFF727FFCE
:10C76000761B95E7B8F1000FC1D094F84630DB078F
:10C7700007D50122F0E794F84630DA0701D5012207
:10C78000B6E7E06829460C30CBF7EEFF4246294673
:10C790002046FFF70CFFB9F1000FC6D1E0E7002EED
:10C7A0003FF47BAF6FF06800BDE8F88308B1CBF7CA
:10C7B00071BF704710B5044610B3BFF35B8F236B96
:10C7C000BFF35B8F04F13002D3B1BFF35B8F591E0F
:10C7D00052E8000F984204D142E8001CBCF1000F5F
:10C7E000F6D1BFF35B8FE8D1012B09DCA06808B15B
:10C7F000FFF7DCFF60682146BDE81040DEF74EBD64
:10C8000010BD70B5044630B18568002625B9A06812
:10C81000FFF72EFF301A70BD05F10C00FFF71EFE6A
:10C820006D680644F2E78368C36003B1DB680361A7
:10C83000704710B582680C4622B98160BDE810408F
:10C84000FFF7F1BF1046CBF751FF2146BDE810407E
:10C85000CBF764BF2DE9F04F85B0DDE910670446E2
:10C86000154602A832469A463B468B4605F04BFADF
:10C87000204632463B46DDE90289CCF777FA04468A
:10C88000D8B15946CCF758FA94F846306AF30613F3
:10C8900084F84630424602A84B4605F058FADDE9D6
:10C8A00002679DF83820CDE9006729462046CCF77D
:10C8B00095FA18B12046FFF77DFF0024204605B009
:10C8C000BDE8F08F07B50123009300230A461946FF
:10C8D000FFF7D6FE03B05DF804FB07B50023009315
:10C8E0000123FFF7CDFE03B05DF804FB10B590F80F
:10C8F0004610044601F0010181F00101FFF73FFEFF
:10C90000E3688BB1206948B194F84620D20706D578
:10C91000188AD4E90323D2689B1AC01A10BD03F108
:10C920000C00FFF79BFDF4E71846F7E773B50369C2
:10C93000994204460E4615460AD1FFF7D7FFA84292
:10C9400006D32946204602B0BDE87040FFF7BABFC3
:10C95000012300932A4631462046FFF791FE02B09C
:10C9600070BD704710B504464FF0FF324FF0FF33F3
:10C970002046DFF747F80028F6D0FFF783FDF3E7FE
:10C980007047F8B5069F0469C9B2EFF311864025D8
:10C9900085F31288BFF36F8F0C2569430C44A56C97
:10C9A00005F0070CBCF1010F0BD1A76486F31188C9
:10C9B000BFF36F8FC4E9102343685B58984700208A
:10C9C000F8BD05F0C005AF4286F31188BFF36F8F45
:10C9D0000CBF6FF077004FF0FF30F1E713B5802404
:10C9E0000094FFF7CEFF02B010BD0069CBB200EBA0
:10C9F0004310002110470020D0F7E4BF0020D1F7FA
:10CA000001B81046DFF756B88022CCF7C7BA4368A2
:10CA10001B6901221A600020704743681B690122CC
:10CA20001A610020704743681B69D3F840057047BE
:10CA300040688A1CD2B24FF4803393400269C2F836
:10CA40000833C36809B2002043F831007047002062
:10CA5000704703699868704738B504460022012181
:10CA60000A20CBF77BF963681869D0F8082542F0F3
:10CA70000302C0F80825D0F80425002522F003029F
:10CA8000C0F80425C0F8105562681268C0F8402547
:10CA9000C0F30830CBF732F9284638BD43681B692C
:10CAA00001225A64D3F844350B600020704770B5FA
:10CAB000456804692B6900224668767A964224DC30
:10CAC0004FF48032C3F808230A68C3F840250022D7
:10CAD000C3F84021D3F84021D3F8002242F00102EC
:10CAE000C3F800224A6822608A686260CA6812F04D
:10CAF000010F4FF001020ED1DA6000204A681AB12E
:10CB00004FF48032C3F8042370BDEE6856F83260EB
:10CB100086B90132D0E7406800694264D0F8440524
:10CB20000C688442E9D8C868800748BFDA606FF0B3
:10CB30003D00E3E76FF00F00E6E732207047002288
:10CB400008B511461046FCF7CDF8002818BF6FF065
:10CB5000150008BD38B505460C4601F028FA002D31
:10CB600007DBA84205D9401B84428CBF002001206E
:10CB700038BD0020FCE72DE9F3411C469046002318
:10CB800082682360A36013690D4601AA694698472D
:10CB9000019B5A1E019223B96FF0150002B0BDE847
:10CBA000F0810098A26847682168676085B9A8EBA2
:10CBB00002030668B34228BF33461A4403FB071139
:10CBC0002160A26002689A4206D808300090DFE730
:10CBD0006B1AB3FBF7F3ECE70020DFE71346002204
:10CBE000FFF7C9BF2DE9F047836886B01B69884607
:10CBF000914601A902AA98470024A2462546029B15
:10CC0000AB4202D806B0BDE8F087019F07EBC5072D
:10CC100000267B6804933A68B2420AEB060302D806
:10CC200001359A46EBE703940593494603A8C047AC
:10CC30000028E7D0049B01361C44ECE743685B689E
:10CC4000D3F810350B600020704743685B6802EA38
:10CC5000010021EA0201C3F80805C3F80C15002001
:10CC6000704743685B680020C3F808157047436845
:10CC70005B680020C3F80C15704743685A68D2F807
:10CC8000043521EA03000B40C2F80805C2F80C3550
:10CC90000020704732207047704708B500F0F1FB64
:10CCA0004FF47A73A0FB030203FB012108BD08B512
:10CCB000A1F10B030F2B06D90A298CBF6FF01500C9
:10CCC0006FF0850008BDC8B200F02EFB0020F9E728
:10CCD00037B50546CDF7F0FA0469F4232371CE2366
:10CCE00063713623A3714FF0805369461A6E5B6EF1
:10CCF000E01DCDE900320522FFF76AFB012308227F
:10CD0000211D2846FFF7F8FB2846256003B0BDE843
:10CD10003040D0F725BB07B5C9B132B9186800F06B
:10CD20001BFB002003B05DF804FB012A06D11B8821
:10CD3000ADF8043001A800F011FBF2E7022A06D199
:10CD40001B88ADF8043001A800F004FBE9E76FF0A0
:10CD50008500E7E710B5046900F043FB10B96FF0F8
:10CD60000F0010BD4FF0FF334FF0FF3204F26C6044
:10CD7000DEF7DAFE94F88436002BF0D00020F0E7DE
:10CD800030B543681360057A446804EBC504A342D8
:10CD900002D36FF0010030BD5C798C4201D00833C2
:10CDA000F0E70020F7E743681B68D3F88004C3F876
:10CDB0008004704710B544682368C3F84415C3F86D
:10CDC00048250022C3F82021D3F82011C3F85821A8
:10CDD000D3F858216268D20608D542681268082143
:10CDE000C2F800154FF48002C3F8042301229A60B0
:10CDF00010BD436802691B68D3F8100150B19269F5
:10CE0000002012780A70C3F81001D3F81021012213
:10CE10001A6070474FF0FF307047002A10B5044683
:10CE200010DD43681B68D3F8100150B1226900205F
:10CE3000C3F810019269D3F8100112780A7001202A
:10CE4000186010BD0020FCE7436801691A68EFF321
:10CE50001183402080F31288BFF36F8FC9680020D0
:10CE600088734FF48001C2F8041383F31188BFF371
:10CE70006F8F70470369DB6801229A7370470369FB
:10CE8000DB689A7B02F0FF0162B942681268D2F84F
:10CE9000580140B1D2F8040310F4800003D01961A6
:10CEA000012070470020704743681B68D3F81001C9
:10CEB000003818BF0120704743681B681022C3F870
:10CEC0000423704743681B681022C3F80823704787
:10CED00043681B684FF40072C3F80423704743682B
:10CEE0001B684FF40072C3F80823704738B54368D5
:10CEF0001D68D5F804335B02044605D4D5F8040355
:10CF000010F0100006D138BDFFF7B9FF0028F5D0AA
:10CF10000120F8E72046FFF7C7FF003818BF0120BF
:10CF2000F1E7012070470369D8680160DB685A6047
:10CF3000704702680346D2F8580140B95B689B0706
:10CF400006D4D2F82001003818BF01207047012014
:10CF50007047F8B50669F3689C89BFF35B8F94420C
:10CF6000A8BF144605461033012253E8000F0028DD
:10CF700003D143E80027002FF7D1BFF35B8F0CBF2D
:10CF8000134600231ED1F36822469868FFF720FA63
:10CF9000EFF31187402383F31288BFF36F8F686824
:10CFA000FFF7C7FFF36838B91861044687F31188A3
:10CFB000BFF36F8F2046F8BD996822462846FFF7D9
:10CFC000F9FEF3E71C46F5E710B442681368D3F89E
:10CFD0000413C90517D5D3F82011A1B1EFF31181BE
:10CFE000402484F31288BFF36F8FD3F8204134B10B
:10CFF0000024C3F82041D3F820410124DC6081F3F0
:10D000001188BFF36F8F5268D20619D5EFF31181E3
:10D01000402282F31288BFF36F8FD3F8582112B1E8
:10D020000022C3F800250269D2680AB112691AB950
:10D030004FF48002C3F8082381F31188BFF36F8F88
:10D040000269D4686CB1D3F8581169B1002121612B
:10D05000D468A47B44B14FF48000C3F80803D368BC
:10D0600099735DF8044B7047D3F8241121B1002166
:10D07000C3F82411D3F82431D2681368002BF0D000
:10D0800051685DF8044B184700F150039B009BB2B8
:10D0900003F1804303F5883300221A601B68704750
:10D0A00008B5CDF7CFFF08BD684620F007018D46D3
:10D0B00001B5C4F701F9CAF7A7FABDE801408546F2
:10D0C0007047684620F007018D4601B5C4F7AEF8F9
:10D0D000BDE8014085467047684620F007018D464F
:10D0E00001B5C3F719FBCAF78FFABDE801408546C1
:10D0F000704708B5C6F71CFE002008BD0220D7F710
:10D10000F9BC07B5012300930823CEF72FFB03B02A
:10D110005DF804FB10B500230446012206210A2015
:10D1200001F02AFE40B1D0F806301B78003B18BF52
:10D1300001232370002010BD4FF0FF30FBE710B536
:10D1400000230446012208210A2001F015FE28B11F
:10D15000D0F806301B782370002010BD4FF0FF3050
:10D16000FBE710B50823044601224FF481710A2021
:10D1700001F002FE28B1D0F806301B7823700020A1
:10D1800010BD4FF0FF30FBE708B50121D9F7B6F825
:10D19000A0F10A035842584108BD08B501220323F3
:10D1A00005210A2001F0E8FD18B1D0F80630002270
:10D1B0001A7008BDE0F736B8EFF30580003818BFE5
:10D1C0000120704708B5E9F7EFF84FF6FF73438089
:10D1D000184608BD08B54FF080430120C3F81C0570
:10D1E000C8F76EFF00207047704770477047F2F72E
:10D1F00003B9704700F002B8D0F734BA70477047EF
:10D200004FF480407047022070477047D0E90123F7
:10D21000DB6A03B118475068704707B501A800F0F2
:10D2200022F92D2301A88DF805308DF8063000F085
:10D2300013F9002003B05DF804FB7047C3F762BB2D
:10D2400008B5C6F775F830B1EFF305800338032849
:10D2500094BF0020012008BD70470020704710B522
:10D260003B29046901D00C2904D1C6F767F8206076
:10D27000002010BD6FF08500FBE7FBF7DBBC08B5B5
:10D28000CAF740F8CAF714F9BDE80840FBF7D2BC6A
:10D29000704713B50029AEBF00240124002100947B
:10D2A0000023FFF710F802B010BDCAF727BDCAF778
:10D2B00033BD08B5CAF744FD003818BF012008BDCA
:10D2C0007047002383F31188BFF36F8F0423184640
:10D2D00002DF704773B50021019101680091044697
:10D2E000006916461D46CDF767FFEFF3108372B64F
:10D2F000C4E9026583F3108802B070BDCDF7A2BE09
:10D30000E1F778BC43F60952A0FB020302FB0131AE
:10D3100040F2FF13C01841F10001400A40EAC15039
:10D32000490A70471F20704738B50446D2F77AFC87
:10D3300005462046D2F77CFCA54204D0BDE8384023
:10D34000002000F0EFBC38BDD2F76CBCD2F77EBC39
:10D3500000F006BDD2F784BCD2F78EBCD2F798BCE1
:10D36000012000F0E8BB08B5002000F0E4FB80F0ED
:10D370000100C0B208BD07B56FF0010300930022A1
:10D3800001231146184600F0F4FB03B05DF804FBDE
:10D390007FB508991D4600230293CDF80B30012379
:10D3A000044616468DF80A3021B9D2F73BFC02A993
:10D3B0008DF80B0048780B7800B953B98B7813B10E
:10D3C0008B79FF2B07D0009132462B46204600F088
:10D3D000E3FC04B070BD0020FBE70146002000F034
:10D3E00044BC002000F062BC10B590F880300446C8
:10D3F0000BB1FFF766FF204600F076FC18B9BDE8D8
:10D400001040FFF75EBF10BDD2F7E0BBD2F7ECBB18
:10D41000D2F700BCD4F7FABE10B4DBB214469DF8C4
:10D420000420019323465DF8044BD4F719BED4F7CA
:10D430008FBED4F7D1BED4F70DBE07B5002300933D
:10D440001A46D4F70DFE03B05DF804FB0022D4F7B2
:10D450007FBE0021D4F7C0BE08B5D2F721FCBDE8DD
:10D46000084000F07DBCD2F73BBC08B504F083FD5A
:10D4700000F00703400000F05000184340F008009F
:10D4800008BD04F03FBE70477047CDF735B9CDF702
:10D490003DB9CDF745B9CDF759B9D0F7FFBFCDF7B5
:10D4A000B7B8CDF7E9B8CDF717B908B5D1F71CF87B
:10D4B000BDE8084004F007BE70B504460D461646A8
:10D4C000D2F778FA30B1324629462046BDE870409E
:10D4D00000F0EEBA70BD7FB5017801316B460122D4
:10D4E000C9B200F03DFA18B1009B5878C0F3401063
:10D4F00007B05DF804FB08B5D3F782F800F0E8F850
:10D50000404240B208BD37B5002400256846CDE949
:10D510000045E1F715FC28B9CDE90045DDE900013A
:10D5200003B030BDDDE90032134302BF0122002306
:10D53000CDE90023F2E708B500F04DF820B1D1F7AE
:10D540009FF810B9D2F768FA002008BD08B5D2F7E5
:10D5500045FB18B9BDE80840D1F71AB80220D1F749
:10D5600017F80021BDE808400846D1F7F1B80020BF
:10D57000D1F70EB810B50446FFF7E8FFD2F7E0FA8E
:10D58000204600F0B0FABDE81040D2F76FBAFFF7BE
:10D5900098BE38B50546FFF7CEFF044668B10122B4
:10D5A00011462846D1F708FA044620B10820D0F7E2
:10D5B000EFFFD1F71FF9D2F72FFA204638BD01202F
:10D5C000704701207047D4F7A3BC7047D4F7CEB999
:10D5D000D4F7B0BC70470020D2F782BA08B501205A
:10D5E000D2F77EFA18B9BDE80840FFF76ABE08BD59
:10D5F00004F0C3BCF8B50F4615461E46044608B9EC
:10D60000FFF75FFE0FB9FFF75CFE731EFE2B01D91B
:10D61000FFF757FEB5FBF6F5AB1EFD2B01D9FFF763
:10D6200050FE0023A371276065712671E371F8BD78
:10D6300082790179006801FB0200704783794279A1
:10D640000133DBB29A4298BF002383717047C279DD
:10D650000179006801FB02007047C3794279013308
:10D66000DBB29A4298BF0023C37170478379427935
:10D67000C0790133DBB29A4298BF0023C31A5842E3
:10D680005841704708B5D0F73FFC10F11D0F11DB72
:10D6900010F1090F10DB0A2810DD1E2810DD3228DA
:10D6A00010DD462811DD5528CCBF6FF003006FF068
:10D6B000020008BD0320FCE70220FAE70120F8E79A
:10D6C0000020F6E74FF0FF30F3E76FF00100F0E7DE
:10D6D00010B50446FFF7D6FF2044C0B210BD10B508
:10D6E0000446FFF7CFFF201AC0B210BD10B50446A4
:10D6F000C0B2FFF7C7FF201A00B210BDFFF7EFBF9F
:10D7000008B5FFF7F3FF5C3840B208BD08B5D3F7A2
:10D71000E5FBD5F79FF9D5F741FA08BD08B5042018
:10D720000121D3F769FCBDE808400C20D3F70ABDFE
:10D7300008B58000002100F0FC00D3F75DFCBDE8D7
:10D740000840D3F787BC08B5D2F784FCBDE8084091
:10D75000D2F70ABBD2F7E2BBD2F7C4BB08B500F0E0
:10D7600003F808BD704770470620704700BF00BF30
:10D7700000BF00BF00BF00BF704737B5ADF8041051
:10D78000C9B20446154641B19DF905102A46204606
:10D7900003B0BDE83040C6F7DDBAD2F751FA014612
:10D7A000F4E738B50546D2F73DFA0446D2F748FA11
:10D7B0002A4601462046BDE83840C6F7CBBA08B530
:10D7C000037A012B12D8BFF35F8FD0E84F3FDBB253
:10D7D0008B4203D0BFF32F8F002006E0C0E8432F19
:10D7E000002BF2D1BFF35F8F012008BDFFF769FD69
:10D7F000F2E7582370B5044603FB0105AC4201D1A2
:10D80000002608E0204602220121FFF7D8FF264625
:10D8100058340028F2D0304670BDF8B5846904F061
:10D8200071FCD4E91067BFF35F8F94F8483094F827
:10D83000492001335B0192B9A0339D1947F10002E1
:10D84000A84291410ED2C4E90852A36304F110002A
:10D85000E1F75CF900B3BDE8F840FFF732BD03F52E
:10D860003073EAE761680022082000F010F908B977
:10D87000FFF727FD4FF0FF336360012204212046AC
:10D88000FFF79DFF08B9FFF71CFDD2F7A7F918B9FC
:10D89000BDE8F84000F04FB9F8BD08B54FF0FF33D0
:10D8A000436001220221FFF78AFF18B9BDE8084052
:10D8B000FFF707BD08BD38B50546D3F74FFE044650
:10D8C00008B9002038BD2846002104F0CFFB0546EA
:10D8D00004F11000E1F752F90DB90028F1D14FF031
:10D8E000FF336360BFF35F8F01202070BFF35F8F52
:10D8F000E8E703785A0607D14278DB0943EA420396
:10D900007E3BDBB2012B04D9884234BF00200120CA
:10D91000704701207047837AFF2B12D00268D25CD7
:10D92000012302F00702934013F0220F0BD113F0F2
:10D93000440F0AD113F0880F14BF0120002000010A
:10D940007047002070470420704708207047022865
:10D9500004D0C31E58425841C0007047042070478D
:10D9600038B515461C46D0B1186059710023237193
:10D970000A22FF21A01DFEF736FD0122FF2104F13E
:10D980001000FEF730FDFF2104F111000722FEF721
:10D990002AFD29462046BDE83840D4F7B9B838BD3D
:10D9A0000B46114642799A4238BF4371D4F7B0B85A
:10D9B00010B5034690F82100A8B10A785C7E944225
:10D9C00012D184B1486870B103F11001631E022BBB
:10D9D0009ABF6FF0020202EB84020022FEF7D1FC34
:10D9E000B0FA80F0400910BD0020FCE708B5D4F77C
:10D9F000D1FEBDE8084000F024B808B500F022F8D8
:10DA0000BDE80840D4F788BC10B503685B789B0676
:10DA1000044601D4FFF755FC23689B7803F03003DC
:10DA2000102B02D0202B05D04BB92046BDE810406A
:10DA3000D4F7C4BE2046BDE81040D4F78DBC00200A
:10DA400010BD7047704770B500232826012406FBDF
:10DA50000305D5E84F2FD2B242B1BFF32F8FBFF3EA
:10DA60005F8F01339942F2D1FF2070BDC5E8424F6C
:10DA7000002AEED1BFF35F8FD8B2F6E708B5D4F72E
:10DA8000D7FE18B9BDE80840FFF71BBC08BDD4F7A6
:10DA9000EDBE38B504460D46D3F786FB2946204631
:10DAA000D4F70CFF18B9BDE83840FFF70ABC38BD01
:10DAB00008B5D4F727FF18B9BDE80840FFF701BC47
:10DAC00008BD08B5D4F746FF18B9BDE80840FFF710
:10DAD000F8BB08BD08B5D4F759FF18B9BDE8084030
:10DAE000FFF7EFBB08BD08B5D4F76AFF18B9BDE86A
:10DAF0000840FFF7E6BB08BD08B5D4F77BFF18B9AF
:10DB0000BDE80840FFF7DDBB08BD10B5D1F7C2FF87
:10DB100004461720D0F79CF984428CBF00200120D6
:10DB200010BD08B51720FFF7C4FB18B9BDE80840C1
:10DB3000FFF7C7BB08BD37B5002304468DF8073093
:10DB4000FFF7E3FF054640B12046D1F755FD8DF8BC
:10DB500007009DF8070003B030BDFFF7E2FFD4F7E0
:10DB6000DFFF0DF1070205700472C260D4F7EEFF0B
:10DB7000EFE72DE9FF411C460023DDF828808DF8F2
:10DB80000F3007460E461546FFF7BFFF70B1CDF8C0
:10DB9000008023462A4631463846D1F745FD8DF8A8
:10DBA0000F009DF80F0004B0BDE8F081FFF7B9FF4A
:10DBB000D4F7B6FF012303700DF10F03077346730B
:10DBC00085608473C0F810804361D4F7BFFFE8E735
:10DBD0002DE9FF411C460023DDF828808DF80F3029
:10DBE00007460E461546FFF790FF70B1CDF800804E
:10DBF00023462A4631463846D1F740FD8DF80F00BE
:10DC00009DF80F0004B0BDE8F081FFF78AFFD4F75C
:10DC100087FF022303700DF10F03C0E9045407735B
:10DC20004673C0F808808361D4F790FFE8E713B526
:10DC3000002304468DF80730FFF767FF40B1204608
:10DC4000D1F7A8FD8DF807009DF8070002B010BDC0
:10DC5000FFF767FFD4F764FF032303700DF1070399
:10DC60008460C360D4F772FFEEE737B50023054642
:10DC70000C468DF80730FFF748FF48B1214628468B
:10DC8000D1F7C2FD8DF807009DF8070003B030BD45
:10DC9000FFF747FFD4F744FF042303700DF1070398
:10DCA00005720461C360D4F751FFEDE713B500239B
:10DCB00004468DF80730FFF728FF40B12046FFF7F4
:10DCC00068FC8DF807009DF8070002B010BDFFF753
:10DCD00028FFD4F725FF052303700DF10703047215
:10DCE000C360D4F733FFEEE713B5002304468DF885
:10DCF0000730FFF70AFF40B12046D1F7A9FD8DF8A4
:10DD000007009DF8070002B010BDFFF70AFFD4F727
:10DD100007FF082303700DF107038460C360D4F785
:10DD200015FFEEE713B5002304468DF80730FFF723
:10DD3000ECFE40B12046D1F7A7FD8DF807009DF815
:10DD4000070002B010BDFFF7ECFED4F7E9FE09238F
:10DD500003700DF10703C3600472D4F7F7FEEEE71A
:10DD600007B500238DF80730FFF7CFFE40B1D1F79C
:10DD7000AFFD8DF807009DF8070003B05DF804FBC8
:10DD8000FFF7CFFED4F7CCFE0A2303700DF1070393
:10DD90008360D4F7DBFEEEE7F0B585B01C460023C8
:10DDA0000A9F8DF80F3006461546FFF7AEFE58B1B4
:10DDB00000972A4623463046D3F716FD8DF80F000C
:10DDC0009DF80F0005B0F0BDFFF7ABFED4F7A8FE3D
:10DDD0000E2303700DF10F03C0E9045486608761C0
:10DDE000C361D4F7B3FEEBE737B5002305460C4615
:10DDF0008DF80730FFF789FE48B121462846D3F752
:10DE00000DFB8DF807009DF8070003B030BDFFF74C
:10DE100088FED4F785FE122303700DF10703C0E9D5
:10DE200002540361D4F792FEEDE7004703F034BEDD
:10DE3000C00000F1804000F5F830C0F81015C0F8BF
:10DE40001425704743090AD0012B0BD14FF6FF73FD
:10DE500000F01F0023FA00F000F0010070474FF0BF
:10DE6000FF33F5E7002070472DE9F341019001A849
:10DE7000DDE908580C4617461E46D5F757F8019BB2
:10DE8000391E18BF012100EB8300231E18BF012398
:10DE9000002E43EA410314BF0C210021002D43EA68
:10DEA000010314BF4FF4E0610021B8F1000F43EA11
:10DEB0000103D0F8002714BF4FF4403100210B4379
:10DEC00022EA030304B124780FB13F787F001C439A
:10DED0000EB13678B6003C438DB12978090234433F
:10DEE000B8F1000F03D098F800804FEA08482143AA
:10DEF00041EA0801C0F8001702B0BDE8F0812946E8
:10DF0000EDE71FB50DF10F03019300238DF80F10FE
:10DF100000931A461946FFF7A7FF05B05DF804FB0A
:10DF200008B50146D5F772F810B10846D5F788F85C
:10DF300000F0010008BD38B5054608460C46D5F787
:10DF40007FF8B0B10846D5F761F890B90846D5F723
:10DF500051F82A6801238340C2F808332A6803B2C3
:10DF600002EB8303D3F8102522F00302C3F8102537
:10DF700038BD20460021BDE83840FFF7C2BFD5F7C5
:10DF8000FBB8FFF7D8BF034608464FF080510A6937
:10DF900049694A43934208D340B1A3F11023B3F532
:10DFA000427F2CBF002001207047012070474FF0B6
:10DFB00080531A695869504370474FF0805318696D
:10DFC00070474FF080535869704730B5A2F580759F
:10DFD000AD080124AC400C4207D0815829B1002182
:10DFE000815082581A6822431A6030BD13B500234D
:10DFF0000C4601934FF4887201ABFFF7E6FF214610
:10E000004FF48A72FFF7E1FF21464FF48E72FFF75B
:10E01000DCFF21464FF48272FFF7D7FF21464FF411
:10E020008472FFF7D2FF21464FF48672FFF7CDFFCF
:10E030004FF48C722146FFF7C8FF019802B010BD63
:10E0400030B502240C72CA6004680125C4F800557A
:10E05000096879B112F0040F0CBF822192211507D3
:10E0600048BF41F02001D406046848BF21F0800178
:10E07000C4F800139B000168083312F0800006BF4B
:10E080000122CA50C81830BD37B5044604F051FF0C
:10E090000546204605F00BF9024658B969890DF18D
:10E0A0000703A81CEBF770FD69892046D6F7EEFA46
:10E0B00003B030BD204603B0BDE83040EBF7C6BF2B
:10E0C000431E58425841704710B50446D7F7ACFB81
:10E0D00020460121BDE8104005F0FDBC08B5D7F78A
:10E0E0008FF980F00100C0B208BD2DE9F743DDF8DB
:10E0F0002C80BDF828401F46054689461646D8F7AD
:10E1000031FBD0F8B430C3B1D8F72CFBCDE90048CF
:10E110003B46D0F8B440324649462846A04704461C
:10E1200029464A46304601F052FD14F1450F054696
:10E130000ED0204603B0BDE8F083D8F713FBD0F82B
:10E14000B03073B929464A46304601F040FD0546D5
:10E150009DB14246314638462B4603B0BDE8F043F8
:10E160001847D8F7FFFACDF80080D0F8B0403B460A
:10E17000324649462846A047D1E72C46D9E72DE943
:10E18000F041069FBDF81C8005461E4601F034FD97
:10E19000044638B143463A4631462846A446BDE8CF
:10E1A000F0416047BDE8F081B0F80F30B3F5A06FE3
:10E1B00001D1D9F78FBF70470020704770B51B2180
:10E1C00088B0054604F0EDFF1B22014601A8FEF7CA
:10E1D000FFF8D8F7C7FAD0F8AC608EB1D8F7C2FA1A
:10E1E000D0F8AC309DF8100098476FF01E00D8F7BB
:10E1F0000DFB01A90246284601F093FD08B070BD51
:10E20000D8F7B0FAD0F89C30002BEED03421284655
:10E2100004F0C7FF1D2303709DF810304370466063
:10E220000446D8F79FFAD0F89C3028469847606893
:10E23000DDE7F8B50C46154607461E46D7F750FEF3
:10E240000122002100F019F908B90120F8BD1223BC
:10E2500001220021384600F08FFD0028F5D0D0F8CB
:10E26000063018780028F0D11EB9EB1E58425841EC
:10E27000ECE7052CE9D90B2CE8D1F6E74A2973B570
:10E280000446154629D807292ED9A1F10803422BA7
:10E290002AD8DFE803F02C304336292929792C29A4
:10E2A0002929292929292C304336292929292C30A3
:10E2B0004336293D29292C304336293D29292C3044
:10E2C000292929292929292929292929292929499E
:10E2D00049572929292957295700F1295BD003D803
:10E2E000E2290ED0F0294FD0204602B070BD2B7825
:10E2F00004F8013BF8E702222946FEF769F80234E8
:10E30000F2E7204604222946FEF762F80434EBE7E0
:10E3100006222946FEF75CF80634E5E70322294683
:10E32000FEF756F80334DFE7002DDDD02E78FF2E00
:10E33000DAD00136F6B2204632462946FEF748F8D2
:10E340003444D1E700234829ADF806304FF00202EB
:10E3500001D043290DD129460DF10600FEF738F80A
:10E36000BDF806604FF6FF739E42BDD00236B6B2CE
:10E37000E1E729460DF10600FEF72AF8BDF8063060
:10E380009B00ADF80630EBE7204608222946FEF751
:10E390001FF80834A8E710222946FEF719F81034B0
:10E3A000A2E72D2809D81F280CD92038C0B242F680
:10E3B0002F73C34003F001007047A0F1E2035842FD
:10E3C000584170470020704737B504460D46104647
:10E3D00019469DF81C30FCB1D4F80620E2B13BB1DF
:10E3E000E3785A0618D49B0702D4882003B030BDC6
:10E3F000069B0193A388009323882A46FFF775FEA6
:10E40000411C0BD0821D0BD0831CEED010F1280FC5
:10E4100014BF00207E20E9E78620E7E78720E5E7B4
:10E420000020E3E7034620B3D0F8150020B3B3F88B
:10E43000010081421FD0B1F5827F1AD0B1F5807FF3
:10E4400017D9B1F5847F11D94FF6FF73994209D1DD
:10E45000B0F5827F0FD04CF25E03984214BF0020CB
:10E46000012070474CF25E03994202D1B0F5827FE1
:10E47000F4E70020704701207047F0B5034620B153
:10E48000077C0024BC4201D30020F0BDD3F811600A
:10E49000C4EB04157019755B8D4202D1057A954263
:10E4A000F3D00134EEE72DE9F74FBDF8304000948A
:10E4B000DDF8349006460F4690469A4600F04AFC36
:10E4C000044600283CD0B9F1000F39D09DF838300F
:10E4D0003A46CDE9009331464346FFF775FF0546BE
:10E4E00050BBA3884246CDE9009339465346304697
:10E4F000FFF745FE4946A078D4F806B0D7F7E0FB11
:10E50000494602465846FDF763FFE3785A0707D5A8
:10E51000A38800934246534639463046DBF7D6F986
:10E52000E3781B0708D5A3884246CDE90093394616
:10E5300053463046D7F7B2FD284603B0BDE8F08F0A
:10E540000125F9E72DE9F74FDDF8309006460F4633
:10E5500090469A4600F010FC044600283CD0B9F1E1
:10E56000000F39D09DF834303A46CDE9009331465A
:10E570004346FFF729FF054650BBA3884246CDE935
:10E580000093394653463046FFF7F9FD4946A078D7
:10E59000D4F806B0D7F794FB494602465846FDF733
:10E5A00017FFE3785A0707D5A388009342465346DE
:10E5B00039463046DBF78AF9E3781B0708D5A3888C
:10E5C0004246CDE90093394653463046D7F766FDBB
:10E5D000284603B0BDE8F08F0125F9E730B589B0D2
:10E5E00004461B22002101A8FDF7FDFE01A92046DB
:10E5F000DAF7BEF901A905460246204604F03AF8CA
:10E60000B8B9204604F095FC037813F0040F0CBF52
:10E6100003210521204604F05CFD1B21204604F067
:10E62000C0FD1B2201A9FDF7D3FE25B92046D7F76F
:10E63000E5FD09B030BD2A4601A9204601F0F9FBED
:10E64000F7E710B50C4650B1D7F7AEFEB0F5827FB4
:10E6500005D14FF65740231A5842584110BD0020AB
:10E66000FCE707B5014602220DF10600FDF7B0FEFA
:10E67000BDF8060003B05DF804FB07B504220146AF
:10E680000DEB0200FDF7A4FE019803B05DF804FB5A
:10E69000F7B50191102116461F46054604F081FD8D
:10E6A00004462846E7F7C8FF9523032E23609DF80C
:10E6B000203008BF0199A37316BF01A908220222C6
:10E6C00027716671A01DFDF783FE09982946F0F7B2
:10E6D00023F803B0F0BDA1F5E0630B2B04D9A1F53D
:10E6E0000063584258417047012070472DE9F74FA9
:10E6F0001D460F46109B0193182190469DF83060EF
:10E700009DF834B0BDF838A0BDF83C90009004F0FE
:10E7100048FD182204460021FDF765FE032D14BFB5
:10E72000022208224146E5732046FDF751FE019A78
:10E73000009826730023394684F80DB0A4F808A089
:10E74000A4F80A900C9303B0BDE8F04FD7F7A6BE2B
:10E750002DE9F04F87B01D46149B0493CDE90101CC
:10E760009DF85830059318219DF840809DF844B0DD
:10E77000BDF848A0BDF84C709DF85490BDF85C60A1
:10E78000039204F00EFD182204460021FDF72BFE33
:10E79000032D0399E57314BF022208222046FDF7DA
:10E7A00017FEDDE90423DDE9010184F80C8084F81B
:10E7B0000DB0A4F808A0678184F81090109607B0F7
:10E7C000BDE8F04FD7F76ABEFF2838B5044601D13F
:10E7D000002038BDD7F7C6FF4368002BF8D00025CE
:10E7E00004E0182C09D9193CE4B20135D7F7BAFF77
:10E7F00043681B78AB42F4D8EAE7D7F7B3FF436826
:10E80000D3F8013053F82530D3F81F00C4EBC4040B
:10E810002044DEE74288C3889A4201D9438002E05F
:10E8200083889A42FAD3704700221146D8F748B835
:10E830002DE9F84F074688469146D7F793FF43687E
:10E84000FF26002B40D13046BDE8F88FD7F78AFF6E
:10E850004368D3F8013053F825301B78BB424FEAA8
:10E86000850B25D1D7F77EFF4368D3F8013053F8E5
:10E870002530D3F81F404FF0000AD7F773FF4368E5
:10E88000D3F8013053F80B309B7F9A4510D2237890
:10E89000BB4215D1B4F80130434511D1B4F803306F
:10E8A0004B450DD1A3795BB12046D7F7CBFF064688
:10E8B0000135D7F757FF43681B789D42C6D3C2E79F
:10E8C00007340AF1010AD8E70025F2E72DE9F04FF5
:10E8D0008BB01B21079004F064FC054690F813B040
:10E8E000079804F026FBBBF1150F82780CBF1423A8
:10E8F0001B239A4288BF83700746D7F733FF4078BF
:10E9000004F0A9FB297D2A7EB1FA81F14909920020
:10E9100042EAC102824642F010020AF8012B2A7E26
:10E920002AB15046B5F8191004F0DBFF82466A7D23
:10E930008AF80020BBF1150F0CBF16220D228AF8B1
:10E940000120287BD7F7CCFA2A7DB5F80F10002AD2
:10E9500014BF02220122FFF790FD00260690D0F896
:10E9600004908AF8026041880AF10304002975D1F5
:10E970004FF6FD722046ADF826200DF12601022249
:10E98000FDF726FD2122BBF1150F8AF805204FF077
:10E99000010212BF0AF106048AF806200AF10704F0
:10E9A0008AF80220D7F7DEFE002340780493B5F8FA
:10E9B0000F300393B5F8113002932B7B0193EB7A60
:10E9C00000936A1C02232146FFF790FED7F7CAFE88
:10E9D000079B43700BB0BDE8F08FB9F80000B7F8A3
:10E9E00000C081B28C452DD803042BD4BBF1150F88
:10E9F0002BD12B7E01F4804093B198B90136069B50
:10EA00005988F0B20139814203D997F802C0C44550
:10EA1000E3D881428CBF002101218AF80210C1E7AE
:10EA20000028EBD1204604F05CFF99F80210017039
:10EA300099F8031001F007014170841C08F10108E6
:10EA40005FFA88F809F10A09D8E7204604F049FF7F
:10EA5000044699F8021004F8011BEFE7B046CEE730
:10EA60002DE9F04707460E469046EBF7A3FA054618
:10EA7000002854D0318842463846FFF795FBD7F737
:10EA800071FED0F89C30F3B13421284604F089FBA4
:10EA9000D6F806100446B078D7F712F9B3784A2BA7
:10EAA000814615D8402B07D9413BDBB240F2872283
:10EAB00022FA03F3DB070DD44A46414604F10C0069
:10EAC000FDF786FCCCB92846BDE8F047EBF7BEBAA7
:10EAD000F12BF1D14946284604F07DFA34218246D3
:10EAE000284604F05EFB04464A4641465046FDF780
:10EAF0006FFC84F80C90C4F810A0002323703B7BBB
:10EB00006370B378A370B7F80F30238133886381C3
:10EB1000D7F728FED0F89C3028469847D3E7BDE8C1
:10EB2000F08770B503464FF6FF754068551B18BF58
:10EB3000012590B1002406888E4207D1868896422E
:10EB400004D1C678C6F34016B54206D05E880134BB
:10EB5000A64200F10A00EED8002070BD2DE9F04F6A
:10EB60001B218FB0074604F01CFB437B0546C3F313
:10EB70004013007B0893D7F7B3F92B7DB5F80F103E
:10EB8000002B14BF02220122FFF777FC0990D7F770
:10EB9000E9FD407804F05FFA2A7D2B7EB2FA82F21A
:10EBA00052099B0043EAC20343F0100300F8013B03
:10EBB0002B7E1BB1B5F8191004F093FE6B7D03702A
:10EBC00001234370841C384604F0B3F9824638466A
:10EBD00004F0B9F943080A934FF000090A9B5FFA61
:10EBE00089F199425BD22B7EC3B3B5F8196002223A
:10EBF0000AEB41010DF13600FDF7EAFBBDF83610D6
:10EC000009983246FFF78DFFB5F80F100646B5F8A4
:10EC10001100FFF760FD20B3D7F7A4FD214640782F
:10EC200004F034FAC0F5CA6808F1010816BBBDF853
:10EC300036104FF6FD73994265D10DF1360102226F
:10EC40002046FDF7C5FB2123A670E3700121201D9E
:10EC500004F047FE044609F10109BFE74FF6FF76CD
:10EC6000C5E7D7F77FFD2146407804F00FFAC0F1E1
:10EC70005208DBE7D6F80610002944D0F37813F0E9
:10EC8000400B40D1DA0728D49B073ED5D7F77CFD4F
:10EC9000012814BF8F267E26B8F1020F39D8D7F786
:10ECA00061FD089A40780023CDE90432CDE90633AE
:10ECB000B5F80F300393B5F8113002932B7B019315
:10ECC000EB7A00936A1C02232146FFF741FDD7F738
:10ECD00049FD47700FB0BDE8F08FB078D6F7F0FF70
:10ECE000011D884513D331880B90204604F0F9FDAF
:10ECF00080F800B0B17841700B9BD6F80620023046
:10ED0000D8F7D0FAA6E78626C6E70126C4E7892603
:10ED1000C2E72046BDF8361004F0E3FD044604F8CF
:10ED2000016B98E710B51B21044604F03AFAB0F8DD
:10ED30000F2040F605339A42204603D1BDE810402B
:10ED4000D8F79CBABDE81040FFF708BF4FF6FF7236
:10ED5000FFF7E7BEF8B50D46BDF8187016461C461D
:10ED6000D7F7BEF832462946FFF787FB3A462146D9
:10ED7000BDE8F840FFF7D5BE13B54FF6FF74009419
:10ED8000FFF7E8FF02B010BD2DE9F04F1B218FB057
:10ED9000074604F006FA0446007BD7F7A1F8237D66
:10EDA000B4F80F10002B14BF02220122FFF765FBFD
:10EDB000E37C0C90052B00F0A380D7F7D3FC4078C0
:10EDC00004F049F9227D237EB2FA82F252099B00B7
:10EDD00043EAC20343F0100300F8013B237E1BB15A
:10EDE000B4F8191004F07DFD637D037004234370B3
:10EDF000851C384604F09DF88046384604F0A3F898
:10EE0000237E8246002B7DD0B4F81930099300236D
:10EE10000B930126BAF1030F7ED8E37C032B41D17B
:10EE2000002E4FD0384604F084F88146384604F06E
:10EE30008AF80328804640F20281B9F1000F00F001
:10EE4000FE8009F1030A99F802005146D6F738FF0F
:10EE50000330C0B28045C0F0F280B9F80010099AC2
:10EE600009EB000BA8EB00080C98FFF75AFE237D76
:10EE7000B4F80F1081460022002B207BB9F8003037
:10EE8000CDE901A2099A009214BF02220122FFF7E4
:10EE90000AFB524649462046FFF7E2FDB8F1030F50
:10EEA00000F2CB80E37C052B00F0CD8056B1002D25
:10EEB00000F0CF809DF82C30002B00F0CA8000239A
:10EEC00005F8013B002F00F0EC80D7F74BFC002346
:10EED0004078CDE90633627BC2F34012CDE90432BB
:10EEE000B4F80F300393B4F811300293237B0193ED
:10EEF000E37A0093621C02232946FFF729FCD0E045
:10EF0000002576E74FF6FF7380E72E460B9BDDF872
:10EF1000348001330B937DE7B8F1000F3FF47DAFF0
:10EF200008F1030398F802000A931946D6F7C8FEC1
:10EF30000330C0B28245FFF470AF08EB0003B8F8AD
:10EF40000010099A0D93AAEB000A0C98FFF7E9FD4F
:10EF5000814668BB4FF6FD7399420CBF4FF0880B9A
:10EF60004FF0860BE37C052B20D0002DCDD0B4F8DC
:10EF70000F10B4F81100FFF7AEFB002854D0D7F7FC
:10EF8000F1FB2946407804F081F8C0F5CA660136E5
:10EF9000022E94BF00260126002EB7D0284602225A
:10EFA00000F801BB4146FDF713FA03350026ADE733
:10EFB000D0F80630002B31D0827898F802309A428F
:10EFC0002FD1237D217BB4F80F20002B4FF00103BC
:10EFD00001930A9B009314BF02230123FFF7F4F966
:10EFE00083460028BED1E37C032B8FD0237D0A9A71
:10EFF000B4F80F10207B002BB9F800300192099A69
:10F000000092CDF808B014BF02220122FFF74BFA9C
:10F010000A9A49462046FFF723FD77E74FF0860B13
:10F02000A0E74FF08D0B9DE7D7F79CFB2946407872
:10F0300004F02CF8C0F15206AAE7D94601E7E37CB8
:10F04000052B7FF434AF38460FB0BDE8F04FEAF738
:10F05000FDBFD7F787FB407803F0FDFF237D002B32
:10F0600014BF102318230370637D43700B23837038
:10F07000E37CC370802303710546D7F773FB002739
:10F0800040780497B4F80F300393B4F8113002932A
:10F09000237B0193E37A0093621C0223691DFFF72F
:10F0A00025FBD7F75FFB47700FB0BDE8F08F2DE968
:10F0B000F0438FB0002388461B210693044604F0DA
:10F0C00070F81B22014607A8FDF782F9204603F0DD
:10F0D0003AFF022807D0852207A9204600F0DAFD72
:10F0E0000FB0BDE8F083204603F023FF9DF83430D5
:10F0F00007784678002B5CD0D7F734FBD0F8F43093
:10F10000002B44D10025512E204628BF512603F064
:10F11000A2FF9DF830209DF83430B2FA82F25209F5
:10F120009B0043EAC20343F0100300F8013B9DF843
:10F130003430B1461BB1BDF8351004F0D2FB9DF858
:10F1400031300370B8F1000F0CBF14231223437049
:10F1500000238370C11C1A465FFA83FC65457FD883
:10F160000123837000230493BDF82B300393BDF873
:10F170002D3002939DF8283001939DF8273000939D
:10F180000DF11D0202232046FFF7B0FAA8E7D7F7DA
:10F19000E9FA06ABCDE90083BDF82B20D0F8F45096
:10F1A000BDF835309DF828109DF83000A847054679
:10F1B000A9E79DF828009DF83050BDF82B90D6F7B0
:10F1C0008FFE00289ED0002D0CBF0122022249464E
:10F1D000FFF753F9002895D05DBB037A13F0010FB8
:10F1E00090D09DF83030BDF82B109DF82800002BF2
:10F1F00014BF0222012200F0D5FC0346002881D072
:10F20000FF20984700283FF47DAFB8F1000F17D0DA
:10F21000D7F7A8FAD0F85C321D78D7F7A3FAD0F860
:10F220005C325B680693D7F79DFA0023C0F85C3226
:10F2300069E7012D7FF466AF037A13F0020FCFE781
:10F24000D7F790FAD0F85C321D7AD7F78BFAD0F85E
:10F250005C32DB680693D7F785FAC0F85C8252E728
:10F26000069E16F803C0674506D80132D2B2914512
:10F2700001F801CB7FF676AF01336DE700207047D0
:10F280007047F0B587B00C4617461E46054603F09A
:10F29000E2FE19230370637D437003238370C770FC
:10F2A0003146043004F01DFB00230493B4F80F3002
:10F2B0000393B4F811300293237B0193E37A009314
:10F2C00001460223621C2846FFF710FA07B0F0BD82
:10F2D00010B588B0044603F02CFE1B22014601A89D
:10F2E000FDF776F80821204603F05BFF01464068F1
:10F2F000D8F764FC0B88024601A92046FFF7C1FF3E
:10F3000008B010BD70B58EB0044603F012FE1B228B
:10F31000014607A8FDF75CF80821204603F041FFED
:10F320004068D8F74BFC8B280546204608BF0025CF
:10F3300003F091FE192303709DF8313043700323CD
:10F3400083709DF83360204616BB03F084FE1823BB
:10F3500003709DF8313043700B2383709DF82F307C
:10F36000C3700571BDF82B300393BDF82D300293A7
:10F370009DF8283001939DF827300093411D049695
:10F3800002230DF11D022046FFF7B0F90EB070BD4B
:10F39000EAF75CFEFAE72DE9F04186B00C46174625
:10F3A0001E46054603F057FE19230370637D437024
:10F3B0004FF0000880F80280C7703146043004F036
:10F3C00090FACDF81080B4F80F300393B4F81130F0
:10F3D0000293237B0193E37A009301460223621C8C
:10F3E0002846FFF783F906B0BDE8F08110B588B074
:10F3F000044603F09EFD1B22014601A8FCF7E8FF2E
:10F400000821204603F0CDFE01464068D8F7D6FB20
:10F410000B88024601A92046FFF7BDFF08B010BDCA
:10F4200070B51646B1F809204FF6F7739A4286B0C8
:10F4300005460C462FD84B7B13F00C0F2BD1CB7D00
:10F4400003B146B3A37D13B1E37C0B2B23D0237808
:10F45000013B012B1FD9284603F0FDFD1823037043
:10F46000637D43700B238370E37CC37000230671BC
:10F470000493B4F80F300393B4F811300293237B54
:10F480000193E37A0093411D0223621C2846FFF793
:10F490002DF906B070BD284606B0BDE87040EAF709
:10F4A000D5BD10B588B0044603F043FD1B220146CC
:10F4B00001A8FCF78DFF0821204603F072FE40688A
:10F4C000D8F77CFB01A902462046FFF7A9FF08B048
:10F4D00010BD10B5044603F0EAFE2046BDE810401A
:10F4E000EAF7B4BD10B5102301224FF4A061044621
:10F4F000FFF742FC0122D0F806304FF4A06120460D
:10F50000BDE81040E0F7B0BC0020704770B51D2189
:10F5100088B0054603F045FE1B220146064601A8B9
:10F52000FCF756FFD7F71EF9D0F89C300BB3342107
:10F53000284603F036FE0222044606F11B0108307D
:10F54000FCF72FFF062323709DF810306370002313
:10F550006360D7F707F9D0F89C3028469847606871
:10F56000D7F754F901A90246284600F0DAFB08B0A3
:10F5700070BD6FF01E00F3E737B500230D4604465B
:10F5800011460DF106000222ADF80630FCF720FF0F
:10F590002DB9BDF80610204619B1D8F76FFE03B09B
:10F5A00030BDD8F7CFFFFAE708B54FF6FD739842A4
:10F5B00008D11046FFF755F803284FF0FF3098BFE9
:10F5C000002008BD0020FCE7F0B585B00C461746CA
:10F5D000054603F04BFC23888DF80F303421064696
:10F5E00003F0DFFD072303709DF80F3003724570B1
:10F5F0000446D7F7B7F8D0F89C3093B900230DF143
:10F600000F0201930092082101222846FEF79AFF7B
:10F6100001231A4608212846FFF7AEFB80B90024D3
:10F6200008E0D7F79FF8D0F89C30304698476468D8
:10F63000002CE3D03046EAF709FD204605B0F0BDC6
:10F64000D0F806301A88BA4288BF1F80E7E730B585
:10F6500085B00DF10E030024009301231A460546E0
:10F6600008210194ADF80E40FEF76CFF4EF6FF73D3
:10F67000012208212846FFF77FFBD0F806302246FA
:10F68000D8790821FFF7D4F8FF2801D0D7F79AFAE4
:10F6900005B030BD08B501224EF6FF730821FFF713
:10F6A0006BFB08B1D0F8060008BD1FB500238DF82C
:10F6B0000F30FFF7EFFF837853B1437843B90DF173
:10F6C0000F02C0790092019301220621FEF73AFF52
:10F6D00005B05DF804FB2DE9F843064608460D46E3
:10F6E000FFF7D8FF0F230746012208212846FFF71E
:10F6F00043FB10B90120BDE8F883D0F8063030464E
:10F700001C7803F020FC012815D9304603F011FCC9
:10F7100088B190F8009090F801800221304603F003
:10F72000D8FC19F0010F06D018F0010F14BF44F0F7
:10F73000010404F0FE043B7A032BDBD82846D6F7FD
:10F74000CFFB01220621FEF798FE0028D2D000212F
:10F75000FFF7FCFA0028CDD0D0F806301B78002B3C
:10F76000C8D104F00100C6E770B5064686B0080AA5
:10F770000C46FFF78FFF0546304603F06CFC18235C
:10F7800003706B7A43700B2383702B7AC370E3B2E0
:10F79000B3FA83F35B09037100220823CDE9033236
:10F7A000AB890293EB790193AB790093411D02235E
:10F7B0002A1D3046FEF79AFF06B070BD2DE9F043D2
:10F7C00085B004464FF001091046884616468DF86C
:10F7D0000D90FFF75FFF07462046FFF725F8044628
:10F7E000002836D0242103F0DCFC0546B8F1000FD8
:10F7F0000BD043884BB10DF10D020023F879009234
:10F8000001934A460621FEF79DFEF8792346002221
:10F810000821D7F7FDF9FF2818D0AA8B0023012A69
:10F8200088BF6A89ADF80E3001930DF10E03009385
:10F830004FF0010388BFADF80E2008211A4630466C
:10F84000FEF780FE012005B0BDE8F0832046EAF710
:10F85000FDFB0020F7E770B51B2192B0044603F0D2
:10F86000A0FC1B22014604A8FCF7B2FD049B9DF8F6
:10F870001C008DF80700C3F30F23ADF804309DF88A
:10F880001B308DF806309DF823308DF808309DF838
:10F8900025308DF809309DF827308DF80A30089B07
:10F8A000C3F30F23ADF80C30012200230821FFF72A
:10F8B00063FA0546012208214EF6FF739DF8070002
:10F8C000FFF75AFAD5F806309DF807001D78FFF7C4
:10F8D000E1FE0A2200F8045B01A9FCF779FD9DF81E
:10F8E0000830072B57D8DFE803F004111C270D1848
:10F8F00023279DF8072000212046D8F767FE012026
:10F9000012B070BD9DF807200121F5E79DF8072092
:10F9100000212046D8F7D8FEF1E79DF80720012105
:10F92000F7E79DF8072000212046D8F765FFE6E7B6
:10F930009DF807200121F7E70A21204603F031FC5A
:10F940000A2201A9FCF744FD1B2120469DF807600F
:10F9500003F027FC1B2201460BA8FCF739FD3046BB
:10F96000FFF798FE314605462046FFF7B4FE10B17A
:10F970003046FFF76CFEAB7A3BB9E979090241F0FA
:10F9800001012046FFF7F0FEB9E7002CB7D0204672
:10F99000EAF75CFBB3E70020B2E710B5D6F7E2FE6A
:10F9A0004FF431720021FCF71EFDD6F7DFFE0C226A
:10F9B0000021FCF718FDD6F7D5FE0446EAF7FAFA5F
:10F9C0006070D6F7CFFEBDE81040D9F7F5BD2DE940
:10F9D000F047DDF8209080460F4616461D46B9F1E7
:10F9E000000F05D122B91BB96FF00600BDE8F08702
:10F9F000D6F7B8FE90F85832132BF5D800240AE059
:10FA0000D6F7B0FE00EB04104FEA041AB0F8F83055
:10FA1000434507D00134D6F7A5FE90F858329C42F2
:10FA2000EED306E0D6F79EFE504490F8FA30BB4283
:10FA3000F0D1D6F797FE90F858329C4202D06FF082
:10FA40001A00D3E7D6F78EFE00EB04104FEA041A33
:10FA5000A0F8F880D6F786FE5044103480F8FA708B
:10FA6000D6F780FE50442401C0F8FC90D6F77AFE09
:10FA70000651D6F777FE20444560D6F773FE90F81E
:10FA80005832013380F858320020AFE7F8B5054608
:10FA90000E460024D6F766FE90F858329C4201D3F9
:10FAA000002014E0D6F75EFE00EB04102701B0F84A
:10FAB000F830AB420CD1D6F755FE384490F8FA3006
:10FAC000B34205D1D6F74EFE3844D0F8FC00F8BD5D
:10FAD0000134DFE7F8B505460E460024D6F742FEAE
:10FAE00090F858329C4201D3002015E0D6F73AFE38
:10FAF00000EB04102701B0F8F830AB420DD1D6F777
:10FB000031FE384490F8FA30B34206D1D6F72AFED7
:10FB100000EB0410D0F80001F8BD0134DEE7F8B5C1
:10FB200005460E460024D6F71DFE90F858329C423A
:10FB300001D3002015E0D6F715FE00EB04102701D5
:10FB4000B0F8F830AB420DD1D6F70CFE384490F83F
:10FB5000FA30B34206D1D6F705FE00EB0410D0F818
:10FB60000401F8BD0134DEE7F8B54F1E18BF0127C8
:10FB700005460C46D6F7F6FD00EB07103E01B0F83F
:10FB80003832AB4201D00020F8BDD6F7EBFD30444F
:10FB900090F83A32A342F6D1D6F7E4FD3044D0F8DB
:10FBA0003C02F1E770B506460C461546EFF762FDDC
:10FBB00038B1C42E05D129462046BDE87040FFF774
:10FBC000D3BF29462046BDE87040FFF75FBF70B540
:10FBD00006460C461546EFF74DFD38B1C42E05D14B
:10FBE00029462046BDE87040D8F73ABF294620464E
:10FBF000BDE87040FFF76EBF70B506460C4615466F
:10FC0000EFF738FD38B1C42E05D129462046BDE8AE
:10FC10007040D8F75BBF29462046BDE87040FFF72B
:10FC20007EBF10B51B21044603F0BBFA037DB0F87C
:10FC30000F10007B002B14BF02220122FFF7B2FF3E
:10FC4000034618B12046BDE81040184710BD70B5F6
:10FC50001B21064603F0A5FA05463046D6F7ECFB15
:10FC6000044670B9AB7D30466BB1D7F721FF40B980
:10FC7000D6F78AFD01280BD02B7EAC7D33B17D3CBD
:10FC8000E4B2204670BDFFF7CCFFF0E77F3CF7E71A
:10FC90008124F6E770B51646B1F809204FF6F773E0
:10FCA0009A4286B005460C4634D84B7B13F00C0FB5
:10FCB00030D1CB7D03B16EB3A37D13B1E37C0B2BAD
:10FCC00028D02378013B012B24D9284603F0C3F91F
:10FCD000237D002B14BF102318230370637D437012
:10FCE0000B238370E37CC370002306710493B4F884
:10FCF0000F300393B4F811300293237B0193E37A1E
:10FD00000093411D0223621C2846FEF7EFFC0120F0
:10FD100006B070BD0DB90020FAE72846EAF796F95B
:10FD2000F9E770B51646B1F809204FF6F7739A4215
:10FD300086B005460C462FD84B7B13F00C0F2BD109
:10FD4000CB7D03B146B3A37D13B1E37C0B2B23D052
:10FD50002378013B012B1FD9284603F07CF9182397
:10FD60000370637D43700B238370E37CC3700023B7
:10FD700006710493B4F80F300393B4F81130029372
:10FD8000237B0193E37A0093411D0223621C2846E2
:10FD9000FEF7ACFC06B070BD284606B0BDE870406A
:10FDA000EAF754B970B51646B1F809204FF6F77363
:10FDB0009A4288B005460C4635D84B7B13F00C0FA1
:10FDC00031D1CB7D03B176B3A37D13B1E37C0B2B93
:10FDD00029D02378013B012B25D9284603F03BF994
:10FDE00018230370637D43700B238370E37CC3701F
:10FDF00000230671CDE90633627BC2F34012CDE9E0
:10FE00000432B4F80F300393B4F811300293237B1B
:10FE10000193E37A0093411D0223621C2846FEF7FA
:10FE200097FC08B070BD284608B0BDE87040EAF7FE
:10FE30000DB970B51646B1F809204FF6F7739A421E
:10FE400086B005460C4640D84B7B13F00C0F3CD1D6
:10FE5000CB7D0BB1002E38D0A37D13B1E37C0B2BEF
:10FE600033D02378013B012B2FD9284603F0F3F838
:10FE7000227D237EB2FA82F252099B0043EAC2033A
:10FE800043F0100300F8013B237E1BB1B4F81910B6
:10FE900003F027FD637D03700B234370E37C8370C5
:10FEA0000023C6700493B4F80F300393B4F81130F4
:10FEB0000293237B0193E37A0093011D0223621CCA
:10FEC0002846FEF713FC06B070BD284606B0BDE814
:10FED0007040EAF7BBB870B586B0182205460E46EA
:10FEE00068460021FCF77FFA01214FF4A060D6F7A5
:10FEF00005FA044600284BD0102301224FF4A061DC
:10FF0000FEF73AFF0822D0F806106846FCF760FAC0
:10FF1000002301224FF4A0612046FEF72DFFD0F808
:10FF200006301B788DF8093001224EF201034FF4A0
:10FF3000A0612046FEF720FFD0F806301B788DF830
:10FF40000830012211234FF4A0612046FEF714FF70
:10FF500010B1D0F8063018788DF80C004EF202037C
:10FF600001224FF4A0612046FEF706FFD0F80630CC
:10FF70001B88ADF80A3001224FF460434FF4A061B2
:10FF80002046FEF7F9FED0F806301B788DF81730C2
:10FF900001212020D6F7B2F968B14EF6FE73012296
:10FFA0002021FEF7E9FED0F806301A88ADF80E20C1
:10FFB0009B788DF80D3018236A4631462846ECF7B9
:10FFC0002DFD06B070BD2DE9F041D6F7CBFB44689E
:10FFD000002C35D104EB4400C00080B2BDE8F081B4
:10FFE000D6F7C0FB4368D3F8013053F82730D3F875
:10FFF0001A304FEA87089BB1D6F7B4FB4368D3F8B1
:020000040004F6
:10000000013053F82730D3F81A600025D6F7AAFB41
:100010004368D3F8013053F808305B7EAB4207D811
:100020000137D6F79FFB43681B78BB42D8D8D1E78E
:10003000337ADB0744BF0134A4B230360135E5E73B
:1000400000242746EDE72DE9F04F89B0884601905E
:1000500000241823B2FBF3F7D6F784FB43681B7820
:10006000A3420AD8002635464FF0180BBD420BFBC1
:10007000058126D309B0BDE8F08FD6F773FB43683E
:10008000D3F8013053F82430D3F81A30BBB1D6F787
:1000900069FB4368D3F8013053F82430D3F81A5081
:1000A000D6F760FB4368D3F8013053F824305A7E0A
:1000B00002EB4202120100212846FCF794F90134B8
:1000C000CAE70198182302AAEBF7BCFC04460028F3
:1000D00040F08980D6F746FB43681B78A34217D9C6
:1000E000D6F740FB4368D3F8013053F82430D3F8F7
:1000F0001A300BB90134EDE7D6F734FB4368D3F877
:10010000013053F824301A789DF809309A42F1D121
:10011000D6F728FB43681B78A34260D9D6F722FBA9
:100120004368D3F8013053F824304FEA840AD3F8F7
:100130001A404FF00009D6F715FB4268D2F80120AB
:1001400052F80A20527E4A4502D9227AD3074CD46B
:10015000D6F708FB4268D2F8012052F80A20527EF6
:100160004A453CD9237A9DF80820227043F00103C8
:1001700023729DF809306370BDF80A3063809DF8E2
:100180000C302371BDF80D30E3809DF80F309DF8E1
:10019000101043EA0123E3859DF811302372BDF866
:1001A000123023822AB9BDF814306382DDF816308C
:1001B0006361BDF81A3023859DF81C3084F82A301D
:1001C000079BC3F30F23A38508224FF0FF3104F1EF
:1001D0001C00FCF708F9204600F01AFB013616B1A6
:1001E0000020D9F79DFA013540E709F101093034C3
:1001F000A1E72DE9F04786B007460E46D6F7B2FADA
:100200004568002D46D1284606B0BDE8F087D6F7F0
:10021000A9FA4368D3F8013053F82530D3F81A30DF
:100220004FEA850AA3B1D6F79DFA4368D3F80130A7
:1002300053F82530D3F81A904FF00008D6F792FA09
:100240004368D3F8013053F80A305B7E434516D833
:100250000135D6F787FA43681B78AB42D7D8002C14
:1002600040F09280182221466846FCF7BCF818231B
:100270006A4631463846ECF7D1FB0546C3E799F8A4
:100280000830DA0744BF0134E4B209F1300908F15B
:100290000108D3E700242546DBE7D6F763FA436875
:1002A000D3F8013053F82930D3F81A304FEA890ACD
:1002B000ABB1D6F757FA4368D3F8013053F8293079
:1002C000D3F81A404FF000083034D6F74BFA4368A1
:1002D000D3F8013053F80A305B7E984508D309F112
:1002E0000109D6F73FFA43681B789945D5D38AE7C9
:1002F00014F8283CDB0743D5182200216846FCF798
:1003000072F814F8303C8DF8003014F82F3C8DF85A
:10031000013034F82E3CADF8023014F82C3C8DF846
:10032000043034F82A3CADF8053034F8023CADF81E
:10033000073014F8283C8DF8093014F8302C34F8C4
:10034000203CADF80A303AB934F81E3CADF80C3018
:1003500054F81C3CCDF80E3034F8083CADF812309F
:1003600014F8063C8DF8143034F8043CADF8153020
:10037000314618236A463846ECF750FB18360546D6
:1003800008F101083034A0E74FF000094D46A8E716
:1003900030B587B018236A46EBF754FB05460028B2
:1003A00056D101212020D5F7A9FF2B46012220217B
:1003B0000446FEF7E1FCD0F80630009A1A600123EB
:1003C0001A4620212046FEF7D7FCD0F806300198C7
:1003D0001860FA256843F3F77FFB012220210223EE
:1003E0002046FEF7C9FCD0F80630BDF8080018809A
:1003F0006843F3F73BFB0122202103232046FEF74D
:10040000BBFCD0F80630BDF80A0018806843F3F74B
:100410003FFB0423012220212046FEF7ADFCD0F84B
:100420000630039A1A602021052301222046FEF798
:10043000A3FCD0F80630049A1A602021062301227A
:100440002046FEF799FCD0F80630BDF814201A803B
:1004500007B030BD70B5054686B00E46202001219C
:10046000D5F74CFF1822044600216846FBF7BBFF76
:100470000023012220212046FEF77EFCD0F8063022
:100480001B68009301231A4620212046FEF774FCC6
:10049000D0F806301B680193012202232021204658
:1004A000FEF76AFCD0F806301B88ADF80830012250
:1004B000032320212046FEF75FFCD0F806301B887E
:1004C000ADF80A300122042320212046FEF754FC17
:1004D000D0F806301B680393012205232021204613
:1004E000FEF74AFCD0F806301B680493012206236D
:1004F00020212046FEF740FCD0F806301B88ADF8DE
:1005000014306A46182331462846ECF787FA06B0BD
:1005100070BD44F20203984208D8B0F5804F19D854
:1005200020F4804078B14FF0FF30704744F203036D
:100530009842F8D110780338C0B2FB284FF0FF3052
:1005400088BF00207047107801284FF0FF3098BF17
:100550000020704700207047F8B50F46342116463A
:10056000054602F01EFE0023037043600623477019
:10057000067383600446D6F7F5F8D0F89C30284619
:1005800098476068F8BDF0B51D218BB0054602F0B4
:1005900008FE002701461B22064603A88DF80B70B3
:1005A000FBF716FFD6F7DEF8D0F89C30002B38D0DA
:1005B0003421284602F0F5FD0222044606F11B0113
:1005C0000830FBF7EEFE032323709DF818306370AC
:1005D0006760D6F7C7F8D0F89C302846984764681B
:1005E000ACB90DF10B0300930122234606219DF8BF
:1005F00018000194FDF7A6FF44F201039DF81800CE
:1006000001220621FEF7B8FBD0F806301C802046F8
:10061000D6F7FCF803A902462846FFF782FB0BB089
:10062000F0BD6FF01E04F2E708B50020F3F78AF979
:10063000BDE80840042000F057BBF8B50F4608217C
:100640001646054602F0ADFD082204460021FBF7E0
:10065000CAFE20232770638066602846BDE8F84004
:10066000DEF7B0BE10B50023044601220846202163
:10067000FEF782FBD0F8063020461968BDE810402E
:10068000D8F77CBE2DE9F0410746D6F76BF84468F1
:10069000002C45D12046BDE8F081D6F763F84368C9
:1006A000D3F8013053F825301B78BB424FEA850858
:1006B0002BD1D6F757F84368D3F8013053F82530DB
:1006C000D3F81A300BB3D6F74DF84368D3F801309E
:1006D00053F80830D3F81A400026D6F743F8436899
:1006E000D3F8013053F808305B7E9E4202D2237A61
:1006F000DB0712D4D6F736F84368D3F8013053F845
:1007000008305B7E9E4228BF00240135D6F72AF8C8
:1007100043681B789D42C0D3BCE730340136DCE728
:1007200000252C46F2E72DE9F041D6F71BF8436887
:10073000002B44D1BDE8F081D6F714F84368D3F814
:10074000013053F82430D3F81A304FEA84085BB3F1
:10075000D6F708F84368D3F8013053F82430D3F8BB
:100760001A600027D5F7FEFF4368D3F8013053F82D
:1007700008305B7E9F4217D2337A03F00602062AC6
:100780001AD113F0080517D1D5F7ECFF90F8AA306D
:1007900093B1D5F7E7FF90F8AA103046D7F7DCF809
:1007A000D5F7E0FF80F8AA500134D5F7DBFF4368A6
:1007B0001B789C42C0D3BDE730360137D2E7002416
:1007C000F3E7FF2838B5044601D1002038BDD5F73E
:1007D000C9FF4368002BF8D0002504E0182C09D984
:1007E000193CE4B20135D5F7BDFF43681B78AB4235
:1007F000F4D8EAE7D5F7B6FF4368D3F8013053F8E9
:100800002530D3F81A0004EB440400EB0410DDE7B4
:1008100038B5058A04463DB9037A43F004029B07C4
:1008200002720FD4458A6DB14FF6FF739D4209D015
:10083000EEF7F2FD237A43F010032372422303FB09
:100840000500E06038BD2DE9F74F9946BDF830B09E
:1008500001900F469046D5F785FF4368002B4DD198
:100860000024204603B0BDE8F08FD5F77BFF436836
:10087000D3F8013053F82530D3F81A304FEA850AFF
:100880003BB90135D5F76EFF43681B789D42ECD329
:10089000E6E7D5F767FF4368D3F8013053F8253012
:1008A000D3F81A400026D5F75DFF4268D2F8012040
:1008B00052F80A20527E96420AD3D5F753FF426877
:1008C000D2F8012052F80A20527E9642D9D2C8E7C7
:1008D0006278019B9A420ED16288BA420BD122798A
:1008E000424508D1E2884A4505D1E28D5A4502D1F8
:1008F000227AD307E1D430340136D4E70025C1E7AA
:100900002DE9F34105468846D5F72CFF436823B906
:100910000024204602B0BDE8F08100240BE0D5F7AA
:1009200021FF4368D3F8013053F824301A786B78EC
:100930009A4208D00134D5F715FF43681B78A342CB
:100940004FEA8407EBD8D5F70DFFD5F70BFF4368C7
:10095000D3F80130DB59D3F81A30002BD8D0D5F7B3
:1009600001FF4368D3F80130DB59D3F81A40002661
:10097000D5F7F8FE4368D3F80130DB595B7EB3420C
:100980002CD9237AD80733D5B4F82EC0E38822793E
:1009900061886078CDF800C0FEF7DCF9237AC27870
:1009A00003F00601062923D1190721D4A16AA86AF8
:1009B000414031F07F411BD1A08DA98D884217D1D4
:1009C000216828684140FF2912D8C2F340124245ED
:1009D0000ED123F0060343F020032372D5F7C2FEA5
:1009E0004368D3F80130DB595B7EB34291D88FE77F
:1009F00030340136BCE713B5BDF810400094FFF762
:100A000022FF20B102B0BDE81040D8F74BBE02B0C3
:100A100010BD38B5044688780D46FDF7C2FCAB78AA
:100A200060B3203B0B2B0BD8DFE803F0060B151C43
:100A30000A210A0A0610151CD5F806301B78237700
:100A400038BDD5F806301B88A383F9E7D5F8063002
:100A5000B3F90030F8E7D5F806301A889B78A37709
:100A6000A283EDE7D5F806301B68E361E8E7D5F827
:100A700006301868E0619B882384E1E7D5F806100A
:100A80001846D5F71DF90146D5F80600EDF798FD93
:100A9000E061D5E72DE9F04154688CB080460F46FF
:100AA0001646002C3BD0302200216846FBF79BFC09
:100AB000727833788DF8018043EA02230025ADF87F
:100AC0000230337A8DF8043008220523294605A820
:100AD0008DF80050ADF82C700993FBF784FCE37897
:100AE0005B0715D52388ADF80630A388ADF82E3006
:100AF000A078FDF756FC38B1A078D5F7E7F90021CA
:100B0000024605A8FBF76FFC00216846D8F7B8FF3E
:100B100072880135ABB29A4204F10A04DFD80CB0F6
:100B2000BDE8F081F0B51B218FB0044602F039FB1F
:100B30001B22014607A8FBF74BFC204602F003FAF4
:100B4000032844D9204602F0F4F9054600283ED097
:100B5000C71C39468078D5F7B3F8C61C204602F08A
:100B6000F2F9204602F0EFF9F6B286422FD831466C
:100B7000204602F0AEFA9DF830309DF834609DF8C2
:100B80002700BDF82B10002B18BF02222B8808BFAE
:100B90000122CEB1BDF835600096FFF72CFFD5F7E6
:100BA000E1FDD0F89430002BC7D0D5F7DBFD2B88C2
:100BB0000197AA780092D0F89450BDF82B209DF8A8
:100BC000271007A8A847B8E74FF6FF76E4E79DF897
:100BD0003350204615BB02F03EFA182303709DF8EF
:100BE000313043700B2383709DF82F30C370057133
:100BF000BDF82B300393BDF82D3002939DF82830BB
:100C000001939DF827300093411D049502230DF1B7
:100C10001D022046FDF76AFD0FB0F0BDE9F716FA98
:100C2000FAE738B504460D4600F023FF38B14FF619
:100C300057439D4202D1B4FA84F0400938BD0120E7
:100C4000FCE708B500F015FF400000F0FE0008BD0D
:100C500038B5054600F00DFF88B9012038BDD5F73D
:100C600081FD04F59A7330F81330AB4209D001349A
:100C7000D5F778FD90F867329C42F0D3EDE7002479
:100C8000F6E70020EAE770B50646D5F76BFD4FF6AC
:100C900057439E421AD090F87C4200F0EAFE98B981
:100CA000204670BD0135D5F75DFD90F87D32AB4231
:100CB000F6D9D5F757FD00EB4500B0F87E32B342C8
:100CC000F0D184F00104EBE70025ECE70124E7E72D
:100CD00010B50446D9F70CFA231F5942BDE810405D
:100CE00059410020D4F7D0B910B50446D5F73AFDE4
:100CF00090F8B432DB0728D5601E042825D8DFE839
:100D000000F00324080C0A000020BDE81040D9F7C9
:100D1000CBB90220F9E70420F7E7D5F723FD90F8D7
:100D2000B432C3F34102013262F3420380F8B432B9
:100D3000D5F718FD90F8B43203F00603062B04D162
:100D4000BDE810400420FFF7C3BF10BD08B5012166
:100D50004FF65740D5F7D2FAE8B1102301224FF6EB
:100D60005741FEF709F8D0F806301B78012B12D155
:100D7000D5F7F8FC90F8B43243F0010380F8B432B0
:100D80000020D9F791F90220D9F78EF9BDE8084083
:100D90000420D9F789B908BD08B5D5F7E3FC90F868
:100DA0009E3273B9D5F7DEFC90F8A132013380F89A
:100DB000A132D5F7D7FC90F8A132022B0FD8D9F782
:100DC0003FFBD5F7CFFC90F89E32012B0AD1D9F723
:100DD000E7F90021BDE808400846D4F755B9D5F732
:100DE000C1FCF4E708BD10B5044600F042FE88B12E
:100DF000D5F7B8FC90F89E32022B0BD0DEF73AFA0A
:100E00004FF6FF73984205D0A04203D1BDE81040D1
:100E1000D9F716BB10BD10B50024D5F7A3FC90F888
:100E20006722E3B29A4210D80024D5F79BFC90F8D1
:100E30007D22E3B29A420AD80024D5F793FC90F8B9
:100E40009222E3B29A4204D810BD0134E5E701349E
:100E5000EBE70134F1E770B5D5F784FC90F8674211
:100E6000D5F780FC0225032690F87D3215FB04643B
:100E700015FB03632C4104EB9304D5F773FC90F846
:100E8000923215FB036504EB95000930800070BDBC
:100E9000F0B58BB0242301AA06460D46CCF708FC1A
:100EA0000446002840F0C081D5F75CFC9DF8043072
:100EB00080F860329DF80970D5F754FC003F18BFE8
:100EC000012780F87C72D5F74DFC0C220DF10D0145
:100ED00000F29E20FBF77CFAD5F744FC80F89F4295
:100EE000D5F740FC80F8A142D5F73CFC0121A0F8E1
:100EF000A242A0F8A4424FF65740D5F7FFF94FF6AB
:100F0000FD7301224FF657410446FDF735FFD0F837
:100F10000630BDF819201A804FF6574102230122EE
:100F20002046FDF729FF9DF82530D0F80620C3F3B1
:100F3000000313704FF65741032301222046FDF7AB
:100F40001BFF9DF82530D0F80620C3F34003137033
:100F50009DF82500C0F34000F1F7FEFC04230122B8
:100F60004FF657412046FDF707FFD0F806309DF8B1
:100F70001B201A704FF65741052301222046FDF72A
:100F8000FBFED0F806309DF81C201A704FF6574132
:100F9000062301222046FDF7EFFE9DF82530D0F80C
:100FA0000620C3F3800313704FF657410723012235
:100FB0002046FDF7E1FE9DF82530D0F80620C3F36A
:100FC000C00313709DF82500C0F3C000F1F7D0FCFA
:100FD000082301224FF657412046FDF7CDFE9DF82C
:100FE0002530D0F80620C3F3001313704FF6574195
:100FF000092301222046FDF7BFFE9DF82530D0F8D9
:101000000620C3F3401313704FF657410A23012201
:101010002046FDF7B1FED0F806309DF81D201A706D
:101020004FF657410B2301222046FDF7A5FE9DF800
:101030002530D0F80620C3F3801313704FF65741C4
:101040000C2301222046FDF797FED0F806309DF8CC
:101050001E201A704FF657410D2301222046FDF73E
:101060008BFE9DF82530D0F80620C3F3C013137013
:101070009DF82500C009F1F721FC0E2301224FF64F
:1010800057412046FDF778FED0F806309DF81F2026
:101090001A704FF657410F2301222046FDF76CFED0
:1010A0009DF82630D0F80620C3F3000313709DF896
:1010B000260000F00100F1F7EBFB102301224FF6B0
:1010C00057412046FDF758FE9DF82630D0F80620FF
:1010D000C3F3400313704FF65741112301222046FA
:1010E000FDF74AFED0F806309DF820201A704FF622
:1010F0005741122301222046FDF73EFED0F806306C
:10110000BDF821201A804FF65741132301222046B3
:10111000FDF732FED0F80630BDF823201A809DF886
:101120000830013B092B05F1240525D8D5F71AFB1A
:101130009DF8083000F51A725B0029463046CCF75E
:10114000B7FA9DF8087000286ED1D5F70BFB9DF813
:10115000083080F86732D5F705FB0446D5F702FB67
:1011600090F8673203F2331334F813204FF6FF730D
:101170009A425ED005EB47059DF80A30013B092BEA
:1011800025D8D5F7EFFA9DF80A3000F27E225B00F1
:1011900029463046CCF78CFA9DF80A70002843D1D6
:1011A000D5F7E0FA9DF80A3080F87D32D5F7DAFA03
:1011B0000446D5F7D7FA90F87D3204EB43044FF696
:1011C000FF73B4F87C229A423BD005EB47059DF8AB
:1011D0000B30013B032B27D8D5F7C4FA9DF80B3011
:1011E00000F525725B0029463046CCF761FAD8B984
:1011F000D5F7B8FA9DF80B3080F89232D5F7B2FAED
:101200000446D5F7AFFA90F8923204EB43044FF658
:10121000FF73B4F892229A4206D1D5F7A3FA90F858
:101220009232013B80F892320020FFF7F4FD0BB0C0
:10123000F0BDD5F797FA90F86732013B80F8673236
:1012400098E7D5F78FFA90F87D32013B80F87D3230
:10125000BBE7F0B58BB0242206460D4601A800215D
:10126000FBF7C1F8D5F77EFA90F860328DF80430BC
:10127000D5F778FA90F87C328DF80930D5F772FA04
:101280000C2200F29E210DF10D00FBF7A1F80121C7
:101290004FF65740D5F732F84FF6FD7301224FF65F
:1012A00057410446FDF768FDD0F806301B88ADF8BD
:1012B0001930012202234FF657412046FDF75CFD0D
:1012C000D0F806209DF82530127862F300038DF8DF
:1012D0002530012203234FF657412046FDF74CFDF0
:1012E000D0F806209DF82530127862F341038DF87E
:1012F0002530012204234FF657412046FDF73CFDDF
:10130000D0F806301B788DF81B30012205234FF6EC
:1013100057412046FDF730FDD0F806301B788DF898
:101320001C30012206234FF657412046FDF724FDCD
:10133000D0F806209DF82530127862F382038DF8EC
:101340002530012207234FF657412046FDF714FDB3
:10135000D0F806209DF82530127862F3C3038DF88B
:101360002530012208234FF657412046FDF704FDA2
:10137000D0F806209DF82530127862F304138DF81A
:101380002530012209234FF657412046FDF7F4FC92
:10139000D0F806209DF82530127862F345138DF8B9
:1013A000253001220A234FF657412046FDF7E4FC81
:1013B000D0F806301B788DF81D3001220B234FF634
:1013C00057412046FDF7D8FCD0F806209DF825307F
:1013D000127862F386138DF8253001220C234FF624
:1013E00057412046FDF7C8FCD0F806301B788DF831
:1013F0001E3001220D234FF657412046FDF7BCFC5D
:10140000D0F806209DF82530127862F3C7138DF8C6
:10141000253001220E234FF657412046FDF7ACFC44
:10142000D0F806301B788DF81F3001220F234FF6BD
:1014300057412046FDF7A0FCD0F806209DF8263045
:10144000127862F300038DF82630012210234FF644
:1014500057412046FDF790FCD0F806209DF8263035
:10146000127862F341038DF82630012211234FF6E2
:1014700057412046FDF780FCD0F806301B788DF8E8
:101480002030012212234FF657412046FDF774FC0D
:10149000D0F806301B88ADF8213001224FF65741B5
:1014A00013232046FDF768FCD0F806301B88ADF802
:1014B0002330D5F757F990F867320227032417FB3A
:1014C00003433B415B008DF80830D5F74BF990F8AA
:1014D0007D3217FB03433B415B008DF80A30D5F7A3
:1014E00041F990F8923217FB03433B415B008DF8C2
:1014F0000B3001AA242329463046EBF78FFA044625
:10150000A8BB9DF8083024357BB1D5F72BF99DF8A1
:10151000083000F51A725B0029463046EBF77EFA78
:1015200020BB9DF8083017FB03559DF80A307BB1AE
:10153000D5F718F99DF80A3000F27E225B002946A3
:101540003046EBF76BFA88B99DF80A3005EB430596
:101550009DF80B305BB1D5F705F99DF80B3000F520
:1015600025725B0029463046EBF758FA0446002006
:10157000FFF751FC20460BB0F0BD08B500F079FA3A
:1015800028B1D8F7D5FDBDE80840FFF7DFBB08BD9F
:101590002DE9F0438BB0FF23002704460D4690460B
:1015A0008DF81F70ADF820308DF8223001F0CBFCA3
:1015B000052805D8852229462046FEF76BFB8AE0E0
:1015C000204601F0B6FC417906460631204601F07E
:1015D00080FD7771D5F7C6F8D0F89C30C3B30DF114
:1015E0002009314606224846FAF7F2FE3421204609
:1015F00001F0D7FD34223946FAF7F5FEB8F1000FB5
:101600004FF03401204614BF53264C2601F0C9FD8B
:1016100034210670204601F0C4FD4FF0FF334360D3
:101620003421204601F0BDFD34218560204601F0C3
:10163000B8FD3421C0F80C90204601F0B2FD0DF148
:101640001F030361D5F78EF8D0F89C3020469847E9
:101650003421204601F0A5FD436813F11B0F10D083
:10166000002B52D19DF81F305BB9287B0122052148
:10167000FDF782FB28B1D0F8063013B11A78013299
:101680001A706E1C19272046B8F1000F26D001F001
:10169000E2FC07706B7D4370402383709DF81F3020
:1016A000C370BDF82010043002F01BF901469DF80C
:1016B000223001F8013B0023049305230393B5F87E
:1016C000113002932B7B0193EB7A00933246022375
:1016D0002046FDF70BF80BB0BDE8F08301F0BBFC32
:1016E00007706B7D43709DF81F30C370BDF82010EC
:1016F00080F80280043002F0F4F801469DF82230B0
:1017000001F8013BCDF81080D7E7012253E72DE91E
:10171000F34104460D46174601F015FC022807D890
:1017200085222946204602B0BDE8F041FEF7B2BA54
:10173000204601F0FEFB06460028F1D0D5F712F84E
:10174000D0F89C30B3B30DF1040831460322404673
:10175000FAF73EFE3421204601F023FD3422002119
:10176000FAF741FE002F4FF0340120460CBF4E2601
:10177000542601F016FD34210670204601F011FDBB
:101780004FF0FF3343603421204601F00AFD34213D
:101790008560204601F005FD3421C0F80C8020460C
:1017A00001F0FFFC00230361D4F7DCFFD0F89C308C
:1017B000204698473421204601F0F3FC43682BB9BA
:1017C0002046E8F743FC02B0BDE8F081012229463B
:1017D0002046FEF75FFAF6E7042807B5114626D043
:1017E00007D802280ED003281CD0002003B05DF8D3
:1017F00004FB4FF6FD729042F7D10846FCF731FF2B
:10180000032811E002460DF10600FAF7E1FDBDF8EC
:1018100006204FF6F7739A4288BF6FF0050098BF15
:101820000020E3E7107801284FF0FF30F7E70120B0
:10183000DCE7F7B50D4600273421044616468DF83F
:10184000077001F0AEFC34223946FAF7CCFD3421A2
:10185000204601F0A6FC4D2303703421204601F000
:10186000A0FC4FF0FF3343603421204601F099FC87
:1018700034218660204601F094FC3421C560204666
:1018800001F08FFC0DF107030361D4F76BFFD0F873
:101890009C302BB1D4F766FFD0F89C302046984797
:1018A0009DF8070003B0F0BDF7B50D4600273421C1
:1018B000044616468DF8077001F073FC3422394651
:1018C000FAF791FD3421204601F06BFC50230370A0
:1018D0003421204601F065FC4FF0FF334360342192
:1018E000204601F05EFC34218660204601F059FC60
:1018F0003421C560204601F054FC0DF1070303615B
:10190000D4F730FFD0F89C302BB1D4F72BFFD0F8B0
:101910009C30204698479DF8070003B0F0BDF7B50E
:101920000D4600273421044616468DF8077001F055
:1019300038FC34223946FAF756FD3421204601F0AE
:1019400030FC512303703421204601F02AFC4FF073
:10195000FF3343603421204601F023FC34218660AC
:10196000204601F01EFC3421C560204601F019FC20
:101970000DF107030361D4F7F5FED0F89C302BB1CD
:10198000D4F7F0FED0F89C30204698479DF8070029
:1019900003B0F0BD37B5ADF804103421044601F0B2
:1019A00000FC34220021FAF71EFD3421204601F00C
:1019B000F8FB562303703421204601F0F2FB4FF070
:1019C000FF3343603421204601F0EBFB00258560A6
:1019D0003421204601F0E5FB01ABC36034212046F1
:1019E00001F0DFFB0561D4F7BDFED0F89C302BB1D0
:1019F000D4F7B8FED0F89C30204698472046E8F748
:101A000025FB03B030BD38B53421044601F0C9FBD5
:101A100034220021FAF7E7FC3421204601F0C1FB13
:101A2000572303703421204601F0BBFB4FF0FF33F6
:101A300043603421204601F0B4FB00258560342149
:101A4000204601F0AEFB3421C560204601F0A9FB21
:101A50000561D4F787FED0F89C302BB1D4F782FE15
:101A6000D0F89C30204698472046BDE83840E8F73B
:101A7000EDBA10B501214FF65740D4F73FFC0446AC
:101A8000D4F770FE90F86032022B03D1201E18BFED
:101A9000012010BD0020FCE708B1C6F7A5BC7047C7
:101AA00040B1C368587810F001001EBF1878B0FA32
:101AB00080F04009704710B5D0E9003433B90020F8
:101AC000E268537843F00103537010BD20469847F5
:101AD0000028F4D00028B8BF4042E368FF28A8BF20
:101AE000FF201870ECE7FAF77EBCFAF771BC10B46F
:101AF00000F10C04C0E903445DF8044BC4F72EBAAE
:101B0000C2688369134313F003030CD10361416975
:101B1000994201D800207047016911608169026112
:101B200001330A44F3E76FF01500704710B5C0E9C0
:101B300005320023C160C36183600446FFF7E0FF04
:101B40000028A8BFC4E9004410BD90F90E308B42B4
:101B500001D0DBF75BB80020704703460020C3E9E3
:101B60000200C3E90033704710B5044630B1026883
:101B7000930703D0446809B100F0A5F9204610BDD1
:101B80000023C0E90033836000F10C03C0E9033394
:101B900000F11403C0E90533704707B50123009332
:101BA00000230A461946D9F7A3FE03B05DF804FBEB
:101BB00007B500230A4600931946D9F799FE03B0EA
:101BC0005DF804FB5AB18A4209D300F11003C0E961
:101BD0000212C0E90000C0E90433002070476FF032
:101BE00015007047026801238B4022EA030303605B
:101BF00022FA01F000F00100704710B503210446FD
:101C00000C30FFF7EFFF30B104F11000DBF7BCFD43
:101C1000B0FA80F0400910BD20B100221146D0304A
:101C2000DBF75ABB704710B5DAF7D6F9041E08DDAA
:101C3000EFF31180402383F31288BFF36F8FDBF73C
:101C4000D9F8204610BDEFF30580003818BF0120F9
:101C500070476FF05700704700207047DBF78AB875
:101C6000D0E9003213605A600023C0E900337047A6
:101C700038B504460D46DAF723FC637B43F00203D4
:101C80006373E5B1A5602B689D4209D16B68C4E917
:101C900000531C606C6012E06A689A42F6D01B68C0
:101CA000002BF3D094F90E2093F90E108A42F3D052
:101CB0009142F1DD5A68C4E9003214605C6038BDBD
:101CC00090F90E3091F90E00834214BFC01A002023
:101CD000704701211838DAF731BE38B505460020C3
:101CE0002C68A54200D004B938BD2046DAF752FF6F
:101CF0002046DAF77BFD0120F2E708B5DBF71CFE92
:101D000008BDDBF719BEB3F1FF3F08BFB2F1FF3FDB
:101D100070B504461D46164613D01A4315D06FF011
:101D20000102921B4FF0FF3363EB0501002904DA37
:101D3000DBF702FE821941EB0501C4E900212046D0
:101D400070BD4FF0FF321146F7E70022FBE7B3F119
:101D5000FF3F08BFB2F1FF3FF8B5074616461C46E5
:101D600010D054EA020311D0DBF7E6FDB0420A4678
:101D7000A14103460AD2F31A64EB0204C7E9003416
:101D80003846F8BD4FF0FF331C46F7E70023FBE76A
:101D900010B50446DBF7F8FCA8B9636A0BB120461E
:101DA000984704F11800DAF779FE60B1DAF71EFD02
:101DB000EFF31180402383F31288BFF36F8FBDE8E8
:101DC0001040DBF717B810BDF8B50D46D0E9001389
:101DD0008842044605D16368C5E900431D6065601B
:101DE0001DE0002BF7D0986800B16038A2F16007C1
:101DF0003946FFF765FF0028EDDC2668B442EAD0DB
:101E0000002EE8D0B16801B160393846FFF758FFBD
:101E1000002805DD7368C5E900631D607560F8BDC5
:101E200063689E42D7D03668EAE72DE9F0418468BE
:101E300005460E46ECB16378012B25D114F8533CCE
:101E40009A0714D5A4F160073846DAF7A3FE082EE6
:101E50000CBF6FF003030023E36114F8533CDB066F
:101E600005D154F8483C13B93846DAF7BFFC0023D3
:101E70002370EB68C3F386321643002066F3943375
:101E8000A860EB60BDE8F081022BF0D12378002B35
:101E9000EDD054F8048CB8F1000FE8D004F1140030
:101EA000DBF772FCA4F114070023E36239464046D5
:101EB000DAF792F8DBE700238360704783680B60F2
:101EC000C3681360704720B1011F50F8040CD9F7A4
:101ED0002BB9704701325201801A61F1000170473D
:101EE000A03861F10001704707B5019001A8DCF747
:101EF0003BF90199D0F8042501238B4023EA020124
:101F00001340C0F80815C0F80C3503B05DF804FBA9
:101F100013B50446DCF7D8FA68B1012C15D803785C
:101F2000019301A84CB9DCF71FF9019A01239340F2
:101F3000C0F80C35012002B010BDDCF715F9019A8C
:101F400001239340C0F80835F4E70020F3E707B514
:101F5000DCF7BAFA68B10378019301A8DCF704F959
:101F6000019BD0F81005D84000F0010003B05DF8E7
:101F700004FB0220FAE73F207047704710B5BFF31B
:101F80005F8FD0E84F3F0C78DBB29C4204D00B70DF
:101F9000BFF32F8F002010BDC0E8432F002BF0D1DE
:101FA000BFF35F8F0120F6E7502373B5044603FBB0
:101FB00001050026AC4201D100200CE001220DF108
:101FC000070104F148008DF80760FFF7D7FF04F11F
:101FD000500310B1204602B070BD1C46EAE773B54D
:101FE00000F1480604468DF8071003220DF10701A1
:101FF0003046FFF7C3FF98B100254FF0FF3323644D
:10200000204684F8385084F84950DCF79BFA0323C3
:102010002A460DF1070130468DF80730FFF7AEFF75
:1020200002B070BD37B5846994F84930256C012B36
:1020300012D0042B14D0012302220DF1070104F168
:1020400048008DF80730FFF799FF58B1E36B284639
:1020500003B0BDE830401847022384F84930EAE76E
:102060000523FAE703B030BDC2F702BA38B50D4612
:10207000DCF758FA04467DB110B90024204638BD7B
:10208000DCF77CFD02212046FFF7A9FF0446DCF7C0
:1020900091FADCF785FBF1E70028EED0DCF76EFD66
:1020A0000028EAD10121EEE710B50C46DCF73AFA38
:1020B000034628B190F8380010B183F83840012069
:1020C00010BDC1F7EDBBDCF7AFBB10B5D0E90442E2
:1020D000D1E90403844272EB030105D3A04293418A
:1020E00034BF0120002010BD4FF0FF30FBE710B5DA
:1020F000D0E90042D1E90003A04293412CBF012066
:10210000002010BD08B5FBF7F9F8BDE80840FBF763
:10211000F9B8BFF35F8F00230372BFF35F8F70477F
:1021200008B5034608467BB11A7F92070CD5BFF36A
:102130005F8F1B7ABFF35F8F43B9CCF7FFF800388E
:1021400018BF0120400008BD0120FCE70220FAE78B
:102150000120704708B5C1F745FABDE808400020E6
:10216000C1F74CBA00230360037170472DE9F84FA3
:1021700004460D4617469946BFF35F8F01EB020BED
:1021800094F804A0A0465FFA8AFA58E8006F3EB1BE
:1021900031462846C847002802DB06EB0708F4E76B
:1021A00023795345ECD1CBF8006048E80053002B6D
:1021B000E6D1201DBDE8F84F00F065B8F8B5BFF3D3
:1021C0005F8F06790546F6B255E8003FA3B18B4212
:1021D00003EB02040ED19B5801240779B742F0D1DA
:1021E00045E80036002EECD114B1043000F04BF875
:1021F0002046F8BD2546E7E71C46EEE72DE9F84303
:1022000006460F4690469946BFF35F8F56E8005F3B
:102210002DB9BFF32F8F2C462046BDE8F8834946E1
:102220002846C047044610B1EB592C461D4646E8E7
:102230000053002BEAD1002CEED0301D00F023F823
:10224000EAE70068704700230360704750E8003FEA
:102250005A1C18BF013340E80032002AF6D1BFF300
:102260005F8F013B584258417047BFF35F8F002397
:1022700050E8002F40E800310029F9D1012A94BF2D
:10228000002001207047D0E84F3F0133DBB2C0E8A7
:10229000423F002AF7D1BFF35F8F704770B5837953
:1022A0008B4205460C46164604D8BB214FF44960C4
:1022B000E8F75EFA043425F8146070BD70B5C37990
:1022C0008B4205460C46164604D8C9214FF4496096
:1022D000E8F74EFAAB791C44043425F8146070BD5D
:1022E00008B50020DDF7FEF9BDE80840DDF758BC71
:1022F00078220021FAF777B8F0B590F860500130F5
:102300005DB9B1FA81F04009F0BD16F8017F97423E
:1023100004F101040CD10120F6E70029FBD00023D1
:1023200030F8014C8C4206D190F809C006460024D2
:10233000E7B2BC45E9D80133DCB2AC4200F10C0095
:10234000EED3DEE72DE9F043064687B008460C469B
:1023500000F0EFFDC307054600F1080803D5CF21C3
:102360006520E8F705FA96F860706B68C7F1080217
:102370000592002204924FF00C0CD1B28B421AD974
:1023800008EB410000215FFA81FE774511D90CFB73
:1023900001FE013136F80E90B0F800E0CE45F2D1E2
:1023A000049906A800EB410121F818EC04990131C9
:1023B00004910132E1E71BB90C21DAB297420DD842
:1023C0001821204600F0EDFE18226946FAF700F8C1
:1023D000286888B92046E7F739FE10E0049A06A875
:1023E00000EB420201FB03F00133305A22F8180CD3
:1023F000049A01320492E0E72146ECF78DF907B028
:10240000BDE8F08338B50C461421154600F0C9FE2E
:1024100004F00303032B01BF01238373B5F80530D8
:10242000038014F00C0F0CBF01230023C37438BDCC
:1024300038B50D4600F07DFD2B78044613F00302FD
:1024400004F8013B06D0022A01D1DB0606D56B7BDE
:10245000237038BDC3F38103032B12D0EB79437093
:10246000841C022205F109012046F9F7B1FF02227E
:10247000A01805F10B01F9F7ABFF2B7A2371053496
:10248000E5E70222691D2046F9F7A2FFE9E7F0B56A
:1024900085B00C461546064600F04BFD1C2207464B
:1024A00000212046F9F79FFF002D4DD0082130462E
:1024B00000F077FE4388E381038823820379A374C5
:1024C00090F90530E374BB88A4F801307B88A4F848
:1024D0000330BB792376304600F02BFD00F019F96C
:1024E0000146304600F0F5FD0246FF2303902372BB
:1024F00012F8013B039213F0030223702CD0022A3E
:1025000001D1DB062CD5039B1A7862732278D2099D
:1025100014D05A1C03925978227D61F3051222755A
:1025200002F03002102A01D0202A07D19A1C03920F
:102530009A78A275DA1C0392DB78E375237D6FF33A
:10254000C303237505B0F0BD6570A570E5702571F6
:10255000304600F0EEFCC7E7C3F38103032B1AD02B
:102560004378E3710230039003A902A801F0AFF9A8
:10257000BDF80830A4F8093003A90DF10A0001F0F4
:10258000A6F9BDF80A30A4F80B30039B13F8012B11
:1025900022720393B7E703A90DF1060001F097F942
:1025A000BDF80630A4F80530DEE770B50E46082108
:1025B000154600F0F6FD082204460021F9F713FF46
:1025C00040F21E236380012363712680A57170BDD4
:1025D000024610F0030009D1C2F38103D91E4B4219
:1025E0004B41D20910D103F10800704702280ED1E7
:1025F000D3060DD4C2F38103D91E4B424B41D209FD
:10260000F1D003F10B00704703F10A00704702207C
:10261000704770B5067805463046FFF7D9FFB30618
:10262000044603D5285C00F003F80444204670BD3E
:1026300010F0200F0CBF05200D20704738B505465F
:102640000846144600F075FC052D04D10378012BD3
:1026500004D0042B0AD06FF01B0006E0082200F122
:102660001A012046F9F7B4FE002038BD082200F117
:102670001901F6E7002070470020704700207047DE
:10268000704708B50F2100F0A6FC0D22427003220E
:1026900082708822C2700122027182710622C27188
:1026A000902202721B2242721922002382724A2255
:1026B00003701E21C272437341227F234171027352
:1026C000837308BD0021E2F7A1BCE9280DD005D82D
:1026D000DA280CD0E12808BF0920704700F1100368
:1026E000DBB2012B98BF0620704709207047D3202A
:1026F0007047E6F7DFBE43781B074CBF1030083049
:10270000704710B50C46511C00F007FD00F8014B56
:1027100010BD437813F0100F024614BF102008209C
:10272000190748BF0830590741BF125C023000EB5F
:10273000420000F0FF009B0744BF0E30C0B270475C
:1027400010B500F0F6FB0446FFF7E3FF205C10BD78
:1027500010B50C46082100F027FD6FF001014FF085
:10276000FF32017042708170C270847110BD07B574
:10277000002211460DF10303E7F7BEF8014620B130
:102780004FF0FF3003B05DF804FB9DF8030001AA91
:10279000E5F7C6F80028F3D1019B5B7813F01C0F16
:1027A00014BF4FF0FF300020ECE7022100F03DBDE8
:1027B00010B5044600F0BDFB037823B140F265116B
:1027C0002820E7F7D5FF2046BDE81040E7F73EBCDC
:1027D00037B500220D460DF107031146E7F78CF8D7
:1027E000014620B16FF01B04204603B030BD9DF8B8
:1027F00007002A46E5F794F804460028F2D12B6832
:10280000002BF1D140F21F314FF4A470E7F7B0FF75
:10281000EAE737B500220D460DF107031146E7F749
:1028200035F9014620B16FF01B04204603B030BDDE
:102830009DF807002A46E5F773F804460028F2D110
:102840002B68002BF1D140F237314FF4A470E7F739
:102850008FFFEAE707B501A9FFF7BAFF30B9019B7F
:102860005878C0F3820003B05DF804FBFF20FAE75C
:1028700007B501A9FFF7CDFF30B9019B5878C0F328
:10288000820003B05DF804FBFF20FAE707B501A959
:10289000FFF79EFF30B9019B1878C0F3810003B0A9
:1028A0005DF804FBFF20FAE707B501A9FFF7B1FFC8
:1028B00030B9019B1878C0F3810003B05DF804FBC8
:1028C000FF20FAE707B501A9FFF782FF30B9019BA6
:1028D0005878C0F3400003B05DF804FBFF20FAE72E
:1028E00008B5FFF7EFFFFF2808BF002008BD07B5B8
:1028F00001A9FFF78EFF30B9019B5878C0F3400063
:1029000003B05DF804FBFF20FAE730B50023C45C98
:10291000CD5C6C40D4540133102BF8D130BD2DE97F
:10292000F04F0E461146821E89B05208DDE914753B
:10293000D200DDE9124942F041028DF810200DF17C
:1029400011000D229846F9F743FD7BBA2A4604A9E7
:102950003046ADF81E30CAF7D7FD63BA0E2CADF87D
:1029600000304FF00E0259D800210DF10200F9F7A6
:102970003AFD224641460DF10200F9F729FD0024F7
:1029800004AA69462846FFF7C0FF2A4604A9304634
:10299000CAF7BAFD08F10E08A246C346BAF10F0FF6
:1029A00043D814F00F0A16D010220021684624F0F4
:1029B0000F04F9F718FD524608EB04016846F9F7D1
:1029C00007FD04AA69462846FFF79FFF2A4604A987
:1029D0003046CAF799FD3C4609EB07080F2CA8EBD7
:1029E000040131D817F00F0415D0102200216846D9
:1029F000F9F7F9FC27F00F01224649446846F9F738
:102A0000E7FC04AA69462846FFF77FFF2A4604A987
:102A10003046CAF779FD09B0BDE8F08F41460DF1A7
:102A20000200F9F7D5FC0E3CAAE7594604AA28464D
:102A3000FFF76BFF2A4604A93046CAF765FD0BF184
:102A4000100BAAF1100AA9E704AA2846FFF75DFFB8
:102A50002A4604A93046CAF757FD103CBEE72DE9C7
:102A6000F04F8DB09946169E189B03900F469046E6
:102A700034464FF0010B03EB060A09EB0605AAEBFF
:102A8000040302930F2CA5EB0403019351D8189A69
:102A900035096FF00F046C436342A2EB040B341949
:102AA00024D001228DF8202041460D220DF1210075
:102AB000013501936DBAF9F78BFC04AA08A93846D1
:102AC000ADF82E50CAF720FD1022002108A8F9F712
:102AD0008AFC019B224609EB030108A8F9F778FC60
:102AE0005A4608A904A8FFF710FFD3460123414620
:102AF0000D220DF121008DF820300024F9F768FC3B
:102B000004AA08A93846ADF82E40CAF7FDFC2146B4
:102B1000102208A8F9F767FC039A179908A8F9F793
:102B200057FC5A4608A904A8FFF7EFFE0DB0BDE810
:102B3000F08F01228DF8202041460D220DF1210059
:102B4000F9F746FC9BFA9BF2ADF82E2008A904AADF
:102B50003846CAF7D9FCDDE9011204A8FFF7D5FE13
:102B60000BF10103103C1FFA83FB88E72DE9F04FBE
:102B70008146B1B010461E468A46904600F0D9F90B
:102B80003A9C8319043C0593A3190AAF03440546F4
:102B9000CDE9004352468319494604200DF1180B34
:102BA0000297FFF75CFF2B46524649460420CDE9C9
:102BB000024BCDE90067FFF7B2FE042259463819EF
:102BC000F9F7DFFB054660B90421404600F065FADD
:102BD000059822463946F9F7FBFB284631B0BDE897
:102BE000F08F4FF0FF35F8E7F0B514460D468BB087
:102BF0000646102200212046F9F7F5FBB5F1805F6B
:102C000080F08B80771900235A1CBE4203F1280301
:102C10006B4436D1B5F5005F4FF0800134BF02261A
:102C2000062603F8201CC6F110060027B24247D141
:102C30000E2A4FEAC50566D1B5F5803F05D340F2AF
:102C4000DE2140F6A210E7F793FD6DBAADF81650FD
:102C50002146102206A8F9F7BBFB224602A906A8C6
:102C6000CAF752FC621E02AB0F3412F8010F13F8C0
:102C7000011BA24281EA00011170F6D101200BB0C4
:102C8000F0BD16F8011B03F8201C102A16D12146AE
:102C900006A8F9F79DFB224606A802A9CAF734FC4C
:102CA000621E02AB04F10F0012F801CF13F8011BF2
:102CB000824281EA0C011170F6D100221346A3E78B
:102CC000102A19D1214606A8F9F782FB224606A848
:102CD00002A9CAF719FC621E02AB04F10F0012F838
:102CE00001CF13F8011B824281EA0C011170F6D169
:102CF00000238DF80830012202F128036B440132D1
:102D000003F8207C92E701A90DF11200019500F073
:102D1000D5FD0023ADF816309AE70020AFE7F0B5F7
:102D20008FB00DF1180C01AF14466646421E3D46A9
:102D30000F3012F8013F83F05C0E824283F03603BD
:102D40000CF801EB07F8013BF3D18DF814100AAA37
:102D500011212846FFF748FF28B94FF46F7140F65C
:102D6000A210E7F705FD2A4620213046FFF73CFF79
:102D700028B940F2BF3140F6A210E7F7F9FC102263
:102D800029462046F9F724FB0FB0F0BD30B5848802
:102D90000368888809688B4274EB000506DB5B1AC0
:102DA00064EB000413609480002030BD0120FCE738
:102DB000CB0801F00701C05CC84000F0010070477B
:102DC000CA08012301F007018B40815C0B43835447
:102DD000704710B5CC080122035D01F007018A405D
:102DE00023EA0203035510BD08B502780B789A4216
:102DF00008D1052201310130F9F7C3FAB0FA80F0A9
:102E0000400908BD0020FCE7837AC3F3C012C3F376
:102E10004011920142EA4112D2B203F001010A4389
:102E2000C17AC90101F0800142EA0100C3F3420204
:102E3000C3F300131B0143EA4203DBB2184370479C
:102E4000E7F716BA002908BF982110B5044688B2E2
:102E500000F04BFA002102462046E6F7FDFF04464B
:102E600010B91320EEF728FE204610BD00210846B9
:102E7000FFF7E8BF01221146E6F7EEBF08B50138BB
:102E8000C0B2E7F79FFABDE80840007A00F038BA10
:102E900013B50446982000F028FA00F07F000021C6
:102EA0008DF8060068460094ADF80410E7F736F890
:102EB00002B010BD13B50446982000F016FA00F0D9
:102EC0007F0000238DF80600012168460094ADF8CC
:102ED0000430E7F723F802B010BD37B5002A08BF69
:102EE0009822054690B20C4600F0FFF960F07F0092
:102EF0008DF80600002168460095ADF80440E7F71C
:102F00000DF803B030BD37B5002A08BF982205463A
:102F100090B20C4600F0E9F960F07F008DF80600F1
:102F2000012168460095ADF80440E6F7F7FF03B0CD
:102F300030BD013808B5C0B2E7F744FA00F10C0221
:102F4000C088104408BD08B50138C0B2E7F73AFAA6
:102F5000808808BD38B50546FFF7EBFF04462846D4
:102F6000FFF7F1FF204438BD10B50C46FFF7E1FF35
:102F7000204410BD38B504460D4621B940F25F31FA
:102F80001820E7F7F5FB24B94FF458711820E7F73C
:102F9000EFFB601EC0B2E7F715FA0446681EC0B228
:102FA000E7F710FA237A027A934201460CD1A42261
:102FB000A57A5A432046F9F70BFAA37A05F00105E2
:102FC00065F30003A37238BDBDE838404FF45D716E
:102FD0001820E7F7CDBB2DE9F84305460138C0B20C
:102FE0008946E7F7EFF9077A867A8046384600F097
:102FF00087F9484506F00106044604D840F28D31B1
:103000001820E7F7B5FB0C22002140461FFA89F98A
:10301000F9F7E9F9A4EB0903C3F34E0308EB030244
:1030200012F0030203D0934224BF9B1A9BB298F87C
:103030000A20A8F8049066F30002284688F80A20BF
:1030400088F80870A8F80630E3F7F6FA2846BDE8D5
:10305000F843FFF76EBFF8B505460138C0B2E7F791
:10306000B1F90446077A867A2846E3F7E5FA0C2296
:1030700000212046F9F7B7F9A37A277206F0010676
:1030800066F30003A37204F10C00F8BD10B50C4602
:10309000FFF74FFF201AC0B210BD70B506460138C9
:1030A000C0B20D46E7F78EF9044620B940F2474119
:1030B0001820E7F75DFB3046FFF745FFA84204D232
:1030C00040F249411820E7F753FBA3885B1BA3801C
:1030D00070BD70B506460138C0B20C46E7F772F90C
:1030E000054620B940F25C411820E7F741FB304625
:1030F000FFF729FFA04204D240F25D411820E7F714
:1031000037FBAB88A4B21B1BAB80EB881C44EC8064
:103110003046BDE87040FFF70CBF2DE9F84380460C
:103120000138C0B20D46E7F74DF9044620B940F228
:1031300079411820E7F71CFB207A00F0E1F8E788D6
:10314000A3881F440646A0EB07094046FFF7FBFE95
:103150002844B04204D940F27E411820E7F708FB2A
:10316000A9451BD24046FFF7E4FE2F44A7EB060912
:10317000F61B0146A2883044F9F713F9A3882B44C3
:10318000A380E388A3EB0903E3804046FFF7D1FE69
:10319000A388ADB25B1B1844BDE8F8834FF000096B
:1031A000ECE7C9B2E6F7ACBF38B50D46C9B2E6F7F1
:1031B000A7FF044618B12A460021F9F714F9204662
:1031C00038BDF8B506460138C0B20D46E7F7FAF843
:1031D000044620B940F29F411820E7F7C9FA207A47
:1031E00000F08EF8A3882B44834204D940F2A24118
:1031F0001820E7F7BDFAE388AB42AFB20AD23046F7
:10320000FFF797FEE388A288ED1A01462844F9F7F4
:10321000C8F8E780A3883B44A380E388DB1BE380F6
:103220003046BDE8F840FFF784BE013838B5C0B27B
:103230000D46E7F7C7F80446FFF7E6FD40EA05014B
:103240008A0901F03F0343EAC213A27A02F0400266
:103250001343A372E37AC90961F30003E37238BD33
:10326000013838B5C0B20D46E7F7ACF80446FFF7B1
:10327000CBFD20EA05018A0901F03F0343EAC213AE
:10328000A27A02F040021343A372E37AC90961F300
:103290000003E37238BD0E21FFF7E2BF08B5013825
:1032A000C0B2E7F78FF8BDE80840FFF7ADBD08B53D
:1032B0000138C0B2E7F786F8006808BD013810B5DC
:1032C000C0B20C46E7F77EF8046010BD08B50138BF
:1032D000C0B2E7F777F8407A08BD013810B5C0B240
:1032E0000C46E7F76FF8447210BD982881BF0B3089
:1032F000A423B0FBF3F001308CBFC0B201207047B3
:1033000020B1A4226FF00B0312FB0030704738B5D8
:103310000D46044600B119B936213020E7F728FAE6
:10332000042229462046F9F753F8236823F078430E
:10333000236038BD70B50C461646054618B93F21C6
:103340003020E7F715FA1CB140213020E7F710FADA
:1033500024B226F0784655F8243003F078433343FE
:1033600045F8243070BD38B50D46044620B940F20A
:1033700077113020E7F7FCF925B14FF4BC7130200C
:10338000E7F7F6F954F8250020F0784038BD38B555
:103390000D46044620B94FF4C5713020E7F7E8F92F
:1033A00025B140F28B113020E7F7E2F954F82500FF
:1033B000C00E38BD38B505460C4621B940F2C521CE
:1033C0003020E7F7D5F9224628460021BDE83840ED
:1033D000E7F702B838B505460C4621B94FF433710A
:1033E0003020E7F7C5F9224628460121BDE83840DC
:1033F000E6F7F2BF37B50C46054611468DF80720B3
:1034000020460DF10702E7F731F848B90CB1163C38
:10341000E4B29DF80720002321462846E7F74EF93D
:1034200003B030BD73B50D46044620B940F29B1180
:103430003020E7F79DF925B14FF4CE713020E7F742
:1034400097F92946204654F82560FFF7A0FF0DF1B3
:10345000060126F078460446FFF7ACFF20B140F2A3
:10346000A3113020E7F784F90DF107012046FFF79B
:10347000B1FF20B140F2A5113020E7F779F99DF8AE
:1034800006309DF807100020994201D202B070BDAD
:1034900026FA03F202F0010210440133C0B2DBB29B
:1034A000F2E70A460021FFF745BF0021FFF75BBFA7
:1034B00008B50021FFF757FFB0FA80F0400908BDBA
:1034C00010B5044620B940F2ED213020E7F750F95D
:1034D000042200212046F8F786FF236823F0784372
:1034E000236010BDF8B506460C461F46154602B1CE
:1034F00023B94FF450713020E7F73AF9FF232B70CE
:103500003B7066B1A6F11703082B3ED8183E072E74
:103510000CD8DFE806F00F15181E22243238A4F16B
:103520000B032E700F2B22D83C7020E001232B7050
:10353000182CF8E702232B70383CE4B2142CF2E785
:1035400003232B701DE01B3C0423E4B22B70072CDB
:10355000E9E705232B70233CEFE70623F1E7A4F10D
:103560001B020723D2B29A422B7001D83A70F8BDE1
:103570003E2CFCD108233B70F9E70823233C2B7039
:10358000E4B21A2CCFE70923DBE7BDE8F84040F2AC
:10359000B2313020E7F7ECB8F0B500240D1B012D57
:1035A000146001D8002016E090F90130002BF9DBFF
:1035B0000719035D7F7803F07F06DB0943EA4703C1
:1035C0007E3BDBB2012B05D9B31CAB42EAD80234F7
:1035D0003444E3E70120F0BDF0B500254E1B012E79
:1035E00015601ED94319475D5C7893F90130002BB3
:1035F00005F102050ADB640044EAD714E4B207F0DF
:103600007F0315607F2C0AD10120F0BD230203F453
:10361000E063C4F3C3043B4315600F2CF3E7B342EC
:1036200001D90020F1E71D44D8E702292DE9F8432C
:10363000164602D80020BDE8F88303781B2B4CD136
:103640004378192B49D183784A2B46D14718C41C9B
:103650003B1B012B03D8E31B58425841EBE7A04624
:1036600018F8025B05F03F09A7EB08034B454FEA4A
:103670009515DFDB012D2AD0022D10D055BBB9F1F5
:10368000090F27D90123414606F11200337400F0D7
:1036900079F9022204F10A0106F11A0014E0B9F1E5
:1036A000120F17D9012333700F232A4604F1110199
:1036B0003372C6F8048006F10A00F8F789FE2A463C
:1036C00004F1130106F10C00F8F782FE02E03577F1
:1036D000A378737708EB0904BAE70120ABE77047DA
:1036E00008B5FFF737FC10F9010C08BD08B5FFF766
:1036F00031FC10F8020C08BD0021FFF7DFBD2DE9F9
:10370000F04F054693B090461E460F46F9F778FDF8
:10371000EA881F2A034649D82A68013246D0A88879
:1037200030B300EB0801994240D8072E40D9082356
:103730006A4608393846C9F7BBFF0446002835D128
:10374000009B5A1C32D02A6893422FD1092E2FD9C0
:10375000AE88BDF804B0043EB6B205464FF6FF7A17
:10376000AE4208D8ABEB0A035C425C4104F00100B6
:1037700013B0BDE8F08FA6EB05091FFA89F9B9F17E
:10378000400F28BF4FF040094B4602AA05EB080145
:103790003846C9F78DFF0028E8D151464A4602A8AD
:1037A00000F0BEF840358246ADB2D9E70020DFE731
:1037B0000120DDE770B5CB881E2B06460C4615466A
:1037C0002AD18B880C2B04D1002313806FF0470083
:1037D00007E0102B12D104230C21C9F769FF002840
:1037E000F4D0A3880C2B0CD100232B802B88002233
:1037F00031462046FFF783FF01380CE04FF0FF30E1
:10380000EFE7182B07D104232A460C213046C9F7CD
:103810004FFF0028EAD070BD4FF0FF30FBE70022D9
:103820006FF41061FF20F4F7A1BFF8B5069EBDF854
:103830001C7014461D4632463B46C9F739FF01301D
:1038400001D1FFF7ECFF3B46324629462046C9F737
:1038500057FF013003D1BDE8F840E7F73FBDF8BDA1
:1038600008B5C9F753FC20B1BDE808400020E7F7D0
:1038700043BB08BD08B5E7F75DFF0B20EAF724FB63
:103880000C20EAF721FB1F20EAF71EFBBDE80840E9
:10389000E7F75EBF38B5044670B1C9F701FE4FF0D7
:1038A000FF33B3FBF4F3B0FBF3F5AC4203D23D219D
:1038B0007B20E6F75DFF2C46204638BD0B78C370B1
:1038C0004B7883708B784370CB780370704710B55A
:1038D0000C4602220968F8F77BFD23680233236057
:1038E00010BD13B50222ADF806100DF10601044615
:1038F000F8F76EFDA01C02B010BD13B5ADF80610B0
:10390000ADF804200DF1060102220446F8F760FD2F
:10391000022201A9A018F8F75BFD201D02B010BD1E
:1039200070B50C461646054618B9DB217B20E6F734
:103930001FFF2B462E44204648F20841B34200D1D7
:1039400070BD13F8012B5040082200F0010440081C
:103950000CB1484080B2013AF7D1EFE7421EC31DD7
:1039600041F2055012F8011F00EB40109A42084442
:10397000F8D120F0004070470023013900D2704791
:103980004354FAE7013801F1080311F8012B00F85C
:10399000012F9942F9D1704710B5F2F733F9044677
:1039A00030B1831C04D040F24C417C20E6F7E0FEAD
:1039B000204610BD30B585B008AC54F8045B0394C4
:1039C000CDE90054EBF730FC05B030BD38B5054605
:1039D0000C46FFF7B8FA20B90CB9002038BD2060BA
:1039E000FBE72846FFF7AFFA032805D80CB90420F7
:1039F000F4E700232360FAE72846FFF79AFA04B1B8
:103A000020600078EAE773B5164601911C4605462A
:103A100020B9532140F2BB40E6F7AAFE019B53B9FF
:103A20004CB92846FFF717FB28463146FFF746FCFE
:103A3000204602B070BD211D2846FFF7CCFA0422B3
:103A40000DEB02010446F8F7C3FC28463146FFF7A8
:103A500035FC201DEDE7003A18BF01225242FFF766
:103A6000D2BF0388033323F003039BB2038003F127
:103A70000C0080B2704730B585B005460C46EBF7B8
:103A8000CBFC023C4AF6DE530190022201A903A8B6
:103A9000ADF808308DF80B208DF80A40F8F798FC47
:103AA000062202A92846EBF7ADFB05B030BD07B5ED
:103AB0000222ADF8041001A9EBF7A4FB03B05DF8F6
:103AC00004FB07B5042201910DEB0201EBF79AFB11
:103AD00003B05DF804FB0A460146022000F006B878
:103AE000EBF7CCB9E4F72CBDDBF70CBC73B504469F
:103AF0000E4601A81546FFF7E3FC314601A8FFF783
:103B0000D0FC2A4601A92046EBF786FD02B070BD25
:103B1000ECF78CB8EDF732BB10B50446FFF709FAA5
:103B200003680BB1E3F784FE2046FEF7A7FD20B93A
:103B30002046BDE81040ECF73DBA10BD13B5FF2399
:103B40008DF806308DF8073014460DF107030DF19E
:103B50000602FFF7C7FC9DF806307BB99DF80730D9
:103B6000FF2B0BD00B3BDBB203F1140201212046EB
:103B70008DF80730C9F748FE02B010BD6FF016008F
:103B8000FAE713B5FF238DF806308DF80730144699
:103B90000DF107030DF10602FFF7A4FC9DF80630B6
:103BA000FF2B0FD09DF80710FF290BD003EB430329
:103BB000243103EBC3035A1820460121C9F724FE20
:103BC00002B010BD6FF01600FAE72DE9F341884608
:103BD000182116460546FFF7E4FA0C21044628464C
:103BE000FFF7F9F9082207462146F8F7F1FB237A97
:103BF0003B72022204F10A0107F10900F8F7E8FB21
:103C0000237BFB72012B15D102212846FFF785FA91
:103C1000022204F10D01F8F7DBFBC6F12200FE22BF
:103C2000E38A00922946424680B200F064F802B06E
:103C3000BDE8F081032B0CD109212846FFF76DFA6E
:103C40000822074604F10D01F8F7C2FB637D3B72C1
:103C5000E3E75E2140F62C00E6F78AFDDDE7002170
:103C6000ECF7F8BE0121ECF7F5BE0122FFF7ADBF7E
:103C70000022FFF7AABFF8B50E461C210446FFF745
:103C800090FA05462046FFF754F9022107782046AE
:103C9000FFF7A1F907704670B5F80120214648F2F8
:103CA0002000BDE8F840EDF731BD01207047DBF79B
:103CB000F5BA08B5DBF7F2FABDE80840DBF7BEBAA3
:103CC000F8B50F460B2114460646FFF76AFA05467B
:103CD000EBF78CFCEBF7DCFCAB7A2881A40144EA1F
:103CE000C71403F03F031C43AC7230460021BDE80B
:103CF000F840EEF749BE2DE9F8430E460746182175
:103D00003046984691469DF82050FFF74AFA18220F
:103D100000210446F8F767FB4FF6F7739845A4F8BF
:103D200000804FF002030BD9FE2DE373678108BFBB
:103D3000FF252A4649463046BDE8F843EDF7F0BD79
:103D40000422FE2D2274E373678108BF0125F0E78A
:103D5000102070477FB50E4606210446FFF721FA72
:103D60000346006802909B88ADF80C300421204681
:103D7000FFF731F90DF10A0105460222F8F728FB99
:103D80009DF80C30AB709DF80D30EB700120BDF844
:103D90000830009032462146FFF7ADFF04B070BDF9
:103DA00038B50D4606210446FFF7FBF94FF6FF73C1
:103DB00000210380458081802046BDE83840FFF720
:103DC000C9BF30B585B00D460446FFF7B2F80DF116
:103DD0000E010388ADF80E300222F8F7F9FAFE233F
:103DE00000932A46BDF80E3021460220FFF783FFDC
:103DF00005B030BD30B585B00D460446FFF799F8E3
:103E00000DF10E010388ADF80E300222F8F7E0FA4A
:103E1000FE2300932A46BDF80E3021460420FFF70A
:103E20006AFF05B030BD30B585B00D460446FFF7DA
:103E300080F80DF10E010388ADF80E300222F8F77C
:103E4000C7FAFE2300932A46BDF80E30214605200E
:103E5000FFF751FF05B030BD2DE9F74306460F4689
:103E6000FFF767F8C37984791C4464000A348046FC
:103E700021463046FFF795F9054622464146F8F7B8
:103E8000A7FAEB79A9791944033149003046FFF7C5
:103E9000A2F80222A9180446F8F79AFA0222A018FA
:103EA000291DF8F795FAAB79237105F10809053456
:103EB0004FF00008AB79434519D8EB7904F8013B82
:103EC0004FF00008EB79434509EB48011AD82B88DD
:103ED0004FF6F77293428CBFFF22012200923146C7
:103EE0003A460620FFF707FF03B0BDE8F0834946D6
:103EF00020460222F8F76CFA023409F1020908F1AF
:103F00000108D7E720460222F8F762FA023408F1E6
:103F10000108D7E7034670B508461C4600218842D1
:103F2000264614F8015B09D8AA4206D01C18E51AE7
:103F3000A94207D301303270C0B270BDAA42F3D992
:103F40000131ECE714F8015C04F80159EFE770B5B2
:103F50000646FEF7EEFF057904463046FEF7F3FF0E
:103F60000538854219D10DB9002070BD072D14D92F
:103F7000E37A5A0002F108018D420ED304F10C01DC
:103F800011F8136033445B0008339D4205D104F1FE
:103F90000D00F8F706FA2673E6E76FF04400E4E751
:103FA00038B50D4604460222F8F712FAAB78A37032
:103FB0000222E91CE01CF8F70BFA6B79637102220C
:103FC000A91DA01DF8F704FA022205F1080104F169
:103FD0000800F8F7FDF9022205F10A0104F10A00D0
:103FE000F8F7F6F92B7B237338BD0222F8F7F0B906
:103FF000F7B50E4605460822F8F7EAF9B379AB7132
:10400000F379EB718DF807300027B479A74212D30A
:104010003F1BB379F2791344E0199C42C0B216DB1E
:10402000AB7905EB430001220DF107010730F8F7EA
:10403000CFF903B0F0BD391D05EB4100022206EBBC
:10404000410101380137F8F7C3F9FFB2DDE7211D5F
:104050000430022206EB410105EB40000134F8F781
:10406000B7F9E4B2D5E7F8B507460D461646002481
:10407000A64202D805EB4600F8BD05EB440107EB6C
:1040800044000222F8F7A4F90134F1E730B52A21FF
:104090008DB00446FFF785F82A22014601A8F8F7FB
:1040A00097F90B212046FEF796FF05460B2201A942
:1040B000F8F78EF9AB7A83B1392B05D940F2932109
:1040C00044F68360E6F754FBA97A2046FFF725F80B
:1040D000AA7A0DF10F01F8F77BF99DF82C50BDF885
:1040E0002A2048F2380348F239002146002D08BF43
:1040F0001846EDF70BFB0DB030BD0020EFF722BCEA
:1041000038B509210446FFF74CF80546DBF7AAF855
:1041100010B9287AEFF740FE2046BDE83840E5F7B1
:1041200095BF48B10023C25C12B90133102BFAD1FC
:10413000103B5842584170470120704738B50C4633
:1041400002210546F0F75AF830B9611E2846C9B277
:10415000BDE83840F0F752B838BD10B5022104462A
:10416000F0F74CF8014620B92046BDE81040F0F7C2
:1041700045B810BD07B501466846E5F72BF8684617
:10418000F0F782F903B05DF804FB38B50C4605463C
:1041900028B940F27D1142F63570E6F7E9FA2CB9FC
:1041A0004FF4BF7142F63570E6F7E2FAE878F0F7BF
:1041B000C9F90546E078F0F7C5F9854294BF0020BB
:1041C000012038BD08B51421FEF7EBFF407A08B98D
:1041D000002008BDD1F784FE0028F9D0B0F8010016
:1041E000B0F5827F0DD040F20913984209D04CF20D
:1041F0005E03984205D04AF2E013C31A5842584170
:10420000E7E70120E5E710B5142186B00446FEF784
:10421000C8FF1422014601A8F8F7DAF81021204659
:10422000FEF7BFFFDDF8133003609DF80D30837398
:104230009DF80C3003719DF81230032B0ED14371A1
:10424000082201A90630F8F7C3F82046D1F7F0FE9E
:1042500010B12046E5F7FAFE06B010BD0023437109
:10426000BDF80430C380F0E71520F0F7AFBD08B506
:10427000FEF75FFE03789A0608D403F00303012BD0
:1042800004D180780E3818BF012008BD0120FCE75A
:1042900070B504460846FEF74CFE0546014602226C
:1042A0002046F8F795F8AB782372C3F38103032B0C
:1042B00005F1030605D102223146A018F8F788F867
:1042C0006E1D31460222201DF8F782F80222B11835
:1042D000A01DBDE87040F8F77BB830B587B0054643
:1042E0000146684600F020F89DF8174002342A196C
:1042F0002B5D13F007031ABF03EB430302330123C3
:10430000D15C01F00702C1F3021041EA1111490723
:104310001FBF02EB800252000132D2B208BF01225D
:10432000E018104407B030BD7FB504460191182253
:104330000E460021F8F757F80222019904F1140003
:10434000F8F746F8019B9A1C01929A78A2750333FC
:104350000193637D13F00C0FC3F3810531D001A9E4
:1043600004F11200FFF7B3FA022D22D101A90DF1D9
:104370000E00FFF7ACFABDF80E302380637D9D0977
:1043800011D0237D5B0621D401A904F11000FFF7B1
:104390009EFA022D1DD101A90DF10E00FFF797FA2B
:1043A000BDF80E3023810198801BC0B2E07504B0C7
:1043B00070BD01992046FFF7E5FA019B0833019390
:1043C000DCE74FF6FF7363822580D7E7638A238299
:1043D000DFE7019904F10800FFF7D4FA019B0833E5
:1043E0000193E0E710B504460846FEF7A2FD01463A
:1043F0002046BDE81040FFF797BF38B50D4662B1C3
:1044000078B3831E012B15D9C62140F22910E6F797
:10441000AFF995B90724204638BD10B3831E012B90
:104420001BD9C62140F22910E6F7A2F90724002D76
:10443000F1D003E069B1032815D00524AB1E012B90
:1044400013D9D72140F22910E6F792F90434E4B2E7
:10445000E1E70328DED10D24DDE70328E6D10D24B2
:10446000E5E70324E3E70B24E8E7032DEED10A3464
:10447000EDE738B50C46054600B121B9F02140F210
:104480002910E6F775F9022204F114012846F7F71E
:104490009FFFA37DAB70637D13F00C0FC3F381020C
:1044A00016D1E81C637D9B0911D0227D520607D4EA
:1044B0000246218A02F8021B218A090A417010462D
:1044C000022B1CD12389037023891B0A437038BD3A
:1044D000638AEB70638A022A4FEA13232B7106D199
:1044E00023886B7123881B0AE81DAB71DAE7082269
:1044F0002146681DF7F76CFF05F10D00D2E7082291
:10450000A118BDE83840F7F763BF032938B5044662
:104510000D4605D940F22F1140F22910E6F728F98F
:10452000637803F03F0343EA8511617038BD0329C6
:1045300038B504460D4605D940F23D1140F2291028
:10454000E6F716F9637823F00C0343EA85016170FE
:1045500038BD13B503461446D01C5A7D019192090B
:10456000032A4FF0080218D19918F7F731FF019B81
:104570001B78022B05D040F2571140F22910E6F7C4
:10458000F7F8019B01A9013320460193FFF79FF93A
:10459000019B1B78A37002B010BD0021F7F723FF29
:1045A000E5E72DE9F041904600228AB00D46064627
:1045B00011461046FFF721FF871C3A4600210446AA
:1045C0006846F7F710FF0222002109A8F7F70BFF52
:1045D0009DF824108DF82680003D18BF012521F09C
:1045E000170141EA051141F002018DF824106846D7
:1045F00004A9FFF73EFF102F10D804F128030DEB9C
:104600000304802304F8273CEAF734FF33463A4694
:104610006946F2F77FFC0AB0BDE8F081BA214FF499
:104620009270E6F7A5F8EFE713B5ADF8061006218E
:10463000FEF7D1FC02220446C2700DF106010430DF
:10464000F7F7C6FE0023A37002B010BD10B50C46EC
:104650000521FEF7C0FC0123C370002304718370A1
:1046600010BD08B52721FEF7B6FC0423C370002354
:104670008370BDE808400430F3F798BD70B50E466E
:1046800086B008210546FEF78CFD43780446E3B961
:10469000017802312846FEF79EFC23780370637888
:1046A0004370A3B11E2263880492E2790392A27937
:1046B00002926279019222790092294647F60172AC
:1046C0003046F3F74DFF06B070BD0021E1E7821CD4
:1046D00021788B42E6D202F8013B0133F8E770B54E
:1046E00088B0002201A90446FDF7D1FE2046FEF75E
:1046F00020FCFDF78EFF01462046FEF7EAFCBDF8E0
:104700000D504AF6CD339D4208D12046FEF7CFFD2D
:1047100038B92046E5F79AFC08B070BD542DF8D1A1
:10472000F3E72046FEF705FC082106462046FEF783
:1047300038FD3378037001234370BDF805304380A2
:10474000022303710423C37129462046FFF796FF15
:10475000E2E738B50446FEF7F6FB0C2801D101204C
:1047600038BD2046FEF7EFFB0C2810D92046FEF797
:10477000E0FB037B002BF2D00E25204605EB430522
:10478000FEF7E1FBA84234BF00200120E8E700204B
:10479000E6E738B50446FEF7CCFB05462046FEF7B3
:1047A000D2FB042809D920462D79FEF7CCFB05352C
:1047B000A84234BF0020012038BD0020FCE770B5BE
:1047C00005460E46FEF7B5FB04462846FEF7BBFB42
:1047D00004280BD924792846FEF7B5FB14FB06F410
:1047E0000534A04234BF0020012070BD0020FCE74A
:1047F00070B504460D46FEF79CFB06462046FEF7C4
:10480000A2FB03280AD9737853B92046FEF79BFB15
:104810000430A84234BF0020012070BD0020FCE716
:104820000120FAE7A1F50041F8B504463A2900F263
:104830009180DFE801F01E1E22282A2A2A8F8F8FFE
:104840008F8F8F8F8F8F2A2A8F8F2E2E8F8F8F8F04
:104850008F8F8F8F8F354949498F8F8F8F8F8F8F94
:104860008F8F8F8F8F8F8F4D5355498F498F838FA8
:104870005F00BDE8F840FFF76CBF11212046BDE89E
:10488000F840FFF7B5BF0221F8E7BDE8F840FFF7B1
:1048900080BFFEF758FB032894BF002001202AE0C8
:1048A000FEF747FB05462046FEF74DFB022851D98F
:1048B000AB78032000EBC3052046FEF744FB85429E
:1048C0008CBF0020012016E0FEF73DFB0128E3E746
:1048D00016212046BDE8F840FFF771BF0521F8E733
:1048E000FEF731FB042835D92046FEF722FB037979
:1048F0000646FBB90120F8BD2046FEF724FB05F172
:104900000C03984226D32046FEF713FB2844C37AB3
:10491000012B0BD10E352046FEF715FB854219D829
:104920000137012033799F42E6D3E4E7032B11D10D
:104930001535F0E7002007460525F3E7FEF7F9FAFD
:1049400005462046FEF7FFFA0A2803D9A87A00F1A7
:104950000B05B1E70020CEE738F1FB7F0100000036
:10496000D18300000000000039900000304A0400AC
:10497000E5AF010000000000ADB101000000000043
:10498000E99E0000584A0400E99E0000444A0400E1
:1049900025B4000000000000F3D003000000000078
:1049A0007BD20300000000003FCB0300804A0400DC
:1049B000B59900006C4A04006DAB0000944A0400F5
:1049C00059CA0300A84A04005D93000000000000DB
:1049D00031B2000000000000F1B40000000000004F
:1049E0007FD203000000000055BC01000000000061
:1049F0006DA90000D04A04007D9B0000BC4A040061
:104A00006D960000E44A0400D1A40000F84A0400B6
:104A10005BD203000C4B04006BC4030000000000D9
:104A20001BD2030000000000C1DE000000000000F7
:104A3000A06104008C4D0400A44D04009C060020DD
:104A4000082D0020CB640400504E0400804E04006A
:104A5000A8060020F82D0020D9640400684E040048
:104A6000804E0400AA060020042E00205363040098
:104A700000000000244E0400A2060020842D002027
:104A800093630400000000002C4E0400A4060020E4
:104A900000000000CC6704004C4F0400784F040075
:104AA000B0060020C000002001620400C04D0400D8
:104AB000D84D04009E060020742D00200C640400D4
:104AC00000000000344E0400A60600200000000094
:104AD00092670400F04E0400444F0400AE0600202C
:104AE000142E00200563040000000000084E04009E
:104AF000A006002000000000E7660400E04E04006D
:104B0000A44E0400AC060020001000209C78040095
:104B100000000000BC4F0400B20600202C2F002033
:104B20007556040003000000AC56040003000000AA
:104B3000BB610400030000002062040003000000C9
:104B40001062040003000000126304000300000070
:104B50001B68040003000000456804000300000017
:104B600026640400030000008C78040003000000A9
:104B7000B358040003000000F266040003000000C4
:104B8000CA68040003000000875F040003000000FF
:104B9000B160040003000000E460040003000000B2
:104BA0005A61040003000000C877040003000000FD
:104BB000DE7904000300000085800400030000008B
:104BC0009F67040003000000165904000300000062
:104BD0001C60040003000000AA7804000300000029
:104BE000DA670400030000007F7504000300000082
:104BF0006B6F040003000000127504000300000046
:104C00005481040000010000D8ECF0F4F8FC00022C
:104C10000304050607080000000000000000000073
:104C2000000000000000000000000101010102027C
:104C30000202030303030404040405050505060634
:104C4000060809000000000000000000000000004D
:104C50000000000000000001010101020202020345
:104C600003030304040404050505050606070809F3
:104C70000A0B0C0D07090902030700100200FA00D5
:104C800000000000514400005D4400006144000049
:104C9000694400006D440000FFFF051200000000A1
:104CA0000338FDD87047000000000000000000003D
:104CB0000338FDD870470000040000000000000029
:104CC0000000000000500F00BC4A0400010000007A
:104CD00000500F0000800000BC4A040002000000E9
:104CE00000D00F0000100000BC4A040003000000C8
:104CF00000E00F0000200000BC4A0400000000009B
:104D0000A1C20300B4000020AC000020A4000020D9
:104D1000000000009C0000201D74000011730000C2
:104D200065730000C5730000000000200000000053
:104D300000000B06020000003C4D040000000000D3
:104D40000D6004002600020200000020156004002F
:104D500022000B11D98400000000000043C40300AE
:104D6000544D04006C4D04008000000080B0002011
:104D7000544D04007C4D04008000000040BA002027
:104D80002D8F00001190000000000000A191000094
:104D9000CD900000AF610400F7C90300FDC9030016
:104DA000B56104009190000009CA0300DDC9030049
:104DB00000000000698F00000000000000000000FB
:104DC000FFFFFFFF0024F40001020000642D00201B
:104DD00000A00040404B04000FCA03001BCA0300A0
:104DE0009DCA030000000000CD94000031CA0300FA
:104DF000AFCA03004FCA030027CA030053CA030007
:104E0000AD930000000000003BCB0300959600002E
:104E10008596000000000000000000000000000077
:104E2000000000003D9900006D980000BD9A000050
:104E300000000000459B0000CD9D0000919C0000FB
:104E40003D9B00002D9B000004000000FF000000BF
:104E5000FFFF000000030050000000000100000000
:104E60000060004000000000FFFFFFFF0000005056
:104E70000000000000000000006000400000000092
:104E800069A000003DCC03004BCC030063CC0300C1
:104E90006FCC03007BCC0300859F0000699E00005F
:104EA00000000000D1CC030069A2000055CD030032
:104EB000AFCC030017CD030075A200002152000003
:104EC00015A30000F5A20000000000005DA3000093
:104ED00085A200009BCC030095CC030041A30000F9
:104EE00099CC03000B001A00E44E040001000000FE
:104EF00000C00140000000000000000000000000B1
:104F0000000000000000000000000000000400009D
:104F1000E803020101010000FC5100200400000030
:104F200000000000000000002C4F040000C0014001
:104F3000384F040001000000404F04000100000051
:104F40002B002C001DAA000009A900000020004031
:104F500002000000000000005C4F04000020004040
:104F6000684F040001000000704F040002000000C0
:104F70000600000008060200F3CD0300B9AD0000F2
:104F8000A7CD030053CF03001BCE030049CE03007F
:104F900075CE03007FCE0300B9CE0300C5CE03005B
:104FA0007FCE0300A9CE0300D1CE0300DFCE0300E5
:104FB000EDCE030023CF030027CF03000000000045
:104FC00000000000000000005FD2030095DC00003C
:104FD0000000000000000000D7D5030019FA00000F
:104FE00039150100951E010000000000E5140100C4
:104FF0004D1F010000000000A9140100F51E010072
:105000004D190100000000006C11004030110040FB
:1050100000110040010000004411004000000000A9
:105020000000000000000000010900000000000076
:105030000080004000000000280000000500000083
:1050400000000000000000000080004000000000A0
:105050002800000005000000000000000000000023
:105060002B7C040001000000327C040002000000E0
:105070003C7C040003000000487C040004000000A5
:10508000517C0400050000005A7C0400060000006A
:10509000627C040007000000737C0400080000002C
:1050A0007D7C04000A0000008B7C04000B000000E3
:1050B000A37C04000C000000BB7C04000D00000079
:1050C000D37C04000F000000EB7C040015000000FE
:1050D000037D0400160000000F7D0400170000008F
:1050E0001D7D040018000000337D0400190000003D
:1050F000487D04001A0000005D7D04001B000000D4
:105100006D7D04001C000000807D04001D00000077
:105110008E7D04001E0000009B7D04001F00000027
:10512000A77D040020000000BB7D040021000000DA
:10513000CC7D040023000000DE7D0400250000007B
:10514000F07D040026000000067E04002800000018
:105150001A7E0400290000002B7E04002A000000B3
:10516000387E04002B0000004B7E04002C00000061
:10517000587E04002D0000006B7E0400300000000B
:10518000777E0400320000008A7E040038000000B0
:105190009F7E040039000000B27E04003E00000043
:1051A000C57E040040000000D97E040041000000DC
:1051B000EB7E040045000000FA7E0400460000007B
:1051C000057F0400470000000F7F04004800000036
:1051D000247F04001580040023800400378004002D
:1051E00046800400528004006049040060490400C5
:1051F000D0490400D8490400304A0400304A040071
:105200000A00000078000000F0000000E00100004B
:105210009803000080070000000F0000001E00003F
:10522000003C00000078000000F0000000E00100F9
:1052300000C003000080070000000F00FF8FFFFF89
:10524000FF8FFFFFFE8FFFFFFE8FFFFFFD8FFFFF32
:10525000FC8FFFFFFC8FFFFF6D757465785F6672D2
:1052600065652063616C6C65642077697468204EA5
:10527000554C4C20706172616D6574657200000060
:1052800043616E277420696E697469616C697A651F
:10529000206D757465782C20776173204E554C4CC9
:1052A0000D0A00004661696C20746F20616371759E
:1052B000697265206D757465780A00004661696CD5
:1052C00020746F20696E63726561736520504D2094
:1052D000636F756E7465720A000000004661696C48
:1052E00020746F20646563726561736520504D2082
:1052F000636F756E7465720A000000004661696C28
:1053000020746F2072656C65617365206D757465BE
:10531000780A0000436F756C64206E6F74206C6FA8
:10532000636B20706F7765722073617665206D7591
:10533000746578004661696C20746F20756E6C6FBF
:10534000636B206D757465780A00000063747820C3
:1053500063616E6E6F74206265204E554C4C000088
:105360000A637478206973204E554C4C0A00000083
:1053700067E6096A85AE67BB72F36E3C3AF54FA5E6
:105380007F520E518C68059BABD9831F19CDE05B12
:10539000D89E05C107D57C3617DD703039590EF718
:1053A000310BC0FF11155868A78FF964A44FFABEDE
:1053B0000123456789ABCDEFFEDCBA9876543210F5
:1053C000F0E1D2C3000007000400050006000C0055
:1053D00000800180028003800480058006801F8099
:1053E00025633A206C6576656C202D3E2025640A85
:1053F0000025633A206E6F74206A6F696E656420C1
:105400002D2063616E6E6F74206964656E746966C9
:10541000790A0025633A204552524F5220257520C3
:105420005B25735D2061742025733A25750A00435E
:105430004D414B455F534F555243455F4449522FB1
:105440007372632F6D61696E2E630025633A206964
:1054500064656E74696679206D6F6465207374612C
:10546000727465640A0025633A206F6E2F6F66665A
:10547000202D3E2025640A00574553545F544F5059
:105480004449522F7A65706879722F696E636C7522
:1054900064652F7A65706879722F647269766572B7
:1054A000732F6770696F2E680041535345525449FA
:1054B0004F4E204641494C20402025733A25640A2E
:1054C0000025633A20666163746F72792072657398
:1054D0006574207472696767657265640A00256384
:1054E0003A2063726564656E7469616C7320636CE5
:1054F00065617265642C20726570616972696E679E
:105500000A0025633A206A6F696E6564206E6574CF
:10551000776F726B2C204E574B3A20307825303401
:105520007820494545453A20253032783A253032B1
:10553000783A253032783A253032783A2530327848
:105540003A253032783A253032783A253032780AA6
:105550000025633A206A6F696E6564206E65747712
:105560006F726B2C20666C69636B6572207374615B
:10557000727465640A000D0A0D0A2A2A2A204C4515
:10558000442043616E646C65207374617274696E4B
:1055900067202A2A2A0D0A0025633A204C45442018
:1055A00063616E646C65207374617274696E670AFE
:1055B0000025633A2050574D206465766963652065
:1055C0006E6F742072656164790A0025633A204227
:1055D0007574746F6E204750494F206E6F7420723F
:1055E000656164790A0025633A2073657474696E95
:1055F000677320696E6974206661696C65643A201E
:1056000025640A00444959004C45445F43616E6477
:105610006C655F76310032303236303432310048DA
:105620006F6D650025633A2073657474696E6773E6
:10563000206C6F6164206661696C65643A20256442
:105640000A0025633A204C45442063616E646C6512
:10565000207265616479202D2077616974696E67B5
:1056600020666F72205A6967626565206E6574777F
:105670006F726B0A006170700000070E091C1B122C
:1056800015383F363124232A2D574553545F544F44
:10569000504449522F7A65706879722F6C69622F75
:1056A000686561702F686561702E63006362707257
:1056B000696E74665F7061636B61676500286E690F
:1056C0006C29004661696C656420746F20726562A4
:1056D0006F6F743A207370696E6E696E6720656EC5
:1056E000646C6573736C792E2E2E0A0057455354E3
:1056F0005F544F504449522F7A65706879722F6C0D
:1057000069622F7574696C732F6F6E6F66662E6396
:1057100000574553545F544F504449522F7A657097
:105720006879722F696E636C7564652F7A6570682D
:1057300079722F7370696E6C6F636B2E68005745BA
:1057400053545F544F504449522F7A6570687972B0
:105750002F6C69622F7574696C732F6E6F74696634
:10576000792E630025633A204E5653206E6F7420C5
:10577000696E697469616C697A65640A0025633AC7
:1057800020436F756C64206E6F74206F6274616962
:105790006E20666C61736820706172616D657465FE
:1057A00072730A0025633A20556E737570706F72BC
:1057B00074656420777269746520626C6F636B2016
:1057C00073697A650A0025633A20556E61626C65DB
:1057D00020746F20676574207061676520696E664C
:1057E0006F0A0025633A20496E76616C6964207304
:1057F0006563746F722073697A650A0025633A20C5
:10580000436F6E66696775726174696F6E20657249
:10581000726F72202D20736563746F7220636F75D1
:105820006E740A0025633A20256420536563746F03
:105830007273206F662025642062797465730A0094
:1058400025633A20616C6C6F63207772613A202582
:10585000642C2025780A0025633A20646174612055
:105860007772613A2025642C2025780A0025633A56
:10587000204E6F20474320446F6E65206D61726B30
:10588000657220666F756E643A207265737461721A
:1058900074696E672067630A0025633A20474320D6
:1058A000446F6E65206D61726B657220666F756EF8
:1058B000640A0066735F6E767300574553545F54F5
:1058C0004F504449522F7A65706879722F73756210
:1058D0007379732F73657474696E67732F73726352
:1058E0002F73657474696E67732E630025633A20A5
:1058F0007365742D76616C7565206661696C75726F
:10590000652E206B65793A202573206572726F725F
:10591000282564290A0073657474696E6773002A08
:105920002A2A20426F6F74696E67206E52462043A8
:105930006F6E6E6563742053444B2076322E372E83
:10594000302D356362383535373063613433202A82
:105950002A2A0A002A2A2A205573696E67205A6566
:1059600070687972204F532076332E362E39392DB8
:10597000313030626566633730633734202A2A2A33
:105980000A006D757465785F696E69742063616C77
:105990006C65642077697468204E554C4C207061AA
:1059A00072616D6574657200436F756C64206E6F13
:1059B0007420616C6C6F63617465206D75746578BB
:1059C000206265666F726520696E697469616C69D1
:1059D0007A696E6700574553545F544F504449529B
:1059E0002F7A65706879722F617263682F636F6DAB
:1059F0006D6F6E2F73775F6973725F636F6D6D6F1D
:105A00006E2E6300574553545F544F504449522FF4
:105A10007A65706879722F617263682F636F6D6D3C
:105A20006F6E2F64796E616D69635F6973722E6347
:105A30000025633A2072302F61313A2020307825DA
:105A4000303878202072312F61323A20203078258A
:105A5000303878202072322F61333A202030782578
:105A60003038780A0025633A2072332F61343A20A7
:105A700020307825303878207231322F69703A2002
:105A800020307825303878207231342F6C723A20EB
:105A9000203078253038780A0025633A2020787045
:105AA00073723A20203078253038780A0025633A1E
:105AB00020735B2532645D3A2020307825303878B9
:105AC0002020735B2532645D3A2020307825303801
:105AD000782020735B2532645D3A202030782530B1
:105AE00038782020735B2532645D3A202030782599
:105AF0003038780A0025633A2066707363723A2062
:105B0000203078253038780A0025633A20466175C0
:105B10006C74696E6720696E737472756374696FF3
:105B20006E206164647265737320287231352F7042
:105B300063293A203078253038780A0025633A20E6
:105B4000556E68616E646C6564204952516E3A20EE
:105B500025640A0025633A202A2A2A2A2A204D5041
:105B600055204641554C54202A2A2A2A2A0A002523
:105B7000633A202020537461636B696E67206572FD
:105B8000726F722028636F6E74657874206172651D
:105B900061206D69676874206265206E6F7420767D
:105BA000616C6964290A0025633A202020556E73D0
:105BB0007461636B696E67206572726F720A00258B
:105BC000633A2020204461746120416363657373EC
:105BD0002056696F6C6174696F6E0A0025633A2004
:105BE00020204D4D46415220416464726573733AE2
:105BF00020307825780A0025633A202020496E73EA
:105C00007472756374696F6E20416363657373208A
:105C100056696F6C6174696F6E0A0025633A2020C3
:105C200020466C6F6174696E672D706F696E7420A9
:105C30006C617A7920737461746520707265736524
:105C400072766174696F6E206572726F720A0057A6
:105C50004553545F544F504449522F7A65706879C8
:105C6000722F617263682F61726D2F636F72652F7F
:105C7000636F727465785F6D2F6661756C742E63E7
:105C80000025633A202A2A2A2A2A205553414745CB
:105C9000204641554C54202A2A2A2A2A0A002563E4
:105CA0003A2020204469766973696F6E20627920FA
:105CB0007A65726F0A0025633A202020556E616C68
:105CC00069676E6564206D656D6F727920616363CD
:105CD0006573730A0025633A2020204E6F20636F9E
:105CE00070726F636573736F7220696E737472750F
:105CF0006374696F6E730A0025633A202020496C33
:105D00006C6567616C206C6F6164206F662045581C
:105D1000435F52455455524E20696E746F20504374
:105D20000A0025633A202020496C6C6567616C206D
:105D3000757365206F662074686520455053520A5C
:105D40000025633A202020417474656D70742074BE
:105D50006F206578656375746520756E6465666926
:105D60006E656420696E737472756374696F6E0A10
:105D70000025633A202A2A2A2A2A204255532046FF
:105D800041554C54202A2A2A2A2A0A0025633A20FF
:105D90002020537461636B696E67206572726F7245
:105DA0000A0025633A2020205072656369736520DC
:105DB0006461746120627573206572726F720A008B
:105DC00025633A2020204246415220416464726596
:105DD00073733A20307825780A0025633A20202012
:105DE000496D7072656369736520646174612062D6
:105DF0007573206572726F720A0025633A20202045
:105E0000496E737472756374696F6E206275732066
:105E10006572726F720A00526573657276656420EE
:105E2000457863657074696F6E20280053707572D1
:105E3000696F757320696E7465727275707420284D
:105E4000495251200025633A20535053454C206954
:105E50006E20746872656164206D6F646520646F84
:105E60006573206E6F7420696E6469636174652068
:105E70005053500A0025633A202A2A2A2A2A204809
:105E8000415244204641554C54202A2A2A2A2A0AA3
:105E90000025633A202020427573206661756C747A
:105EA000206F6E20766563746F72207461626C651A
:105EB00020726561640A0025633A202020446562EF
:105EC0007567206576656E740A0025633A20202088
:105ED0004661756C7420657363616C6174696F6E83
:105EE00020287365652062656C6F77290A00256339
:105EF0003A20415243485F45584345505420776902
:105F0000746820726561736F6E2025780A0A002517
:105F1000633A202A2A2A2A2A204465627567206D5E
:105F20006F6E69746F7220657863657074696F6EE7
:105F3000202A2A2A2A2A0A0025633A202A2A2A2ADB
:105F40002A20257320256429202A2A2A2A2A0A00A1
:105F5000574553545F544F504449522F7A657068E7
:105F600079722F617263682F61726D2F636F726532
:105F70002F636F727465785F6D2F6972715F6D61E9
:105F80006E6167652E63006D70750025633A20466B
:105F900061696C656420746F20616C6C6F636174FF
:105FA00065206E6577204D505520726567696F6E6C
:105FB0002025750A0A0025633A20506172746974BD
:105FC000696F6E2025753A2073616E69747920635C
:105FD0006865636B206661696C65642E0A005745CD
:105FE00053545F544F504449522F7A657068797208
:105FF0002F617263682F61726D2F636F72652F6DF1
:1060000070752F61726D5F6D70752E6300464C4127
:1060100053485F30005352414D5F3000736F63004F
:10602000574553545F544F504449522F7A65706816
:1060300079722F7375627379732F72616E646F6DED
:106040002F72616E646F6D5F656E74726F70795FD1
:106050006465766963652E6300574553545F544FFA
:10606000504449522F7A65706879722F696E636C5B
:106070007564652F7A65706879722F6472697665C8
:1060800072732F656E74726F70792E680057455366
:10609000545F544F504449522F7A65706879722F7B
:1060A0007375627379732F6E65742F6275662E63D4
:1060B000006E65745F62756600574553545F544FB8
:1060C000504449522F7A65706879722F73756273E4
:1060D00079732F6E65742F6275665F73696D706C6E
:1060E000652E63006E65745F6275665F73696D70BF
:1060F0006C6500574553545F544F504449522F7AB2
:1061000065706879722F696E636C7564652F7A6546
:10611000706879722F6E65742F6E65745F69662E74
:106120006800574553545F544F504449522F7A6585
:10613000706879722F7375627379732F6E65742F1F
:1061400069702F6E65745F69662E63006E657425D5
:10615000640000000000000000006E65745F696369
:106160006D7000574553545F544F504449522F7A35
:1061700065706879722F647269766572732F636CCB
:106180006F636B5F636F6E74726F6C2F636C6F63A2
:106190006B5F636F6E74726F6C5F6E72662E6300FE
:1061A000636C6F636B4034303030303030300068B7
:1061B00066636C6B006C66636C6B00636C6F636B27
:1061C0005F636F6E74726F6C00574553545F544F2A
:1061D000504449522F7A65706879722F64726976DB
:1061E0006572732F636F756E7465722F636F756E52
:1061F0007465725F6E7266785F74696D65722E6326
:106200000074696D65724034303030613030300078
:10621000636F756E7465725F74696D65722E3000A0
:10622000636F756E7465725F74696D657200256366
:106230003A205468697320647269766572206F6EC3
:106240006C7920737570706F727473203132382DD1
:10625000626974204145532045434220656E637254
:10626000797074696F6E20696E2073796E636872DD
:106270006F6E6F7573206D6F64650A0025633A2039
:106280004E6F206B65792070726F76696465640A61
:106290000025633A205065726970686572616C20F0
:1062A000696E207573650A0025633A206F6E6C79FC
:1062B0002031362D6279746520626C6F636B7320B8
:1062C00061726520737570706F727465640A002561
:1062D000633A206F757470757420627566666572B6
:1062E00020746F6F20736D616C6C0A0025633A2017
:1062F000454342206F7065726174696F6E206572EC
:10630000726F720A0065636240343030306530303D
:10631000300063727970746F5F6E72665F6563627E
:1063200000574553545F544F504449522F7A65707B
:106330006879722F647269766572732F656E7472F4
:106340006F70792F656E74726F70795F6E726635DB
:106350002E630072616E646F6D4034303030643093
:10636000303000574553545F544F504449522F6EBC
:1063700072662F647269766572732F656E74726FC0
:1063800070792F656E74726F70795F63633378789C
:106390002E630063727970746F4035303032613033
:1063A00030300025633A20696E76616C6964206143
:1063B0006464726573733A2030782530386C783AAB
:1063C000257A750A0025633A20756E616C69676EDF
:1063D000656420616464726573733A203078253097
:1063E000386C783A257A750A0025633A206E6F7406
:1063F00020776F72642D616C69676E65643A203036
:10640000782530386C783A257A750A00666C6173A5
:10641000682D636F6E74726F6C6C657240343030CF
:10642000316530303000666C6173685F6E72660093
:10643000574553545F544F504449522F7A65706802
:1064400079722F696E636C7564652F7A65706879EF
:10645000722F647269766572732F6770696F2F6728
:1064600070696F5F7574696C732E6800574553547B
:106470005F544F504449522F6D6F64756C65732F94
:1064800068616C2F6E6F726469632F6E7266782F0D
:1064900068616C2F6E72665F6770696F2E68005757
:1064A0004553545F544F504449522F7A6570687970
:1064B000722F647269766572732F6770696F2F67C8
:1064C00070696F5F6E7266782E63006770696F40E7
:1064D0003530303030333030006770696F403530E0
:1064E0003030303030300025633A204572726F72A0
:1064F000207768696C652073746F7070696E6720AF
:10650000726164696F0A0025633A204661696C65AF
:106510006420746F20656E746572207265636569AE
:1065200076652073746174650A00574553545F544F
:106530004F504449522F7A65706879722F696E63A3
:106540006C7564652F7A65706879722F7379732F13
:10655000627974656F726465722E680025633A20F3
:106560005061796C6F616420746F6F206C61726729
:10657000653A2025640A00574553545F544F5044F0
:1065800049522F7A65706879722F647269766572E4
:10659000732F696565653830323135342F6965652B
:1065A000653830323135345F6E7266352E630025C2
:1065B000633A205458206D6F6465202564206E6F07
:1065C0007420737570706F727465640A0025633A85
:1065D0002043616E6E6F742073656E642066726115
:1065E0006D650A0025633A20496E76616C69642006
:1065F00041434B2074696D657374616D702E0A00A0
:1066000025633A204E6F2066726565207061636B6A
:10661000657420617661696C61626C652E0A002583
:10662000633A204661696C656420746F20777269F3
:10663000746520746F2061207061636B65742E0A2D
:1066400000574553545F544F504449522F7A657058
:106650006879722F696E636C7564652F7A657068EE
:1066600079722F6E65742F7074705F74696D652E0A
:10667000680025633A2041434B207061636B657469
:10668000206E6F742068616E646C6564202D2072CA
:10669000656C656173696E672E0A006E7266355FA0
:1066A00072780025633A206E5246352038303231F8
:1066B000353420726164696F20696E697469616C38
:1066C000697A65640A0025633A205061636B6574DA
:1066D0002064726F70706564206279204E4554208A
:1066E000737461636B0A00696565653830323135F2
:1066F0003400696565653830323135345F6E7266F5
:106700003500000102030405060725633A204661AF
:10671000696C656420746F20696E697469616C6965
:106720007A65206465766963653A2025730A0025D9
:10673000633A20496E76616C6964206368616E6EAD
:10674000656C3A2025752E0A0025633A20496E6350
:106750006F6D70617469626C6520706572696F64D9
:106760002E0A0025633A205072657363616C65726E
:1067700020666F7220706572696F645F6379636C05
:106780006573202575206E6F7420666F756E642E9C
:106790000A0070776D403430303163303030007033
:1067A000776D5F6E7266780025633A204661696C8A
:1067B000656420746F20616C6C6F63617465205038
:1067C0005049204368616E6E656C0A007561727491
:1067D00040343030303230303000756172745F6E6A
:1067E0007266785F756172746500574553545F54E3
:1067F0004F504449522F7A65706879722F647269DC
:10680000766572732F74696D65722F6E72665F7232
:1068100074635F74696D65722E6300646B5F62758B
:1068200074746F6E735F616E645F6C656473002572
:10683000633A20526573657474696E672073797367
:1068400074656D0A00666174616C5F6572726F7267
:106850000025633A204D50534C2041535345525428
:106860003A2025732C2025640A00574553545F5461
:106870004F504449522F6E72662F7375627379734D
:106880002F6D70736C2F696E69742F6D70736C5FF0
:10689000696E69742E6300574553545F544F5044DA
:1068A00049522F6E72662F696E636C7564652F6D29
:1068B00070736C2F6D70736C5F776F726B2E6800E6
:1068C0004D50534C20576F726B006D70736C5F6945
:1068D0006E6974006E6F74200025633A204E6574F3
:1068E000776F726B2072656A6F696E2070726F636A
:1068F00065647572652073746F7070656420617370
:106900002025737363686564756C65642E0A00578F
:106910004553545F544F504449522F6E72662F7343
:1069200075627379732F7A69676265652F6C696226
:106930002F7A69676265655F6170705F7574696CF5
:10694000732F7A69676265655F6170705F757469DE
:106950006C732E630025633A20537461727465640E
:10696000206E6574776F726B2072656A6F696E2036
:1069700070726F6365647572652E0A004E4F542005
:1069800000253032780025633A2050726F647563B9
:1069900074696F6E20636F6E666967757261746982
:1069A0006F6E206973206E6F742070726573656EF0
:1069B00074206F7220696E76616C6964202873742C
:1069C000617475733A202564290A0025633A2050C2
:1069D000726F64756374696F6E20636F6E6669674A
:1069E00075726174696F6E20737563636573736626
:1069F000756C6C79206C6F616465640A0025633A7C
:106A0000205A696762656520737461636B20696EE3
:106A1000697469616C697A65640A0025633A204487
:106A20006576696365207374617274656420666F4E
:106A300072207468652066697273742074696D656C
:106A40000A0025633A205374617274206E6574776E
:106A50006F726B207374656572696E670A002563D7
:106A60003A205374617274206E6574776F726B2074
:106A7000666F726D6174696F6E0A0025633A204615
:106A800061696C656420746F20696E697469616CFA
:106A9000697A65205A696762656520737461636B02
:106AA00020287374617475733A202564290A00756F
:106AB0006E6B6E6F776E0025633A204A6F696E6564
:106AC00064206E6574776F726B2073756363657392
:106AD0007366756C6C79206F6E207265626F6F746F
:106AE000207369676E616C2028457874656E6465F3
:106AF000642050414E2049443A2025732C205041B7
:106B00004E2049443A2030782530346878290A00EC
:106B100025633A20556E61626C6520746F206A6F40
:106B2000696E20746865206E6574776F726B2C20B7
:106B30007374617274206E6574776F726B207374F6
:106B4000656572696E670A0025633A204661696C63
:106B5000656420746F20696E697469616C697A6517
:106B6000205A696762656520737461636B20757371
:106B7000696E67204E5652414D2064617461202831
:106B80007374617475733A202564290A0025633A89
:106B9000204A6F696E6564206E6574776F726B2032
:106BA0007375636365737366756C6C7920284578BB
:106BB00074656E6465642050414E2049443A202536
:106BC000732C2050414E2049443A203078253034EF
:106BD0006878290A0025633A204E6574776F726BD6
:106BE000207374656572696E6720776173206E6FBC
:106BF00074207375636365737366756C2028737492
:106C0000617475733A202564290A0025633A204E81
:106C10006574776F726B207374656572696E672037
:106C20006661696C6564206F6E205A69676265658C
:106C300020636F6F7264696E61746F722028737461
:106C4000617475733A202564290A0025633A204E41
:106C50006574776F726B20666F726D6564207375F3
:106C6000636365737366756C6C792C2073746172E1
:106C700074206E6574776F726B20737465657269CA
:106C80006E672028457874656E6465642050414EB7
:106C90002049443A2025732C2050414E2049443A43
:106CA0002030782530346878290A0025633A20524C
:106CB000657374617274206E6574776F726B206691
:106CC0006F726D6174696F6E20287374617475736F
:106CD0003A202564290A0025633A204E6574776FAF
:106CE000726B206C65667420286C65617665207413
:106CF0007970653A202564290A0025633A20556E8B
:106D000061626C6520746F206C65617665206E65CC
:106D100074776F726B20287374617475733A2025D1
:106D200064290A0025633A204368696C64206C6515
:106D3000667420746865206E6574776F726B2028A6
:106D40006C6F6E673A2025732C2072656A6F696ECE
:106D500020666C61673A202564290A0025633A2081
:106D60004465766963652075706461746520726539
:106D7000636569766564202873686F72743A2030A1
:106D80007825303468782C206C6F6E673A20257334
:106D90002C207374617475733A202564290A0025C8
:106DA000633A204E65772064657669636520636F7A
:106DB0006D6D697373696F6E6564206F72207265A3
:106DC0006A6F696E6564202873686F72743A203048
:106DD000782530346878290A0025633A205061729A
:106DE000656E7420697320756E7265616368616297
:106DF0006C650A0025633A2046696E6420616E6402
:106E00002062696E64207461726765742066696EC1
:106E1000697368656420287374617475733A2025FA
:106E200064290A0025633A204A6F696E6564206E02
:106E30006574776F726B20737563636573736675C2
:106E40006C6C792061667465722054432072656AA7
:106E50006F696E2028457874656E646564205041C2
:106E60004E2049443A2025732C2050414E2049445D
:106E70003A2030782530346878290A0025633A2092
:106E800054432052656A6F696E20776173206E6F7C
:106E900074207375636365737366756C20287374EF
:106EA000617475733A202564290A0025633A2054D9
:106EB000432052656A6F696E206661696C65642063
:106EC0006F6E205A696762656520636F6F726469CF
:106ED0006E61746F7220287374617475733A202523
:106EE00064290A0025633A20556E696D706C656DE2
:106EF000656E746564207369676E616C20287369C0
:106F0000676E616C3A2025642C207374617475730C
:106F10003A202564290A0025633A20456E61626C97
:106F2000656420736C6565707920656E64206465A6
:106F300076696365206265686176696F722E0A0002
:106F400025633A2044697361626C696E6720736CD3
:106F50006565707920656E64206465766963652077
:106F60006265686176696F722E0A007A6967626588
:106F7000655F6170705F7574696C730025633A209A
:106F800072656D6F76696E67207363656E653A2012
:106F9000656E74727920696478202568640A00251A
:106FA000633A20616464207363656E655F69642081
:106FB0002568640A0025633A206164642063617077
:106FC0006163697479206E756D0A0025633A20410A
:106FD0007070656E64204F6E2F4F6666206669651F
:106FE0006C647365740A0025633A20417070656EA5
:106FF00064206C6576656C20636F6E74726F6C20B4
:107000006669656C647365740A0025633A20417093
:1070100070656E642077696E646F7720636F766544
:1070200072696E67206669656C647365740A0073C3
:1070300063656E65732F7363656E65735F746162FC
:107040006C650025633A205A425F5A434C5F5343B4
:10705000454E45535F4144445F5343454E455F436E
:10706000425F49443A2067726F75705F69642030EF
:10707000782578207363656E655F69642025686490
:10708000207472616E736974696F6E5F74696D6587
:107090002025640A0025633A2041646420666965FE
:1070A0006C647365743A20636C75737465725F69A0
:1070B000643D307825782C206C656E6774683D25BA
:1070C000642C206F6E2F6F66663D25640A00256371
:1070D0003A20416464206669656C647365743A2083
:1070E000636C75737465725F69643D307825782CC4
:1070F000206C656E6774683D25642C206C65766530
:107100006C3D25640A0025633A2041646420666969
:10711000656C647365743A20636C75737465725F33
:1071200069643D307825782C206C656E6774683D05
:1071300025642C206C6966743D25640A0025633A39
:107140002049676E6F7265206669656C647365744B
:107150003A20636C75737465725F6964203D2030FA
:107160007825782C206C656E677468203D20256436
:107170000A0025633A20536176696E6720656D7059
:107180007479207363656E652E0A0025633A205575
:107190006E61626C6520746F206164642073636546
:1071A0006E653A205A425F5A434C5F5354415455DE
:1071B000535F494E535546465F53504143450A007D
:1071C00025633A205A425F5A434C5F5343454E452C
:1071D000535F564945575F5343454E455F43425FB2
:1071E00049443A2067726F75705F69642030782572
:1071F00078207363656E655F6964202568640A00A2
:1072000025633A205363656E65207461626C652066
:10721000656E74727920696E6465783A2025640A17
:107220000025633A205A425F5A434C5F5343454E10
:1072300045535F52454D4F56455F5343454E455F5D
:1072400043425F49443A2067726F75705F696420FA
:1072500030782578207363656E655F6964202568E2
:10726000640A0025633A205A425F5A434C5F5343F5
:10727000454E45535F52454D4F56455F414C4C5F1F
:107280005343454E45535F43425F49443A2067723A
:107290006F75705F696420307825780A0025633A3D
:1072A000205A425F5A434C5F5343454E45535F5308
:1072B000544F52455F5343454E455F43425F4944F7
:1072C0003A2067726F75705F696420307825782086
:1072D0007363656E655F6964202568640A002563D1
:1072E0003A20757064617465206578697374696E9D
:1072F00067207363656E653A20656E7472792069E4
:107300006478202568640A0025633A206372656109
:107310007465206E6577207363656E653A20656ECF
:1073200074727920696478202568640A0025633ABC
:107330002053617665204F6E2F4F6666207374610F
:10734000746520696E73696465207363656E65207A
:107350007461626C650A0025633A2053617665208A
:107360006C6576656C20636F6E74726F6C207374DD
:1073700061746520696E73696465207363656E6509
:10738000207461626C650A0025633A20536176655A
:107390002077696E646F7720636F766572696E67B8
:1073A00020737461746520696E736964652073630A
:1073B000656E65207461626C650A0025633A205A27
:1073C000425F5A434C5F5343454E45535F524543DA
:1073D000414C4C5F5343454E455F43425F49443AFD
:1073E0002067726F75705F6964203078257820732C
:1073F00063656E655F6964202568640A0025633AE9
:1074000020526563616C6C204F6E2F4F666620734F
:10741000746174650A0025633A20526563616C6C7F
:10742000206C6576656C20636F6E74726F6C207370
:10743000746174650A0025633A20526563616C6C5F
:107440002077696E646F7720636F766572696E6707
:10745000206C6966742073746174650A0025633A50
:1074600020526563616C6C2077696E646F7720636E
:107470006F766572696E672074696C7420737461CD
:1074800074650A0025633A205A425F5A434C5F53A1
:1074900043454E45535F4745545F5343454E455F13
:1074A0004D454D424552534849505F43425F494420
:1074B0003A2067726F75705F696420307825780AAA
:1074C0000025633A205A425F5A434C5F5343454E6E
:1074D00045535F494E5445524E414C5F52454D4FC6
:1074E00056455F414C4C5F5343454E45535F414CBD
:1074F0004C5F454E44504F494E54535F43425F49A1
:10750000443A2067726F75705F696420307825781F
:107510000A007A69676265655F7A636C5F736365A9
:107520006E657300574553545F544F504449522F72
:107530006E72662F7375627379732F7A69676265ED
:10754000652F6F7369662F7A625F6E72665F706C0B
:107550006174666F726D2E630025633A205A424F44
:10756000535320666174616C206572726F72206F74
:10757000636375727265640A007A626F7373007A6E
:10758000626F73735F6F73696600574553545F543E
:107590004F504449522F6E72662F73756273797320
:1075A0002F7A69676265652F6F7369662F7A625FEC
:1075B0006E72665F7472616E736365697665722E52
:1075C000630025633A2025733A2041434B206C65C4
:1075D0006E677468206572726F720A0025633A20C4
:1075E00025733A2041434B206672616D65207761B7
:1075F000732065787065637465640A0025633A20BA
:107600004F76657277726974696E6720756E68610E
:107610006E646C65642041434B206672616D652E1B
:107620000A0025633A204661696C656420746F2006
:10763000726561642041434B206672616D652E0A5C
:1076400000696565653830323135345F68616E6474
:107650006C655F61636B00574553545F544F5044F2
:1076600049522F6E72662F7375627379732F7A6920
:10767000676265652F6F7369662F7A625F6E7266E7
:107680005F63727970746F2E6300574553545F5473
:107690004F504449522F7A65706879722F696E6332
:1076A0006C7564652F7A65706879722F6372797072
:1076B000746F2F63727970746F2E680025633A209F
:1076C00043616E2774206F70656E205A424F53538A
:1076D000204E5652414D20666C6173682061726580
:1076E000610A0025633A2043616E2774206F70653C
:1076F0006E2070726F6475637420636F6E66696765
:1077000020666C61736820617265610A0025633AC6
:107710002052656164206572726F723A2025640A96
:107720000025633A205772697465206572726F7222
:107730003A2025640A0025633A204572617365206A
:107740006572726F723A2025640A0025633A2050F0
:10775000726F6420636F6E66206865616465722075
:1077600072656164206572726F723A2025640A0046
:1077700025633A2050726F6420636F6E66207265D5
:107780006164206572726F723A2025640A00574561
:1077900053545F544F504449522F6E72662F737585
:1077A000627379732F7A69676265652F6F73696693
:1077B0002F7A625F6E72665F74696D65725F636F68
:1077C000756E7465722E63006E72665F383032318A
:1077D00035345F636F6E6669677572650057455330
:1077E000545F544F504449522F6E72662F64726931
:1077F000766572732F6D70736C2F636C6F636B5F44
:10780000636F6E74726F6C2F6E7266785F636C6FED
:10781000636B5F6D70736C2E6300574553545F54F8
:107820004F504449522F6E72662F647269766572AA
:10783000732F6D70736C2F666C6173685F73796EF4
:10784000632F666C6173685F73796E635F6D7073CD
:107850006C2E630025633A206D70736C5F74696DE4
:1078600065736C6F745F73657373696F6E5F6F7050
:10787000656E206661696C65643A2025640A00259E
:10788000633A2074696D656F75740A00666C617384
:10789000685F73796E635F6D70736C0074656D7093
:1078A0004034303030633030300074656D705F6E5E
:1078B0007266355F6D70736C00574553545F544F5B
:1078C000504449522F7A65706879722F6D6F6475D4
:1078D0006C65732F68616C5F6E6F726469632F6E85
:1078E00072665F3830323135342F726164696F2FC0
:1078F000706C6174666F726D2F6E72665F383032B5
:107900003135345F72616E646F6D5F7A657068796E
:10791000722E6300574553545F544F504449522FC1
:107920007A65706879722F6D6F64756C65732F68F6
:10793000616C5F6E6F726469632F6E72665F383060
:10794000323135342F736C5F6F70656E736F757283
:1079500063652F706C6174666F726D2F6E72665FF7
:107960003830323135345F636C6F636B5F7A6570CA
:107970006879722E6300574553545F544F50444901
:10798000522F7A65706879722F6D6F64756C6573AC
:107990002F68616C5F6E6F726469632F6E72665FD1
:1079A0003830323135342F736C5F6F70656E736FA2
:1079B000757263652F706C6174666F726D2F6E7275
:1079C000665F3830323135345F74656D7065726171
:1079D000747572655F7A65706879722E63006E7275
:1079E000665F3830323135345F74656D7065726151
:1079F0007475726500574553545F544F5044495253
:107A00002F6E72662F6D6F64756C65732F6E726664
:107A1000786C69622F6E72665F3830323135342F80
:107A2000736C2F706C6174666F726D2F6E72665F0F
:107A30003830323135345F68705F74696D65722E2D
:107A40006300574553545F544F504449522F6E7250
:107A5000662F6D6F64756C65732F6E7266786C69D6
:107A6000622F6E72665F3830323135342F736C2F6F
:107A7000706C6174666F726D2F6E72665F38303233
:107A80003135345F706C6174666F726D5F736C5FFB
:107A90006C7074696D65725F7A65706879722E6357
:107AA00000000000000000000001000000000000D5
:107AB000574553545F544F504449522F6D6F64756E
:107AC0006C65732F68616C2F6E6F726469632F6EC3
:107AD0007266782F68616C2F6E72665F726164697E
:107AE0006F2E680000FFFFFFFFFFFFFF02FFFFFF99
:107AF000080000000000010100000000005745538D
:107B0000545F544F504449522F6D6F64756C6573C8
:107B10002F68616C2F6E6F726469632F6E72667866
:107B20002F68616C2F6E72665F6770696F74652E67
:107B30006800574553545F544F504449522F6D6F5E
:107B400064756C65732F68616C2F6E6F7264696306
:107B50002F6E7266782F647269766572732F7372F6
:107B6000632F6E7266785F6770696F74652E63004D
:107B70000020303030303030303030303030303045
:107B80000001574553545F544F504449522F6D6F75
:107B900064756C65732F68616C2F6E6F72646963B6
:107BA0002F6E7266782F647269766572732F7372A6
:107BB000632F6E7266785F6E766D632E6300574535
:107BC00053545F544F504449522F6D6F64756C6528
:107BD000732F68616C2F6E6F726469632F6E7266AB
:107BE000782F68616C2F6E72665F70776D2E6800FB
:107BF000574553545F544F504449522F6D6F64752D
:107C00006C65732F68616C2F6E6F726469632F6E81
:107C10007266782F647269766572732F7372632F40
:107C20006E7266785F70776D2E63005245545F4FB9
:107C30004B005245545F4552524F52005245545FDB
:107C4000424C4F434B4544005245545F45584954BC
:107C5000005245545F42555359005245545F454FB9
:107C600046005245545F4F55545F4F465F52414E58
:107C70004745005245545F454D50545900524554B4
:107C80005F43414E43454C4C4544005245545F4987
:107C90004E56414C49445F504152414D4554455226
:107CA0005F31005245545F494E56414C49445F5044
:107CB0004152414D455445525F32005245545F494F
:107CC0004E56414C49445F504152414D45544552F6
:107CD0005F33005245545F494E56414C49445F5012
:107CE0004152414D455445525F34005245545F491D
:107CF0004E56414C49445F504152414D45544552C6
:107D00005F36005245545F50454E44494E4700523D
:107D100045545F4E4F5F4D454D4F525900524554AB
:107D20005F494E56414C49445F504152414D455484
:107D30004552005245545F4F5045524154494F4EB1
:107D40005F4641494C4544005245545F42554646C2
:107D500045525F544F4F5F534D414C4C0052455478
:107D60005F454E445F4F465F4C4953540052455463
:107D70005F414C52454144595F4558495354530063
:107D80005245545F4E4F545F464F554E4400524546
:107D9000545F4F564552464C4F57005245545F541E
:107DA000494D454F5554005245545F4E4F545F491D
:107DB0004D504C454D454E544544005245545F4E40
:107DC0004F5F5245534F5552434553005245545F00
:107DD000554E494E495449414C495A454400524533
:107DE000545F494E56414C49445F535441544500F9
:107DF0005245545F434F4E4E454354494F4E5F46A4
:107E000041494C4544005245545F434F4E4E454313
:107E100054494F4E5F4C4F5354005245545F554E9A
:107E2000415554484F52495A4544005245545F43C6
:107E30004F4E464C494354005245545F494E5641BB
:107E40004C49445F464F524D4154005245545F4E99
:107E50004F5F4D41544348005245545F50524F5478
:107E60004F434F4C5F4552524F52005245545F565C
:107E7000455253494F4E005245545F46494C455F69
:107E80004E4F545F464F554E44005245545F434F4A
:107E90004E56455253494F4E5F4552524F52005233
:107EA00045545F46494C455F434F525255505445E7
:107EB00044005245545F504147455F4E4F545F4622
:107EC0004F554E44005245545F494C4C4547414C38
:107ED0005F52455155455354005245545F494E56E3
:107EE000414C49445F47524F5550005245545F54EE
:107EF00041424C455F46554C4C005245545F494702
:107F00004E4F5245005245545F414741494E005241
:107F100045545F4445564943455F4E4F545F464F75
:107F2000554E44005245545F4F42534F4C455445C3
:107F300000556E6B6E6F776E206572726F72206384
:107F40006F646500010203040006000000020304E0
:107F50000006574553545F544F504449522F7A6599
:107F6000706879722F6B65726E656C2F64657669C7
:107F700063652E6300556E6B6E6F776E206572724F
:107F80006F720025633A203E3E3E205A45504859C4
:107F90005220464154414C204552524F52202564B4
:107FA0003A202573206F6E204350552025640A0027
:107FB00025633A204661756C7420647572696E673A
:107FC00020696E746572727570742068616E646C7D
:107FD000696E670A0A0025633A2043757272656EFE
:107FE00074207468726561643A20257020282573B6
:107FF000290A00574553545F544F504449522F7A31
:1080000065706879722F6B65726E656C2F6661742E
:10801000616C2E6300435055206578636570746908
:108020006F6E00556E68616E646C656420696E7475
:1080300065727275707400537461636B206F76653E
:1080400072666C6F77004B65726E656C206F6F7037
:1080500073004B65726E656C2070616E69630057CA
:108060004553545F544F504449522F7A6570687994
:10807000722F6B65726E656C2F696E69742E63006A
:108080006D61696E006F7300574553545F544F50D4
:108090004449522F7A65706879722F6B65726E65EC
:1080A0006C2F6B686561702E6300574553545F54A5
:1080B0004F504449522F7A65706879722F6B657200
:1080C0006E656C2F6D656D5F736C61622E6300571A
:1080D0004553545F544F504449522F7A6570687924
:1080E000722F6B65726E656C2F69646C652E630010
:1080F000574553545F544F504449522F7A65706826
:1081000079722F6B65726E656C2F6D73675F712E60
:108110006300574553545F544F504449522F7A657A
:10812000706879722F6B65726E656C2F6D757465F2
:10813000782E6300574553545F544F504449522F93
:108140007A65706879722F6B65726E656C2F7365D6
:108150006D2E6300737973776F726B71005745539F
:10816000545F544F504449522F7A65706879722F8A
:108170006B65726E656C2F776F726B2E630057455F
:1081800053545F544F504449522F7A657068797246
:108190002F6B65726E656C2F7468726561642E63F7
:1081A00000574553545F544F504449522F7A6570DD
:1081B0006879722F6B65726E656C2F696E636C7572
:1081C00064652F6B7468726561642E68005745534F
:1081D000545F544F504449522F7A65706879722F1A
:1081E0006B65726E656C2F73636865642E630057F0
:1081F0004553545F544F504449522F7A6570687903
:10820000722F6B65726E656C2F696E636C75646539
:108210002F6B73636865642E6800574553545F5431
:108220004F504449522F7A65706879722F6B65728E
:108230006E656C2F74696D65736C6963696E672E0A
:108240006300574553545F544F504449522F7A6549
:10825000706879722F6B65726E656C2F74696D65CD
:108260006F75742E6300574553545F544F50444903
:10827000522F7A65706879722F6B65726E656C2FFC
:10828000706F6C6C2E6300574553545F544F5044CD
:1082900049522F7A65706879722F6B65726E656CC2
:1082A0002F6D656D706F6F6C2E630000010203040B
:1082B0000506131F5A6967426565416C6C69616EFA
:1082C0006365303900D0D1D2D3D4D5D6D7D8D9DA56
:1082D000DBDCDDDEDF00FFFFFFFFFFFFFFFF000055
:1082E00000000000000003020406080C1064726124
:1082F000676F6F6E2F6C6962732F73636865647547
:108300006C696E672F7372632F72656D5F68616C45
:108310005F6576656E745F74696D65722E6300B01B
:10832000EA56C88D83335088D0EB895665696D3C19
:10833000B0CEB90004000020A53D0000AB3D000018
:10834000D73D0000AF3D0000E13D0000B53D00001D
:10835000ED3D0000BB3D0000BD3D0000BF3D000005
:10836000CD3D0000D13D0000C33D0000C93D0000EF
:10837000DD3D0000E73D0000844C040001050500E0
:108380000000000025580000000000000000000070
:10839000F502002010000000200000002000000076
:1083A000040000000C000000200000000C00000091
:1083B00020000000DFB80300A971000000000000E9
:1083C00047C10300000000002BC10300BC4C0400A7
:1083D000BC0700203A000000D00700203A0000004F
:1083E000800700203A000000F80700203A00000053
:1083F000F9C303000000000000C2010000010300F7
:10840000E000002000000000D46E0020D36E0020A9
:10841000000000000000000000000000D56E0020F9
:1084200020000000000000001D7504000000000096
:1084300031BC00000000000000000000000000004F
:10844000000000000000000000000000000100002B
:108450002001002020010020200100200000000059
:108460000000000070C700200000000000000000B5
:1084700000000000000000000000000000000000FC
:1084800000100000A84A04000000000000000000E6
:1084900000000000000000000000000000000000DC
:1084A0000000000000000000D20000000090D00397
:1084B00000000000000000000000000000000000BC
:1084C00000000000000000000000000000000000AC
:1084D000000000000000000000000000000000009C
:1084E000000000000000000000000000000000008C
:1084F000000000000000000000000000000000007C
:10850000000000000000000000000000000000006B
:10851000000000000000000000000000000000005B
:1085200008000000FF000000000000000300000041
:10853000000000003F900700010000005379002078
:10854000000000000000000006000000EF04002012
:1085500004000000F504002003000000F9040020DE
:1085600001000000A879002008000000FC040020A1
:1085700000000000000000000600000004050020CC
:108580000000000000000000070000000A050020B5
:108590000600000011050020640200206402002093
:1085A0006C0200206C02002000000000798C0300A7
:1085B000B8020020B0020020A80200200000000045
:1085C000A00200203D8E0300898D0300BD8D0300B5
:1085D000058E0300604800203A00003A64480020FD
:1085E0003A00003A684800203A00003A6C480020FF
:1085F0003A00003AB44D0020CC0200208C0200204A
:1086000084020020800200207C020020AD9B030039
:10861000A19B0300959B03000300020003000300DD
:1086200003000200015C0000200A040100000000B9
:10863000000000000000000000062C0300201803CA
:10864000002002D8250020011E5200200A0401014A
:1086500001010600000003000500040006000800F8
:1086600003000300C704002001000059820100003C
:10867000000E00D6030020010000755A010005001D
:10868000070063040020010000DDA40100040003D2
:1086900000A9040020010000718001000600030011
:1086A000B8030020010000E18D01000800050086EC
:1086B000030020010000AD850100FDFF2101FFFF47
:1086C000E402002000002015FFFFF8510020010007
:1086D0002101FFFFFA510020FFEF0040FFFF605132
:1086E0000020FFFF0000FFFF00000000FDFF210150
:1086F000FFFFE602002000001015FFFFF7510020E9
:10870000FFFF0000FFFF00000000FDFF2101FFFF51
:10871000E802002000002001FFFF7251002001004C
:108720002001FFFF7351002002002001FFFF745160
:10873000002003002001FFFF7551002004004201CA
:10874000FFFF7651002005004201FFFF97510020F6
:1087500006004201FFFFB851002007003001FFFF73
:10876000C951002000404201FFFFDC5100201200EF
:108770001003FFFF6204002010004203FFFFCA51F4
:10878000002011003003FFFFDB510020FFFF00003D
:10879000FFFF0000000001FDFF2101FFFFEA0200D2
:1087A0002000002001FFFFF051002001002001FF08
:1087B000FFF151002002002101FFFFF451002003CE
:1087C000001001FFFFF251002004001801FFFFF329
:1087D000510020FFFF0000FFFF00000000FDFF210F
:1087E00001FFFFEC02002000001801FFFFF651001E
:1087F00020FFFF0000FFFF00000000FDFF2101FF40
:10880000FFEE02002000002103FFFFEE510020FFD9
:10881000FF0000FFFF00000000FF1818010804809F
:108820000014FF00010203040500010203000140DF
:108830000001020304050607000102404142000155
:108840000203040506000102030406020202FFFF00
:108850003DD203002BDE030000000000BFC2030076
:10886000944A0400C9CF030000000000BFC2030007
:1088700000000000BFC2030000000000BFC20300F0
:10888000493601002BDE030000000000BFC20300D8
:1088900000000000BFC2030000000000BFC20300D0
:1088A000A84A0400E193000000000000BFC20300DA
:1088B00000000000BFC20300842D0020499A000080
:1088C00000000000BFC2030000000000BFC20300A0
:1088D00000000000BFC20300000000007956000045
:1088E00000000000BFC2030000000000BFC2030080
:1088F00000000000BFC2030000000000BFC2030070
:1089000000000000BFC2030000000000BFC203005F
:1089100000000000BFC2030000000000BDB4000062
:1089200000000000BFC2030000000000BFC203003F
:1089300000000000BFC2030000000000BFC203002F
:1089400000000000BFC2030000000000BFC203001F
:1089500000000000BFC2030000000000BFC203000F
:1089600000000000BFC2030000000000BFC20300FF
:1089700000000000BFC2030000000000BFC20300EF
:1089800000000000BFC2030000000000BFC20300DF
:1089900000000000BFC2030000000000BFC20300CF
:1089A00000000000BFC2030000000000BFC20300BF
:1089B00000000000BFC2030000000000BFC20300AF
:1089C00000000000BFC2030000000000BFC203009F
:1089D0000000000000000000000000000000000097
:1089E0000000000000000000FFFFFFFF000000008B
:1089F00000000000B1D901000000000000000000EC
:108A000000000000D0060020D00600206D570000B6
:108A10000000000000000000000000000000000056
:108A2000000000000000000000000000B1D90100BB
:108A30000000000000000000000000000807002007
:108A4000080700200D580000000000000000000092
:108A500000000000000000000000000028070020C7
:108A6000280700200000000040C500200000000092
:108A70000400000050000000000000004807002033
:108A8000480700200000000000C400200000000093
:108A90000400000050000000000000000000000082
:108AA00080A8002000080000000000000000000076
:108AB0000000000080070020800700200000000068
:108AC000000000000E000000940700209407002022
:108AD00000000000000000000E000000A8070020B9
:108AE000A807002000000000000000000E000000A9
:108AF000BC070020BC0700200000000000000000B0
:108B00000E000000D0070020D00700200000000069
:108B1000000000000E000000E4070020E407002031
:108B200000000000000000000E000000F807002018
:108B3000F807002000000000000000000E00000008
:108B40000C0800200C0800200000000000000000BD
:108B50000E00000020080020200800200000000077
:108B6000180000000A00000080C6002070C7002026
:108B700080C6002080C600200000000048080020B9
:108B80004808002000000000000000000000000075
:108B90000000000060080020600800206808002035
:108BA0006808002000000000100010000400000011
:108BB00000000000704D040040C2002000000000D2
:108BC000000000000000000094080020940800202D
:108BD0009C0800209C0800200000000010001000ED
:108BE0000400000000000000604D040080B8002078
:108BF000F808002000000000000000000000000055
:108C00000000000000000000000000000000000064
:108C10000000000000000000000000000000000054
:108C2000000000000000000000000000F84A0400FE
:108C300014090020102E0020000200000000000097
:108C4000000000007F00000065CE00000000000072
:0C8C500000000000E5D1030015E015E075
:00000001FF
